x1,x2,z
20,20,1.43443e+09
20,20.1,1.41761e+09
20,20.2,1.40083e+09
20,20.3,1.38411e+09
20,20.4,1.36743e+09
20,20.5,1.3508e+09
20,20.6,1.33423e+09
20,20.7,1.3177e+09
20,20.8,1.30123e+09
20,20.9,1.28481e+09
20,21,1.26845e+09
20,21.1,1.25214e+09
20,21.2,1.23589e+09
20,21.3,1.21969e+09
20,21.4,1.20356e+09
20,21.5,1.18748e+09
20,21.6,1.17146e+09
20,21.7,1.15551e+09
20,21.8,1.13961e+09
20,21.9,1.12378e+09
20,22,1.10802e+09
20,22.1,1.09232e+09
20,22.2,1.07669e+09
20,22.3,1.06112e+09
20,22.4,1.04562e+09
20,22.5,1.03019e+09
20,22.6,1.01483e+09
20,22.7,9.99544e+08
20,22.8,9.84329e+08
20,22.9,9.69187e+08
20,23,9.54119e+08
20,23.1,9.39126e+08
20,23.2,9.2421e+08
20,23.3,9.09371e+08
20,23.4,8.94611e+08
20,23.5,8.7993e+08
20,23.6,8.65329e+08
20,23.7,8.5081e+08
20,23.8,8.36373e+08
20,23.9,8.2202e+08
20,24,8.07751e+08
20,24.1,7.93568e+08
20,24.2,7.79472e+08
20,24.3,7.65463e+08
20,24.4,7.51544e+08
20,24.5,7.37714e+08
20,24.6,7.23975e+08
20,24.7,7.10328e+08
20,24.8,6.96774e+08
20,24.9,6.83314e+08
20,25,6.6995e+08
20,25.1,6.56681e+08
20,25.2,6.4351e+08
20,25.3,6.30438e+08
20,25.4,6.17465e+08
20,25.5,6.04592e+08
20,25.6,5.91821e+08
20,25.7,5.79154e+08
20,25.8,5.66589e+08
20,25.9,5.5413e+08
20,26,5.41777e+08
20,26.1,5.29532e+08
20,26.2,5.17394e+08
20,26.3,5.05366e+08
20,26.4,4.93448e+08
20,26.5,4.81642e+08
20,26.6,4.69949e+08
20,26.7,4.5837e+08
20,26.8,4.46906e+08
20,26.9,4.35557e+08
20,27,4.24327e+08
20,27.1,4.13214e+08
20,27.2,4.02221e+08
20,27.3,3.91349e+08
20,27.4,3.96273e+08
20,27.5,3.73666e+08
20,27.6,3.66784e+08
20,27.7,3.59952e+08
20,27.8,3.53172e+08
20,27.9,3.46444e+08
20,28,3.39767e+08
20,28.1,3.33142e+08
20,28.2,3.26571e+08
20,28.3,3.20052e+08
20,28.4,3.13587e+08
20,28.5,3.07175e+08
20,28.6,3.00818e+08
20,28.7,2.94515e+08
20,28.8,2.88267e+08
20,28.9,2.82075e+08
20,29,2.75938e+08
20,29.1,2.69857e+08
20,29.2,2.63833e+08
20,29.3,2.57866e+08
20,29.4,2.51956e+08
20,29.5,2.46104e+08
20,29.6,2.40309e+08
20,29.7,2.34573e+08
20,29.8,2.28896e+08
20,29.9,2.23279e+08
20,30,2.1772e+08
20,30.1,2.12222e+08
20,30.2,2.06784e+08
20,30.3,2.01407e+08
20,30.4,1.96091e+08
20,30.5,1.90837e+08
20,30.6,1.85645e+08
20,30.7,1.80515e+08
20,30.8,1.75447e+08
20,30.9,1.70443e+08
20,31,1.65503e+08
20,31.1,1.60626e+08
20,31.2,1.55814e+08
20,31.3,1.51067e+08
20,31.4,1.46384e+08
20,31.5,1.41768e+08
20,31.6,1.37217e+08
20,31.7,1.32733e+08
20,31.8,1.28315e+08
20,31.9,1.23965e+08
20,32,1.19682e+08
20,32.1,1.15467e+08
20,32.2,1.11321e+08
20,32.3,1.07243e+08
20,32.4,1.03235e+08
20,32.5,9.92958e+07
20,32.6,9.54271e+07
20,32.7,9.16288e+07
20,32.8,8.79014e+07
20,32.9,8.42453e+07
20,33,8.06608e+07
20,33.1,7.71484e+07
20,33.2,7.37086e+07
20,33.3,7.03417e+07
20,33.4,6.70482e+07
20,33.5,6.38284e+07
20,33.6,6.06828e+07
20,33.7,5.76118e+07
20,33.8,5.46158e+07
20,33.9,5.16953e+07
20,34,4.88506e+07
20,34.1,4.60822e+07
20,34.2,4.33905e+07
20,34.3,4.0776e+07
20,34.4,3.8239e+07
20,34.5,3.57799e+07
20,34.6,3.33993e+07
20,34.7,3.10975e+07
20,34.8,2.8875e+07
20,34.9,2.67321e+07
20,35,2.46694e+07
20,35.1,2.26872e+07
20,35.2,2.07859e+07
20,35.3,1.89661e+07
20,35.4,1.72281e+07
20,35.5,1.55723e+07
20,35.6,1.39993e+07
20,35.7,1.25094e+07
20,35.8,1.1103e+07
20,35.9,9.78063e+06
20,36,8.54269e+06
20,36.1,7.38962e+06
20,36.2,6.32185e+06
20,36.3,5.33982e+06
20,36.4,4.44398e+06
20,36.5,3.63475e+06
20,36.6,2.91258e+06
20,36.7,2.27791e+06
20,36.8,1.73118e+06
20,36.9,1.27284e+06
20,37,903312
20,37.1,623058
20,37.2,432516
20,37.3,332131
20,37.4,322348
20,37.5,403615
20,37.6,576378
20,37.7,841085
20,37.8,1.19818e+06
20,37.9,1.64813e+06
20,38,2.19136e+06
20,38.1,2.82833e+06
20,38.2,3.5595e+06
20,38.3,4.38532e+06
20,38.4,5.30623e+06
20,38.5,6.3227e+06
20,38.6,7.43517e+06
20,38.7,8.64411e+06
20,38.8,9.94996e+06
20,38.9,1.13532e+07
20,39,1.28543e+07
20,39.1,1.44536e+07
20,39.2,1.61517e+07
20,39.3,1.7949e+07
20,39.4,1.9846e+07
20,39.5,2.18431e+07
20,39.6,2.39408e+07
20,39.7,2.61395e+07
20,39.8,2.84398e+07
20,39.9,3.0842e+07
20.1,20,1.41605e+09
20.1,20.1,1.39409e+09
20.1,20.2,1.37744e+09
20.1,20.3,1.36084e+09
20.1,20.4,1.3443e+09
20.1,20.5,1.3278e+09
20.1,20.6,1.31135e+09
20.1,20.7,1.29496e+09
20.1,20.8,1.27861e+09
20.1,20.9,1.26233e+09
20.1,21,1.24609e+09
20.1,21.1,1.22992e+09
20.1,21.2,1.2138e+09
20.1,21.3,1.19774e+09
20.1,21.4,1.18174e+09
20.1,21.5,1.1658e+09
20.1,21.6,1.14991e+09
20.1,21.7,1.1341e+09
20.1,21.8,1.11834e+09
20.1,21.9,1.10265e+09
20.1,22,1.08702e+09
20.1,22.1,1.07146e+09
20.1,22.2,1.05596e+09
20.1,22.3,1.04054e+09
20.1,22.4,1.02518e+09
20.1,22.5,1.00989e+09
20.1,22.6,9.94673e+08
20.1,22.7,9.79527e+08
20.1,22.8,9.64454e+08
20.1,22.9,9.49456e+08
20.1,23,9.34532e+08
20.1,23.1,9.19684e+08
20.1,23.2,9.04913e+08
20.1,23.3,8.9022e+08
20.1,23.4,8.75606e+08
20.1,23.5,8.61072e+08
20.1,23.6,8.46619e+08
20.1,23.7,8.32248e+08
20.1,23.8,8.17961e+08
20.1,23.9,8.03757e+08
20.1,24,7.89639e+08
20.1,24.1,7.75607e+08
20.1,24.2,7.61662e+08
20.1,24.3,7.47806e+08
20.1,24.4,7.34039e+08
20.1,24.5,7.20362e+08
20.1,24.6,7.06777e+08
20.1,24.7,6.93285e+08
20.1,24.8,6.79886e+08
20.1,24.9,6.66582e+08
20.1,25,6.53374e+08
20.1,25.1,6.40263e+08
20.1,25.2,6.2725e+08
20.1,25.3,6.14336e+08
20.1,25.4,6.01522e+08
20.1,25.5,5.88809e+08
20.1,25.6,5.76199e+08
20.1,25.7,5.63691e+08
20.1,25.8,5.51289e+08
20.1,25.9,5.38992e+08
20.1,26,5.26802e+08
20.1,26.1,5.1472e+08
20.1,26.2,5.02746e+08
20.1,26.3,4.90883e+08
20.1,26.4,4.79131e+08
20.1,26.5,4.67491e+08
20.1,26.6,4.55964e+08
20.1,26.7,4.44552e+08
20.1,26.8,4.33256e+08
20.1,26.9,4.22076e+08
20.1,27,4.11015e+08
20.1,27.1,4.00072e+08
20.1,27.2,3.8925e+08
20.1,27.3,3.78549e+08
20.1,27.4,3.83385e+08
20.1,27.5,3.61147e+08
20.1,27.6,3.54376e+08
20.1,27.7,3.47655e+08
20.1,27.8,3.40986e+08
20.1,27.9,3.34368e+08
20.1,28,3.27803e+08
20.1,28.1,3.21291e+08
20.1,28.2,3.14831e+08
20.1,28.3,3.08425e+08
20.1,28.4,3.02073e+08
20.1,28.5,2.95775e+08
20.1,28.6,2.89531e+08
20.1,28.7,2.83343e+08
20.1,28.8,2.7721e+08
20.1,28.9,2.71132e+08
20.1,29,2.6511e+08
20.1,29.1,2.59145e+08
20.1,29.2,2.53237e+08
20.1,29.3,2.47386e+08
20.1,29.4,2.41593e+08
20.1,29.5,2.35858e+08
20.1,29.6,2.30181e+08
20.1,29.7,2.24563e+08
20.1,29.8,2.19004e+08
20.1,29.9,2.13504e+08
20.1,30,2.08065e+08
20.1,30.1,2.02686e+08
20.1,30.2,1.97368e+08
20.1,30.3,1.9211e+08
20.1,30.4,1.86915e+08
20.1,30.5,1.81781e+08
20.1,30.6,1.7671e+08
20.1,30.7,1.71701e+08
20.1,30.8,1.66756e+08
20.1,30.9,1.61874e+08
20.1,31,1.57056e+08
20.1,31.1,1.52302e+08
20.1,31.2,1.47613e+08
20.1,31.3,1.42989e+08
20.1,31.4,1.38431e+08
20.1,31.5,1.33938e+08
20.1,31.6,1.29512e+08
20.1,31.7,1.25153e+08
20.1,31.8,1.20861e+08
20.1,31.9,1.16636e+08
20.1,32,1.12479e+08
20.1,32.1,1.08391e+08
20.1,32.2,1.04371e+08
20.1,32.3,1.00421e+08
20.1,32.4,9.65403e+07
20.1,32.5,9.27295e+07
20.1,32.6,8.89891e+07
20.1,32.7,8.53196e+07
20.1,32.8,8.17213e+07
20.1,32.9,7.81946e+07
20.1,33,7.474e+07
20.1,33.1,7.13578e+07
20.1,33.2,6.80486e+07
20.1,33.3,6.48126e+07
20.1,33.4,6.16504e+07
20.1,33.5,5.85623e+07
20.1,33.6,5.55488e+07
20.1,33.7,5.26103e+07
20.1,33.8,4.97471e+07
20.1,33.9,4.69598e+07
20.1,34,4.42487e+07
20.1,34.1,4.16143e+07
20.1,34.2,3.9057e+07
20.1,34.3,3.65771e+07
20.1,34.4,3.41752e+07
20.1,34.5,3.18517e+07
20.1,34.6,2.96069e+07
20.1,34.7,2.74413e+07
20.1,34.8,2.53554e+07
20.1,34.9,2.33495e+07
20.1,35,2.14242e+07
20.1,35.1,1.95797e+07
20.1,35.2,1.78166e+07
20.1,35.3,1.61353e+07
20.1,35.4,1.45362e+07
20.1,35.5,1.30197e+07
20.1,35.6,1.15863e+07
20.1,35.7,1.02364e+07
20.1,35.8,8.97046e+06
20.1,35.9,7.78889e+06
20.1,36,6.69214e+06
20.1,36.1,5.68064e+06
20.1,36.2,4.75483e+06
20.1,36.3,3.91514e+06
20.1,36.4,3.16202e+06
20.1,36.5,2.49591e+06
20.1,36.6,1.91723e+06
20.1,36.7,1.42645e+06
20.1,36.8,1.02399e+06
20.1,36.9,710295
20.1,37,485815
20.1,37.1,350991
20.1,37.2,306267
20.1,37.3,352089
20.1,37.4,488902
20.1,37.5,717153
20.1,37.6,1.03729e+06
20.1,37.7,1.44976e+06
20.1,37.8,1.95501e+06
20.1,37.9,2.5535e+06
20.1,38,3.24567e+06
20.1,38.1,4.03197e+06
20.1,38.2,4.91285e+06
20.1,38.3,5.88878e+06
20.1,38.4,6.9602e+06
20.1,38.5,8.12756e+06
20.1,38.6,9.39132e+06
20.1,38.7,1.07519e+07
20.1,38.8,1.22099e+07
20.1,38.9,1.37656e+07
20.1,39,1.54195e+07
20.1,39.1,1.71721e+07
20.1,39.2,1.90238e+07
20.1,39.3,2.09752e+07
20.1,39.4,2.30266e+07
20.1,39.5,2.51786e+07
20.1,39.6,2.74315e+07
20.1,39.7,2.97859e+07
20.1,39.8,3.22422e+07
20.1,39.9,3.48008e+07
20.2,20,1.39773e+09
20.2,20.1,1.3759e+09
20.2,20.2,1.35417e+09
20.2,20.3,1.3377e+09
20.2,20.4,1.32128e+09
20.2,20.5,1.30491e+09
20.2,20.6,1.2886e+09
20.2,20.7,1.27233e+09
20.2,20.8,1.25612e+09
20.2,20.9,1.23997e+09
20.2,21,1.22387e+09
20.2,21.1,1.20782e+09
20.2,21.2,1.19184e+09
20.2,21.3,1.17591e+09
20.2,21.4,1.16005e+09
20.2,21.5,1.14424e+09
20.2,21.6,1.1285e+09
20.2,21.7,1.11281e+09
20.2,21.8,1.09719e+09
20.2,21.9,1.08164e+09
20.2,22,1.06615e+09
20.2,22.1,1.05073e+09
20.2,22.2,1.03537e+09
20.2,22.3,1.02009e+09
20.2,22.4,1.00487e+09
20.2,22.5,9.89725e+08
20.2,22.6,9.7465e+08
20.2,22.7,9.59647e+08
20.2,22.8,9.44718e+08
20.2,22.9,9.29864e+08
20.2,23,9.15085e+08
20.2,23.1,9.00382e+08
20.2,23.2,8.85757e+08
20.2,23.3,8.71211e+08
20.2,23.4,8.56744e+08
20.2,23.5,8.42358e+08
20.2,23.6,8.28054e+08
20.2,23.7,8.13832e+08
20.2,23.8,7.99694e+08
20.2,23.9,7.85641e+08
20.2,24,7.71674e+08
20.2,24.1,7.57793e+08
20.2,24.2,7.44001e+08
20.2,24.3,7.30297e+08
20.2,24.4,7.16684e+08
20.2,24.5,7.03162e+08
20.2,24.6,6.89731e+08
20.2,24.7,6.76395e+08
20.2,24.8,6.63152e+08
20.2,24.9,6.50005e+08
20.2,25,6.36954e+08
20.2,25.1,6.24001e+08
20.2,25.2,6.11146e+08
20.2,25.3,5.98391e+08
20.2,25.4,5.85737e+08
20.2,25.5,5.73184e+08
20.2,25.6,5.60735e+08
20.2,25.7,5.4839e+08
20.2,25.8,5.36149e+08
20.2,25.9,5.24016e+08
20.2,26,5.11989e+08
20.2,26.1,5.00071e+08
20.2,26.2,4.88262e+08
20.2,26.3,4.76565e+08
20.2,26.4,4.64979e+08
20.2,26.5,4.53506e+08
20.2,26.6,4.42147e+08
20.2,26.7,4.30903e+08
20.2,26.8,4.19775e+08
20.2,26.9,4.08765e+08
20.2,27,3.97873e+08
20.2,27.1,3.87101e+08
20.2,27.2,3.7645e+08
20.2,27.3,3.65921e+08
20.2,27.4,3.7067e+08
20.2,27.5,3.48803e+08
20.2,27.6,3.42142e+08
20.2,27.7,3.35533e+08
20.2,27.8,3.28975e+08
20.2,27.9,3.22469e+08
20.2,28,3.16017e+08
20.2,28.1,3.09617e+08
20.2,28.2,3.0327e+08
20.2,28.3,2.96978e+08
20.2,28.4,2.90739e+08
20.2,28.5,2.84555e+08
20.2,28.6,2.78426e+08
20.2,28.7,2.72352e+08
20.2,28.8,2.66334e+08
20.2,28.9,2.60372e+08
20.2,29,2.54466e+08
20.2,29.1,2.48617e+08
20.2,29.2,2.42826e+08
20.2,29.3,2.37092e+08
20.2,29.4,2.31416e+08
20.2,29.5,2.25798e+08
20.2,29.6,2.20239e+08
20.2,29.7,2.14739e+08
20.2,29.8,2.09299e+08
20.2,29.9,2.03919e+08
20.2,30,1.98599e+08
20.2,30.1,1.9334e+08
20.2,30.2,1.88142e+08
20.2,30.3,1.83005e+08
20.2,30.4,1.7793e+08
20.2,30.5,1.72918e+08
20.2,30.6,1.67968e+08
20.2,30.7,1.63081e+08
20.2,30.8,1.58258e+08
20.2,30.9,1.53499e+08
20.2,31,1.48804e+08
20.2,31.1,1.44174e+08
20.2,31.2,1.39609e+08
20.2,31.3,1.35109e+08
20.2,31.4,1.30675e+08
20.2,31.5,1.26308e+08
20.2,31.6,1.22007e+08
20.2,31.7,1.17773e+08
20.2,31.8,1.13607e+08
20.2,31.9,1.09509e+08
20.2,32,1.05479e+08
20.2,32.1,1.01518e+08
20.2,32.2,9.76258e+07
20.2,32.3,9.38033e+07
20.2,32.4,9.00507e+07
20.2,32.5,8.63686e+07
20.2,32.6,8.27572e+07
20.2,32.7,7.9217e+07
20.2,32.8,7.57484e+07
20.2,32.9,7.23519e+07
20.2,33,6.90278e+07
20.2,33.1,6.57765e+07
20.2,33.2,6.25985e+07
20.2,33.3,5.94942e+07
20.2,33.4,5.64639e+07
20.2,33.5,5.35082e+07
20.2,33.6,5.06274e+07
20.2,33.7,4.7822e+07
20.2,33.8,4.50923e+07
20.2,33.9,4.24389e+07
20.2,34,3.98621e+07
20.2,34.1,3.73622e+07
20.2,34.2,3.49399e+07
20.2,34.3,3.25954e+07
20.2,34.4,3.03293e+07
20.2,34.5,2.81419e+07
20.2,34.6,2.60336e+07
20.2,34.7,2.4005e+07
20.2,34.8,2.20563e+07
20.2,34.9,2.01881e+07
20.2,35,1.84008e+07
20.2,35.1,1.66947e+07
20.2,35.2,1.50704e+07
20.2,35.3,1.35283e+07
20.2,35.4,1.20687e+07
20.2,35.5,1.06922e+07
20.2,35.6,9.39911e+06
20.2,35.7,8.18993e+06
20.2,35.8,7.06508e+06
20.2,35.9,6.025e+06
20.2,36,5.07011e+06
20.2,36.1,4.20086e+06
20.2,36.2,3.41768e+06
20.2,36.3,2.72101e+06
20.2,36.4,2.11129e+06
20.2,36.5,1.58897e+06
20.2,36.6,1.15447e+06
20.2,36.7,808248
20.2,36.8,550738
20.2,36.9,382385
20.2,37,303632
20.2,37.1,314923
20.2,37.2,416703
20.2,37.3,609418
20.2,37.4,893513
20.2,37.5,1.26944e+06
20.2,37.6,1.73764e+06
20.2,37.7,2.29856e+06
20.2,37.8,2.95266e+06
20.2,37.9,3.70038e+06
20.2,38,4.54217e+06
20.2,38.1,5.47849e+06
20.2,38.2,6.50979e+06
20.2,38.3,7.63652e+06
20.2,38.4,8.85913e+06
20.2,38.5,1.01781e+07
20.2,38.6,1.15938e+07
20.2,38.7,1.31068e+07
20.2,38.8,1.47175e+07
20.2,38.9,1.64264e+07
20.2,39,1.82339e+07
20.2,39.1,2.01404e+07
20.2,39.2,2.21466e+07
20.2,39.3,2.42527e+07
20.2,39.4,2.64592e+07
20.2,39.5,2.87667e+07
20.2,39.6,3.11756e+07
20.2,39.7,3.36863e+07
20.2,39.8,3.62994e+07
20.2,39.9,3.90152e+07
20.3,20,1.37948e+09
20.3,20.1,1.35778e+09
20.3,20.2,1.33618e+09
20.3,20.3,1.31468e+09
20.3,20.4,1.29839e+09
20.3,20.5,1.28215e+09
20.3,20.6,1.26597e+09
20.3,20.7,1.24983e+09
20.3,20.8,1.23376e+09
20.3,20.9,1.21773e+09
20.3,21,1.20177e+09
20.3,21.1,1.18586e+09
20.3,21.2,1.17001e+09
20.3,21.3,1.15422e+09
20.3,21.4,1.13849e+09
20.3,21.5,1.12282e+09
20.3,21.6,1.10721e+09
20.3,21.7,1.09166e+09
20.3,21.8,1.07618e+09
20.3,21.9,1.06077e+09
20.3,22,1.04542e+09
20.3,22.1,1.03014e+09
20.3,22.2,1.01492e+09
20.3,22.3,9.99777e+08
20.3,22.4,9.84702e+08
20.3,22.5,9.69698e+08
20.3,22.6,9.54766e+08
20.3,22.7,9.39907e+08
20.3,22.8,9.25122e+08
20.3,22.9,9.10413e+08
20.3,23,8.95779e+08
20.3,23.1,8.81223e+08
20.3,23.2,8.66745e+08
20.3,23.3,8.52346e+08
20.3,23.4,8.38027e+08
20.3,23.5,8.2379e+08
20.3,23.6,8.09635e+08
20.3,23.7,7.95563e+08
20.3,23.8,7.81576e+08
20.3,23.9,7.67674e+08
20.3,24,7.53858e+08
20.3,24.1,7.4013e+08
20.3,24.2,7.26491e+08
20.3,24.3,7.12941e+08
20.3,24.4,6.99481e+08
20.3,24.5,6.86114e+08
20.3,24.6,6.72839e+08
20.3,24.7,6.59659e+08
20.3,24.8,6.46573e+08
20.3,24.9,6.33583e+08
20.3,25,6.2069e+08
20.3,25.1,6.07895e+08
20.3,25.2,5.952e+08
20.3,25.3,5.82605e+08
20.3,25.4,5.70111e+08
20.3,25.5,5.5772e+08
20.3,25.6,5.45433e+08
20.3,25.7,5.3325e+08
20.3,25.8,5.21173e+08
20.3,25.9,5.09203e+08
20.3,26,4.97341e+08
20.3,26.1,4.85588e+08
20.3,26.2,4.73945e+08
20.3,26.3,4.62413e+08
20.3,26.4,4.50994e+08
20.3,26.5,4.39689e+08
20.3,26.6,4.28498e+08
20.3,26.7,4.17423e+08
20.3,26.8,4.06465e+08
20.3,26.9,3.95625e+08
20.3,27,3.84904e+08
20.3,27.1,3.74304e+08
20.3,27.2,3.63825e+08
20.3,27.3,3.53469e+08
20.3,27.4,3.58129e+08
20.3,27.5,3.36635e+08
20.3,27.6,3.30086e+08
20.3,27.7,3.23588e+08
20.3,27.8,3.17142e+08
20.3,27.9,3.10749e+08
20.3,28,3.04409e+08
20.3,28.1,2.98123e+08
20.3,28.2,2.9189e+08
20.3,28.3,2.85711e+08
20.3,28.4,2.79587e+08
20.3,28.5,2.73518e+08
20.3,28.6,2.67504e+08
20.3,28.7,2.61545e+08
20.3,28.8,2.55643e+08
20.3,28.9,2.49797e+08
20.3,29,2.44007e+08
20.3,29.1,2.38275e+08
20.3,29.2,2.32601e+08
20.3,29.3,2.26984e+08
20.3,29.4,2.21426e+08
20.3,29.5,2.15927e+08
20.3,29.6,2.10487e+08
20.3,29.7,2.05106e+08
20.3,29.8,1.99785e+08
20.3,29.9,1.94524e+08
20.3,30,1.89324e+08
20.3,30.1,1.84186e+08
20.3,30.2,1.79108e+08
20.3,30.3,1.74093e+08
20.3,30.4,1.6914e+08
20.3,30.5,1.64249e+08
20.3,30.6,1.59422e+08
20.3,30.7,1.54658e+08
20.3,30.8,1.49958e+08
20.3,30.9,1.45322e+08
20.3,31,1.40751e+08
20.3,31.1,1.36244e+08
20.3,31.2,1.31804e+08
20.3,31.3,1.27429e+08
20.3,31.4,1.2312e+08
20.3,31.5,1.18878e+08
20.3,31.6,1.14703e+08
20.3,31.7,1.10596e+08
20.3,31.8,1.06557e+08
20.3,31.9,1.02585e+08
20.3,32,9.86829e+07
20.3,32.1,9.48495e+07
20.3,32.2,9.10856e+07
20.3,32.3,8.73917e+07
20.3,32.4,8.37681e+07
20.3,32.5,8.02152e+07
20.3,32.6,7.67334e+07
20.3,32.7,7.33233e+07
20.3,32.8,6.99851e+07
20.3,32.9,6.67193e+07
20.3,33,6.35263e+07
20.3,33.1,6.04066e+07
20.3,33.2,5.73604e+07
20.3,33.3,5.43884e+07
20.3,33.4,5.14908e+07
20.3,33.5,4.86681e+07
20.3,33.6,4.59207e+07
20.3,33.7,4.32491e+07
20.3,33.8,4.06535e+07
20.3,33.9,3.81346e+07
20.3,34,3.56927e+07
20.3,34.1,3.33282e+07
20.3,34.2,3.10415e+07
20.3,34.3,2.88331e+07
20.3,34.4,2.67033e+07
20.3,34.5,2.46527e+07
20.3,34.6,2.26816e+07
20.3,34.7,2.07905e+07
20.3,34.8,1.89798e+07
20.3,34.9,1.72499e+07
20.3,35,1.56013e+07
20.3,35.1,1.40343e+07
20.3,35.2,1.25495e+07
20.3,35.3,1.11472e+07
20.3,35.4,9.82788e+06
20.3,35.5,8.59197e+06
20.3,35.6,7.4399e+06
20.3,35.7,6.37211e+06
20.3,35.8,5.38903e+06
20.3,35.9,4.49109e+06
20.3,36,3.67874e+06
20.3,36.1,2.95242e+06
20.3,36.2,2.31255e+06
20.3,36.3,1.75958e+06
20.3,36.4,1.29395e+06
20.3,36.5,916090
20.3,36.6,626452
20.3,36.7,425474
20.3,36.8,313599
20.3,36.9,291268
20.3,37,358926
20.3,37.1,517018
20.3,37.2,765988
20.3,37.3,1.10628e+06
20.3,37.4,1.53835e+06
20.3,37.5,2.06263e+06
20.3,37.6,2.67958e+06
20.3,37.7,3.38965e+06
20.3,37.8,4.19328e+06
20.3,37.9,5.09093e+06
20.3,38,6.08305e+06
20.3,38.1,7.17008e+06
20.3,38.2,8.35248e+06
20.3,38.3,9.63071e+06
20.3,38.4,1.10052e+07
20.3,38.5,1.24765e+07
20.3,38.6,1.40449e+07
20.3,38.7,1.5711e+07
20.3,38.8,1.74751e+07
20.3,38.9,1.93379e+07
20.3,39,2.12996e+07
20.3,39.1,2.33609e+07
20.3,39.2,2.5522e+07
20.3,39.3,2.77836e+07
20.3,39.4,3.0146e+07
20.3,39.5,3.26097e+07
20.3,39.6,3.51753e+07
20.3,39.7,3.7843e+07
20.3,39.8,4.06135e+07
20.3,39.9,4.34872e+07
20.4,20,1.3613e+09
20.4,20.1,1.33974e+09
20.4,20.2,1.31827e+09
20.4,20.3,1.2969e+09
20.4,20.4,1.27563e+09
20.4,20.5,1.25952e+09
20.4,20.6,1.24346e+09
20.4,20.7,1.22746e+09
20.4,20.8,1.21152e+09
20.4,20.9,1.19563e+09
20.4,21,1.1798e+09
20.4,21.1,1.16402e+09
20.4,21.2,1.14831e+09
20.4,21.3,1.13265e+09
20.4,21.4,1.11706e+09
20.4,21.5,1.10153e+09
20.4,21.6,1.08605e+09
20.4,21.7,1.07065e+09
20.4,21.8,1.05531e+09
20.4,21.9,1.04003e+09
20.4,22,1.02482e+09
20.4,22.1,1.00968e+09
20.4,22.2,9.94607e+08
20.4,22.3,9.79604e+08
20.4,22.4,9.64672e+08
20.4,22.5,9.49811e+08
20.4,22.6,9.35023e+08
20.4,22.7,9.20309e+08
20.4,22.8,9.05669e+08
20.4,22.9,8.91105e+08
20.4,23,8.76618e+08
20.4,23.1,8.62209e+08
20.4,23.2,8.47878e+08
20.4,23.3,8.33627e+08
20.4,23.4,8.19457e+08
20.4,23.5,8.05369e+08
20.4,23.6,7.91364e+08
20.4,23.7,7.77443e+08
20.4,23.8,7.63607e+08
20.4,23.9,7.49857e+08
20.4,24,7.36194e+08
20.4,24.1,7.22619e+08
20.4,24.2,7.09133e+08
20.4,24.3,6.95737e+08
20.4,24.4,6.82433e+08
20.4,24.5,6.69221e+08
20.4,24.6,6.56103e+08
20.4,24.7,6.43079e+08
20.4,24.8,6.30151e+08
20.4,24.9,6.17319e+08
20.4,25,6.04585e+08
20.4,25.1,5.9195e+08
20.4,25.2,5.79415e+08
20.4,25.3,5.6698e+08
20.4,25.4,5.54648e+08
20.4,25.5,5.42419e+08
20.4,25.6,5.30294e+08
20.4,25.7,5.18275e+08
20.4,25.8,5.06361e+08
20.4,25.9,4.94556e+08
20.4,26,4.82859e+08
20.4,26.1,4.71272e+08
20.4,26.2,4.59795e+08
20.4,26.3,4.48431e+08
20.4,26.4,4.3718e+08
20.4,26.5,4.26043e+08
20.4,26.6,4.15021e+08
20.4,26.7,4.04116e+08
20.4,26.8,3.93328e+08
20.4,26.9,3.82659e+08
20.4,27,3.7211e+08
20.4,27.1,3.61682e+08
20.4,27.2,3.51376e+08
20.4,27.3,3.41193e+08
20.4,27.4,3.45766e+08
20.4,27.5,3.24645e+08
20.4,27.6,3.18208e+08
20.4,27.7,3.11823e+08
20.4,27.8,3.0549e+08
20.4,27.9,2.9921e+08
20.4,28,2.92984e+08
20.4,28.1,2.86811e+08
20.4,28.2,2.80692e+08
20.4,28.3,2.74628e+08
20.4,28.4,2.68619e+08
20.4,28.5,2.62665e+08
20.4,28.6,2.56766e+08
20.4,28.7,2.50924e+08
20.4,28.8,2.45138e+08
20.4,28.9,2.39408e+08
20.4,29,2.33736e+08
20.4,29.1,2.28122e+08
20.4,29.2,2.22565e+08
20.4,29.3,2.17067e+08
20.4,29.4,2.11627e+08
20.4,29.5,2.06246e+08
20.4,29.6,2.00925e+08
20.4,29.7,1.95664e+08
20.4,29.8,1.90463e+08
20.4,29.9,1.85323e+08
20.4,30,1.80244e+08
20.4,30.1,1.75226e+08
20.4,30.2,1.7027e+08
20.4,30.3,1.65377e+08
20.4,30.4,1.60546e+08
20.4,30.5,1.55778e+08
20.4,30.6,1.51073e+08
20.4,30.7,1.46432e+08
20.4,30.8,1.41856e+08
20.4,30.9,1.37344e+08
20.4,31,1.32897e+08
20.4,31.1,1.28516e+08
20.4,31.2,1.242e+08
20.4,31.3,1.19951e+08
20.4,31.4,1.15768e+08
20.4,31.5,1.11652e+08
20.4,31.6,1.07604e+08
20.4,31.7,1.03623e+08
20.4,31.8,9.97112e+07
20.4,31.9,9.58677e+07
20.4,32,9.20933e+07
20.4,32.1,8.83883e+07
20.4,32.2,8.47532e+07
20.4,32.3,8.11884e+07
20.4,32.4,7.76943e+07
20.4,32.5,7.42714e+07
20.4,32.6,7.09199e+07
20.4,32.7,6.76404e+07
20.4,32.8,6.44333e+07
20.4,32.9,6.12989e+07
20.4,33,5.82377e+07
20.4,33.1,5.52502e+07
20.4,33.2,5.23366e+07
20.4,33.3,4.94974e+07
20.4,33.4,4.67331e+07
20.4,33.5,4.40441e+07
20.4,33.6,4.14308e+07
20.4,33.7,3.88936e+07
20.4,33.8,3.64329e+07
20.4,33.9,3.40491e+07
20.4,34,3.17428e+07
20.4,34.1,2.95142e+07
20.4,34.2,2.73638e+07
20.4,34.3,2.52921e+07
20.4,34.4,2.32995e+07
20.4,34.5,2.13863e+07
20.4,34.6,1.95531e+07
20.4,34.7,1.78002e+07
20.4,34.8,1.61281e+07
20.4,34.9,1.45372e+07
20.4,35,1.30279e+07
20.4,35.1,1.16007e+07
20.4,35.2,1.0256e+07
20.4,35.3,8.99424e+06
20.4,35.4,7.81583e+06
20.4,35.5,6.72121e+06
20.4,35.6,5.71081e+06
20.4,35.7,4.78508e+06
20.4,35.8,3.94444e+06
20.4,35.9,3.18934e+06
20.4,36,2.52021e+06
20.4,36.1,1.93748e+06
20.4,36.2,1.4416e+06
20.4,36.3,1.03301e+06
20.4,36.4,712141
20.4,36.5,479438
20.4,36.6,335341
20.4,36.7,280292
20.4,36.8,314734
20.4,36.9,439111
20.4,37,653866
20.4,37.1,959445
20.4,37.2,1.35629e+06
20.4,37.3,1.84486e+06
20.4,37.4,2.42558e+06
20.4,37.5,3.09892e+06
20.4,37.6,3.86531e+06
20.4,37.7,4.72521e+06
20.4,37.8,5.67908e+06
20.4,37.9,6.72734e+06
20.4,38,7.87047e+06
20.4,38.1,9.10892e+06
20.4,38.2,1.04431e+07
20.4,38.3,1.18735e+07
20.4,38.4,1.34006e+07
20.4,38.5,1.50249e+07
20.4,38.6,1.67467e+07
20.4,38.7,1.85665e+07
20.4,38.8,2.04849e+07
20.4,38.9,2.25022e+07
20.4,39,2.46189e+07
20.4,39.1,2.68355e+07
20.4,39.2,2.91524e+07
20.4,39.3,3.15702e+07
20.4,39.4,3.40891e+07
20.4,39.5,3.67098e+07
20.4,39.6,3.94327e+07
20.4,39.7,4.22583e+07
20.4,39.8,4.51869e+07
20.4,39.9,4.82191e+07
20.5,20,1.34319e+09
20.5,20.1,1.32176e+09
20.5,20.2,1.30042e+09
20.5,20.3,1.27918e+09
20.5,20.4,1.25805e+09
20.5,20.5,1.23701e+09
20.5,20.6,1.22109e+09
20.5,20.7,1.20522e+09
20.5,20.8,1.18941e+09
20.5,20.9,1.17366e+09
20.5,21,1.15796e+09
20.5,21.1,1.14232e+09
20.5,21.2,1.12674e+09
20.5,21.3,1.11122e+09
20.5,21.4,1.09576e+09
20.5,21.5,1.08037e+09
20.5,21.6,1.06504e+09
20.5,21.7,1.04977e+09
20.5,21.8,1.03457e+09
20.5,21.9,1.01943e+09
20.5,22,1.00436e+09
20.5,22.1,9.89364e+08
20.5,22.2,9.74433e+08
20.5,22.3,9.59572e+08
20.5,22.4,9.44783e+08
20.5,22.5,9.30066e+08
20.5,22.6,9.15423e+08
20.5,22.7,9.00854e+08
20.5,22.8,8.8636e+08
20.5,22.9,8.71942e+08
20.5,23,8.57602e+08
20.5,23.1,8.4334e+08
20.5,23.2,8.29158e+08
20.5,23.3,8.15056e+08
20.5,23.4,8.01036e+08
20.5,23.5,7.87098e+08
20.5,23.6,7.73243e+08
20.5,23.7,7.59474e+08
20.5,23.8,7.4579e+08
20.5,23.9,7.32192e+08
20.5,24,7.18682e+08
20.5,24.1,7.05261e+08
20.5,24.2,6.9193e+08
20.5,24.3,6.7869e+08
20.5,24.4,6.65541e+08
20.5,24.5,6.52486e+08
20.5,24.6,6.39525e+08
20.5,24.7,6.26658e+08
20.5,24.8,6.13888e+08
20.5,24.9,6.01216e+08
20.5,25,5.88641e+08
20.5,25.1,5.76166e+08
20.5,25.2,5.63792e+08
20.5,25.3,5.51519e+08
20.5,25.4,5.39349e+08
20.5,25.5,5.27283e+08
20.5,25.6,5.15321e+08
20.5,25.7,5.03466e+08
20.5,25.8,4.91717e+08
20.5,25.9,4.80077e+08
20.5,26,4.68546e+08
20.5,26.1,4.57125e+08
20.5,26.2,4.45816e+08
20.5,26.3,4.3462e+08
20.5,26.4,4.23537e+08
20.5,26.5,4.12569e+08
20.5,26.6,4.01717e+08
20.5,26.7,3.90982e+08
20.5,26.8,3.80366e+08
20.5,26.9,3.69869e+08
20.5,27,3.59492e+08
20.5,27.1,3.49237e+08
20.5,27.2,3.39105e+08
20.5,27.3,3.29096e+08
20.5,27.4,3.33581e+08
20.5,27.5,3.12836e+08
20.5,27.6,3.06511e+08
20.5,27.7,3.00239e+08
20.5,27.8,2.94019e+08
20.5,27.9,2.87853e+08
20.5,28,2.81741e+08
20.5,28.1,2.75683e+08
20.5,28.2,2.69679e+08
20.5,28.3,2.6373e+08
20.5,28.4,2.57836e+08
20.5,28.5,2.51998e+08
20.5,28.6,2.46216e+08
20.5,28.7,2.4049e+08
20.5,28.8,2.34821e+08
20.5,28.9,2.29209e+08
20.5,29,2.23654e+08
20.5,29.1,2.18158e+08
20.5,29.2,2.1272e+08
20.5,29.3,2.0734e+08
20.5,29.4,2.0202e+08
20.5,29.5,1.96759e+08
20.5,29.6,1.91557e+08
20.5,29.7,1.86416e+08
20.5,29.8,1.81336e+08
20.5,29.9,1.76317e+08
20.5,30,1.71359e+08
20.5,30.1,1.66463e+08
20.5,30.2,1.61629e+08
20.5,30.3,1.56858e+08
20.5,30.4,1.5215e+08
20.5,30.5,1.47505e+08
20.5,30.6,1.42924e+08
20.5,30.7,1.38407e+08
20.5,30.8,1.33955e+08
20.5,30.9,1.29567e+08
20.5,31,1.25245e+08
20.5,31.1,1.20989e+08
20.5,31.2,1.168e+08
20.5,31.3,1.12676e+08
20.5,31.4,1.0862e+08
20.5,31.5,1.04631e+08
20.5,31.6,1.0071e+08
20.5,31.7,9.68572e+07
20.5,31.8,9.3073e+07
20.5,31.9,8.93578e+07
20.5,32,8.57121e+07
20.5,32.1,8.21362e+07
20.5,32.2,7.86306e+07
20.5,32.3,7.51956e+07
20.5,32.4,7.18317e+07
20.5,32.5,6.85393e+07
20.5,32.6,6.53188e+07
20.5,32.7,6.21707e+07
20.5,32.8,5.90952e+07
20.5,32.9,5.60929e+07
20.5,33,5.31642e+07
20.5,33.1,5.03094e+07
20.5,33.2,4.7529e+07
20.5,33.3,4.48235e+07
20.5,33.4,4.21931e+07
20.5,33.5,3.96384e+07
20.5,33.6,3.71598e+07
20.5,33.7,3.47577e+07
20.5,33.8,3.24325e+07
20.5,33.9,3.01846e+07
20.5,34,2.80144e+07
20.5,34.1,2.59224e+07
20.5,34.2,2.39091e+07
20.5,34.3,2.19747e+07
20.5,34.4,2.01198e+07
20.5,34.5,1.83448e+07
20.5,34.6,1.66501e+07
20.5,34.7,1.50361e+07
20.5,34.8,1.35033e+07
20.5,34.9,1.2052e+07
20.5,35,1.06828e+07
20.5,35.1,9.39602e+06
20.5,35.2,8.19213e+06
20.5,35.3,7.07155e+06
20.5,35.4,6.03471e+06
20.5,35.5,5.08205e+06
20.5,35.6,4.21401e+06
20.5,35.7,3.43101e+06
20.5,35.8,2.73349e+06
20.5,35.9,2.1219e+06
20.5,36,1.59666e+06
20.5,36.1,1.15822e+06
20.5,36.2,807009
20.5,36.3,543473
20.5,36.4,368050
20.5,36.5,281181
20.5,36.6,283308
20.5,36.7,374873
20.5,36.8,556318
20.5,36.9,828088
20.5,37,1.19063e+06
20.5,37.1,1.64438e+06
20.5,37.2,2.1898e+06
20.5,37.3,2.82732e+06
20.5,37.4,3.55739e+06
20.5,37.5,4.38047e+06
20.5,37.6,5.297e+06
20.5,37.7,6.30743e+06
20.5,37.8,7.41221e+06
20.5,37.9,8.6118e+06
20.5,38,9.90664e+06
20.5,38.1,1.12972e+07
20.5,38.2,1.27839e+07
20.5,38.3,1.43672e+07
20.5,38.4,1.60476e+07
20.5,38.5,1.78255e+07
20.5,38.6,1.97014e+07
20.5,38.7,2.16757e+07
20.5,38.8,2.3749e+07
20.5,38.9,2.59215e+07
20.5,39,2.81939e+07
20.5,39.1,3.05666e+07
20.5,39.2,3.304e+07
20.5,39.3,3.56146e+07
20.5,39.4,3.82909e+07
20.5,39.5,4.10692e+07
20.5,39.6,4.39502e+07
20.5,39.7,4.69342e+07
20.5,39.8,5.00217e+07
20.5,39.9,5.32132e+07
20.6,20,1.32515e+09
20.6,20.1,1.30385e+09
20.6,20.2,1.28264e+09
20.6,20.3,1.26154e+09
20.6,20.4,1.24054e+09
20.6,20.5,1.21964e+09
20.6,20.6,1.19885e+09
20.6,20.7,1.18311e+09
20.6,20.8,1.16744e+09
20.6,20.9,1.15182e+09
20.6,21,1.13625e+09
20.6,21.1,1.12075e+09
20.6,21.2,1.10531e+09
20.6,21.3,1.08993e+09
20.6,21.4,1.07461e+09
20.6,21.5,1.05935e+09
20.6,21.6,1.04416e+09
20.6,21.7,1.02903e+09
20.6,21.8,1.01397e+09
20.6,21.9,9.98973e+08
20.6,22,9.84046e+08
20.6,22.1,9.69188e+08
20.6,22.2,9.544e+08
20.6,22.3,9.39683e+08
20.6,22.4,9.25038e+08
20.6,22.5,9.10466e+08
20.6,22.6,8.95968e+08
20.6,22.7,8.81545e+08
20.6,22.8,8.67197e+08
20.6,22.9,8.52927e+08
20.6,23,8.38734e+08
20.6,23.1,8.24621e+08
20.6,23.2,8.10588e+08
20.6,23.3,7.96635e+08
20.6,23.4,7.82765e+08
20.6,23.5,7.68978e+08
20.6,23.6,7.55275e+08
20.6,23.7,7.41658e+08
20.6,23.8,7.28126e+08
20.6,23.9,7.14682e+08
20.6,24,7.01326e+08
20.6,24.1,6.8806e+08
20.6,24.2,6.74884e+08
20.6,24.3,6.618e+08
20.6,24.4,6.48808e+08
20.6,24.5,6.35909e+08
20.6,24.6,6.23106e+08
20.6,24.7,6.10398e+08
20.6,24.8,5.97787e+08
20.6,24.9,5.85274e+08
20.6,25,5.7286e+08
20.6,25.1,5.60546e+08
20.6,25.2,5.48333e+08
20.6,25.3,5.36223e+08
20.6,25.4,5.24216e+08
20.6,25.5,5.12313e+08
20.6,25.6,5.00515e+08
20.6,25.7,4.88825e+08
20.6,25.8,4.77242e+08
20.6,25.9,4.65768e+08
20.6,26,4.54403e+08
20.6,26.1,4.4315e+08
20.6,26.2,4.32009e+08
20.6,26.3,4.20981e+08
20.6,26.4,4.10068e+08
20.6,26.5,3.9927e+08
20.6,26.6,3.88589e+08
20.6,26.7,3.78025e+08
20.6,26.8,3.67581e+08
20.6,26.9,3.57256e+08
20.6,27,3.47053e+08
20.6,27.1,3.36971e+08
20.6,27.2,3.27014e+08
20.6,27.3,3.17181e+08
20.6,27.4,3.21577e+08
20.6,27.5,3.01209e+08
20.6,27.6,2.94997e+08
20.6,27.7,2.88839e+08
20.6,27.8,2.82733e+08
20.6,27.9,2.76682e+08
20.6,28,2.70684e+08
20.6,28.1,2.64741e+08
20.6,28.2,2.58852e+08
20.6,28.3,2.53019e+08
20.6,28.4,2.47242e+08
20.6,28.5,2.4152e+08
20.6,28.6,2.35855e+08
20.6,28.7,2.30246e+08
20.6,28.8,2.24694e+08
20.6,28.9,2.192e+08
20.6,29,2.13764e+08
20.6,29.1,2.08386e+08
20.6,29.2,2.03067e+08
20.6,29.3,1.97807e+08
20.6,29.4,1.92606e+08
20.6,29.5,1.87465e+08
20.6,29.6,1.82385e+08
20.6,29.7,1.77365e+08
20.6,29.8,1.72406e+08
20.6,29.9,1.67508e+08
20.6,30,1.62672e+08
20.6,30.1,1.57898e+08
20.6,30.2,1.53187e+08
20.6,30.3,1.48539e+08
20.6,30.4,1.43954e+08
20.6,30.5,1.39433e+08
20.6,30.6,1.34976e+08
20.6,30.7,1.30584e+08
20.6,30.8,1.26256e+08
20.6,30.9,1.21994e+08
20.6,31,1.17798e+08
20.6,31.1,1.13668e+08
20.6,31.2,1.09605e+08
20.6,31.3,1.05608e+08
20.6,31.4,1.01679e+08
20.6,31.5,9.78176e+07
20.6,31.6,9.40244e+07
20.6,31.7,9.02998e+07
20.6,31.8,8.66442e+07
20.6,31.9,8.3058e+07
20.6,32,7.95416e+07
20.6,32.1,7.60954e+07
20.6,32.2,7.27199e+07
20.6,32.3,6.94154e+07
20.6,32.4,6.61824e+07
20.6,32.5,6.30212e+07
20.6,32.6,5.99323e+07
20.6,32.7,5.69161e+07
20.6,32.8,5.3973e+07
20.6,32.9,5.11034e+07
20.6,33,4.83078e+07
20.6,33.1,4.55865e+07
20.6,33.2,4.294e+07
20.6,33.3,4.03686e+07
20.6,33.4,3.78729e+07
20.6,33.5,3.54532e+07
20.6,33.6,3.31099e+07
20.6,33.7,3.08436e+07
20.6,33.8,2.86545e+07
20.6,33.9,2.65431e+07
20.6,34,2.45098e+07
20.6,34.1,2.25551e+07
20.6,34.2,2.06794e+07
20.6,34.3,1.88831e+07
20.6,34.4,1.71666e+07
20.6,34.5,1.55304e+07
20.6,34.6,1.39748e+07
20.6,34.7,1.25004e+07
20.6,34.8,1.11075e+07
20.6,34.9,9.79659e+06
20.6,35,8.56808e+06
20.6,35.1,7.4224e+06
20.6,35.2,6.35999e+06
20.6,35.3,5.38127e+06
20.6,35.4,4.48669e+06
20.6,35.5,3.67667e+06
20.6,35.6,2.95165e+06
20.6,35.7,2.31206e+06
20.6,35.8,1.75835e+06
20.6,35.9,1.29094e+06
20.6,36,910276
20.6,36.1,616796
20.6,36.2,410938
20.6,36.3,293141
20.6,36.4,263847
20.6,36.5,323497
20.6,36.6,472532
20.6,36.7,711396
20.6,36.8,1.04053e+06
20.6,36.9,1.46038e+06
20.6,37,1.97139e+06
20.6,37.1,2.57401e+06
20.6,37.2,3.26868e+06
20.6,37.3,4.05585e+06
20.6,37.4,4.93597e+06
20.6,37.5,5.90948e+06
20.6,37.6,6.97684e+06
20.6,37.7,8.13849e+06
20.6,37.8,9.39489e+06
20.6,37.9,1.07465e+07
20.6,38,1.21937e+07
20.6,38.1,1.37371e+07
20.6,38.2,1.5377e+07
20.6,38.3,1.71139e+07
20.6,38.4,1.89483e+07
20.6,38.5,2.08806e+07
20.6,38.6,2.29113e+07
20.6,38.7,2.50408e+07
20.6,38.8,2.72696e+07
20.6,38.9,2.95981e+07
20.6,39,3.20269e+07
20.6,39.1,3.45564e+07
20.6,39.2,3.71869e+07
20.6,39.3,3.99191e+07
20.6,39.4,4.27533e+07
20.6,39.5,4.56901e+07
20.6,39.6,4.87298e+07
20.6,39.7,5.1873e+07
20.6,39.8,5.51201e+07
20.6,39.9,5.84715e+07
20.7,20,1.30718e+09
20.7,20.1,1.28601e+09
20.7,20.2,1.26494e+09
20.7,20.3,1.24397e+09
20.7,20.4,1.22311e+09
20.7,20.5,1.20234e+09
20.7,20.6,1.18169e+09
20.7,20.7,1.16114e+09
20.7,20.8,1.14559e+09
20.7,20.9,1.13011e+09
20.7,21,1.11468e+09
20.7,21.1,1.09932e+09
20.7,21.2,1.08401e+09
20.7,21.3,1.06877e+09
20.7,21.4,1.05359e+09
20.7,21.5,1.03847e+09
20.7,21.6,1.02342e+09
20.7,21.7,1.00843e+09
20.7,21.8,9.93509e+08
20.7,21.9,9.78656e+08
20.7,22,9.63872e+08
20.7,22.1,9.49157e+08
20.7,22.2,9.34512e+08
20.7,22.3,9.19939e+08
20.7,22.4,9.05439e+08
20.7,22.5,8.91012e+08
20.7,22.6,8.7666e+08
20.7,22.7,8.62383e+08
20.7,22.8,8.48183e+08
20.7,22.9,8.3406e+08
20.7,23,8.20016e+08
20.7,23.1,8.06052e+08
20.7,23.2,7.92169e+08
20.7,23.3,7.78367e+08
20.7,23.4,7.64648e+08
20.7,23.5,7.51012e+08
20.7,23.6,7.37461e+08
20.7,23.7,7.23997e+08
20.7,23.8,7.10619e+08
20.7,23.9,6.97329e+08
20.7,24,6.84128e+08
20.7,24.1,6.71017e+08
20.7,24.2,6.57997e+08
20.7,24.3,6.45069e+08
20.7,24.4,6.32234e+08
20.7,24.5,6.19494e+08
20.7,24.6,6.06849e+08
20.7,24.7,5.94301e+08
20.7,24.8,5.8185e+08
20.7,24.9,5.69497e+08
20.7,25,5.57244e+08
20.7,25.1,5.45092e+08
20.7,25.2,5.33041e+08
20.7,25.3,5.21094e+08
20.7,25.4,5.0925e+08
20.7,25.5,4.97512e+08
20.7,25.6,4.8588e+08
20.7,25.7,4.74354e+08
20.7,25.8,4.62938e+08
20.7,25.9,4.5163e+08
20.7,26,4.40434e+08
20.7,26.1,4.29349e+08
20.7,26.2,4.18377e+08
20.7,26.3,4.07518e+08
20.7,26.4,3.96775e+08
20.7,26.5,3.86148e+08
20.7,26.6,3.75638e+08
20.7,26.7,3.65247e+08
20.7,26.8,3.54975e+08
20.7,26.9,3.44823e+08
20.7,27,3.34794e+08
20.7,27.1,3.24888e+08
20.7,27.2,3.15105e+08
20.7,27.3,3.05448e+08
20.7,27.4,3.09757e+08
20.7,27.5,2.89767e+08
20.7,27.6,2.83669e+08
20.7,27.7,2.77625e+08
20.7,27.8,2.71634e+08
20.7,27.9,2.65697e+08
20.7,28,2.59815e+08
20.7,28.1,2.53987e+08
20.7,28.2,2.48215e+08
20.7,28.3,2.42498e+08
20.7,28.4,2.36837e+08
20.7,28.5,2.31233e+08
20.7,28.6,2.25685e+08
20.7,28.7,2.20194e+08
20.7,28.8,2.14761e+08
20.7,28.9,2.09385e+08
20.7,29,2.04068e+08
20.7,29.1,1.98809e+08
20.7,29.2,1.9361e+08
20.7,29.3,1.8847e+08
20.7,29.4,1.83389e+08
20.7,29.5,1.78369e+08
20.7,29.6,1.7341e+08
20.7,29.7,1.68511e+08
20.7,29.8,1.63674e+08
20.7,29.9,1.58898e+08
20.7,30,1.54185e+08
20.7,30.1,1.49534e+08
20.7,30.2,1.44946e+08
20.7,30.3,1.40422e+08
20.7,30.4,1.35961e+08
20.7,30.5,1.31565e+08
20.7,30.6,1.27232e+08
20.7,30.7,1.22965e+08
20.7,30.8,1.18763e+08
20.7,30.9,1.14627e+08
20.7,31,1.10557e+08
20.7,31.1,1.06554e+08
20.7,31.2,1.02617e+08
20.7,31.3,9.87483e+07
20.7,31.4,9.49469e+07
20.7,31.5,9.12137e+07
20.7,31.6,8.7549e+07
20.7,31.7,8.39532e+07
20.7,31.8,8.04269e+07
20.7,31.9,7.69703e+07
20.7,32,7.35839e+07
20.7,32.1,7.02681e+07
20.7,32.2,6.70233e+07
20.7,32.3,6.38499e+07
20.7,32.4,6.07484e+07
20.7,32.5,5.77191e+07
20.7,32.6,5.47624e+07
20.7,32.7,5.18788e+07
20.7,32.8,4.90687e+07
20.7,32.9,4.63325e+07
20.7,33,4.36707e+07
20.7,33.1,4.10835e+07
20.7,33.2,3.85715e+07
20.7,33.3,3.6135e+07
20.7,33.4,3.37746e+07
20.7,33.5,3.14905e+07
20.7,33.6,2.92833e+07
20.7,33.7,2.71533e+07
20.7,33.8,2.5101e+07
20.7,33.9,2.31268e+07
20.7,34,2.12311e+07
20.7,34.1,1.94143e+07
20.7,34.2,1.76769e+07
20.7,34.3,1.60193e+07
20.7,34.4,1.44419e+07
20.7,34.5,1.29451e+07
20.7,34.6,1.15294e+07
20.7,34.7,1.01952e+07
20.7,34.8,8.94297e+06
20.7,34.9,7.77306e+06
20.7,35,6.68593e+06
20.7,35.1,5.68202e+06
20.7,35.2,4.76177e+06
20.7,35.3,3.92559e+06
20.7,35.4,3.17394e+06
20.7,35.5,2.50723e+06
20.7,35.6,1.92592e+06
20.7,35.7,1.43042e+06
20.7,35.8,1.02118e+06
20.7,35.9,698640
20.7,36,463232
20.7,36.1,315395
20.7,36.2,255570
20.7,36.3,284197
20.7,36.4,401716
20.7,36.5,608569
20.7,36.6,905198
20.7,36.7,1.29205e+06
20.7,36.8,1.76956e+06
20.7,36.9,2.33818e+06
20.7,37,2.99835e+06
20.7,37.1,3.75052e+06
20.7,37.2,4.59514e+06
20.7,37.3,5.53265e+06
20.7,37.4,6.5635e+06
20.7,37.5,7.68814e+06
20.7,37.6,8.90702e+06
20.7,37.7,1.02206e+07
20.7,37.8,1.16293e+07
20.7,37.9,1.31336e+07
20.7,38,1.4734e+07
20.7,38.1,1.64308e+07
20.7,38.2,1.82246e+07
20.7,38.3,2.01158e+07
20.7,38.4,2.21049e+07
20.7,38.5,2.41923e+07
20.7,38.6,2.63784e+07
20.7,38.7,2.86638e+07
20.7,38.8,3.10489e+07
20.7,38.9,3.35342e+07
20.7,39,3.612e+07
20.7,39.1,3.8807e+07
20.7,39.2,4.15954e+07
20.7,39.3,4.44859e+07
20.7,39.4,4.74788e+07
20.7,39.5,5.05746e+07
20.7,39.6,5.37738e+07
20.7,39.7,5.70769e+07
20.7,39.8,6.04843e+07
20.7,39.9,6.39965e+07
20.8,20,1.28928e+09
20.8,20.1,1.26825e+09
20.8,20.2,1.24731e+09
20.8,20.3,1.22648e+09
20.8,20.4,1.20575e+09
20.8,20.5,1.18512e+09
20.8,20.6,1.1646e+09
20.8,20.7,1.14419e+09
20.8,20.8,1.12389e+09
20.8,20.9,1.10854e+09
20.8,21,1.09325e+09
20.8,21.1,1.07802e+09
20.8,21.2,1.06285e+09
20.8,21.3,1.04775e+09
20.8,21.4,1.03271e+09
20.8,21.5,1.01773e+09
20.8,21.6,1.00282e+09
20.8,21.7,9.87972e+08
20.8,21.8,9.73194e+08
20.8,21.9,9.58483e+08
20.8,22,9.43841e+08
20.8,22.1,9.2927e+08
20.8,22.2,9.1477e+08
20.8,22.3,9.00342e+08
20.8,22.4,8.85987e+08
20.8,22.5,8.71706e+08
20.8,22.6,8.57501e+08
20.8,22.7,8.43371e+08
20.8,22.8,8.29319e+08
20.8,22.9,8.15345e+08
20.8,23,8.01451e+08
20.8,23.1,7.87636e+08
20.8,23.2,7.73903e+08
20.8,23.3,7.60252e+08
20.8,23.4,7.46685e+08
20.8,23.5,7.33202e+08
20.8,23.6,7.19804e+08
20.8,23.7,7.06493e+08
20.8,23.8,6.93269e+08
20.8,23.9,6.80134e+08
20.8,24,6.67089e+08
20.8,24.1,6.54134e+08
20.8,24.2,6.41271e+08
20.8,24.3,6.285e+08
20.8,24.4,6.15824e+08
20.8,24.5,6.03242e+08
20.8,24.6,5.90757e+08
20.8,24.7,5.78368e+08
20.8,24.8,5.66077e+08
20.8,24.9,5.53886e+08
20.8,25,5.41795e+08
20.8,25.1,5.29805e+08
20.8,25.2,5.17918e+08
20.8,25.3,5.06134e+08
20.8,25.4,4.94455e+08
20.8,25.5,4.82882e+08
20.8,25.6,4.71415e+08
20.8,25.7,4.60057e+08
20.8,25.8,4.48807e+08
20.8,25.9,4.37667e+08
20.8,26,4.26639e+08
20.8,26.1,4.15723e+08
20.8,26.2,4.0492e+08
20.8,26.3,3.94232e+08
20.8,26.4,3.8366e+08
20.8,26.5,3.73204e+08
20.8,26.6,3.62867e+08
20.8,26.7,3.52648e+08
20.8,26.8,3.4255e+08
20.8,26.9,3.32573e+08
20.8,27,3.22718e+08
20.8,27.1,3.12987e+08
20.8,27.2,3.03381e+08
20.8,27.3,2.93901e+08
20.8,27.4,2.98121e+08
20.8,27.5,2.78511e+08
20.8,27.6,2.72528e+08
20.8,27.7,2.66598e+08
20.8,27.8,2.60723e+08
20.8,27.9,2.54901e+08
20.8,28,2.49135e+08
20.8,28.1,2.43424e+08
20.8,28.2,2.37768e+08
20.8,28.3,2.32168e+08
20.8,28.4,2.26625e+08
20.8,28.5,2.21138e+08
20.8,28.6,2.15708e+08
20.8,28.7,2.10336e+08
20.8,28.8,2.05021e+08
20.8,28.9,1.99765e+08
20.8,29,1.94567e+08
20.8,29.1,1.89429e+08
20.8,29.2,1.8435e+08
20.8,29.3,1.7933e+08
20.8,29.4,1.74371e+08
20.8,29.5,1.69472e+08
20.8,29.6,1.64634e+08
20.8,29.7,1.59858e+08
20.8,29.8,1.55143e+08
20.8,29.9,1.5049e+08
20.8,30,1.459e+08
20.8,30.1,1.41373e+08
20.8,30.2,1.36909e+08
20.8,30.3,1.32509e+08
20.8,30.4,1.28173e+08
20.8,30.5,1.23901e+08
20.8,30.6,1.19695e+08
20.8,30.7,1.15553e+08
20.8,30.8,1.11478e+08
20.8,30.9,1.07468e+08
20.8,31,1.03525e+08
20.8,31.1,9.96488e+07
20.8,31.2,9.584e+07
20.8,31.3,9.20989e+07
20.8,31.4,8.84259e+07
20.8,31.5,8.48214e+07
20.8,31.6,8.12859e+07
20.8,31.7,7.78196e+07
20.8,31.8,7.44232e+07
20.8,31.9,7.10969e+07
20.8,32,6.78411e+07
20.8,32.1,6.46563e+07
20.8,32.2,6.15429e+07
20.8,32.3,5.85013e+07
20.8,32.4,5.55319e+07
20.8,32.5,5.26351e+07
20.8,32.6,4.98114e+07
20.8,32.7,4.70611e+07
20.8,32.8,4.43846e+07
20.8,32.9,4.17825e+07
20.8,33,3.9255e+07
20.8,33.1,3.68026e+07
20.8,33.2,3.44258e+07
20.8,33.3,3.21249e+07
20.8,33.4,2.99004e+07
20.8,33.5,2.77526e+07
20.8,33.6,2.56821e+07
20.8,33.7,2.36892e+07
20.8,33.8,2.17743e+07
20.8,33.9,1.99379e+07
20.8,34,1.81804e+07
20.8,34.1,1.65023e+07
20.8,34.2,1.49038e+07
20.8,34.3,1.33856e+07
20.8,34.4,1.19479e+07
20.8,34.5,1.05913e+07
20.8,34.6,9.31611e+06
20.8,34.7,8.12282e+06
20.8,34.8,7.01184e+06
20.8,34.9,5.9836e+06
20.8,35,5.03853e+06
20.8,35.1,4.17707e+06
20.8,35.2,3.39964e+06
20.8,35.3,2.70669e+06
20.8,35.4,2.09864e+06
20.8,35.5,1.57592e+06
20.8,35.6,1.13899e+06
20.8,35.7,788260
20.8,35.8,524180
20.8,35.9,347184
20.8,36,257712
20.8,36.1,256202
20.8,36.2,343093
20.8,36.3,518827
20.8,36.4,783844
20.8,36.5,1.13859e+06
20.8,36.6,1.5835e+06
20.8,36.7,2.11902e+06
20.8,36.8,2.7456e+06
20.8,36.9,3.46367e+06
20.8,37,4.2737e+06
20.8,37.1,5.17612e+06
20.8,37.2,6.17137e+06
20.8,37.3,7.25991e+06
20.8,37.4,8.44219e+06
20.8,37.5,9.71866e+06
20.8,37.6,1.10898e+07
20.8,37.7,1.25559e+07
20.8,37.8,1.41177e+07
20.8,37.9,1.57754e+07
20.8,38,1.75295e+07
20.8,38.1,1.93806e+07
20.8,38.2,2.1329e+07
20.8,38.3,2.33752e+07
20.8,38.4,2.55196e+07
20.8,38.5,2.77628e+07
20.8,38.6,3.01052e+07
20.8,38.7,3.25472e+07
20.8,38.8,3.50893e+07
20.8,38.9,3.77319e+07
20.8,39,4.04755e+07
20.8,39.1,4.33207e+07
20.8,39.2,4.62677e+07
20.8,39.3,4.93172e+07
20.8,39.4,5.24695e+07
20.8,39.5,5.57251e+07
20.8,39.6,5.90845e+07
20.8,39.7,6.25482e+07
20.8,39.8,6.61166e+07
20.8,39.9,6.97902e+07
20.9,20,1.27146e+09
20.9,20.1,1.25056e+09
20.9,20.2,1.22976e+09
20.9,20.3,1.20906e+09
20.9,20.4,1.18847e+09
20.9,20.5,1.16798e+09
20.9,20.6,1.14759e+09
20.9,20.7,1.12732e+09
20.9,20.8,1.10716e+09
20.9,20.9,1.08711e+09
20.9,21,1.07196e+09
20.9,21.1,1.05687e+09
20.9,21.2,1.04184e+09
20.9,21.3,1.02687e+09
20.9,21.4,1.01197e+09
20.9,21.5,9.97135e+08
20.9,21.6,9.82364e+08
20.9,21.7,9.6766e+08
20.9,21.8,9.53023e+08
20.9,21.9,9.38456e+08
20.9,22,9.23958e+08
20.9,22.1,9.09531e+08
20.9,22.2,8.95176e+08
20.9,22.3,8.80893e+08
20.9,22.4,8.66685e+08
20.9,22.5,8.52551e+08
20.9,22.6,8.38493e+08
20.9,22.7,8.24511e+08
20.9,22.8,8.10608e+08
20.9,22.9,7.96783e+08
20.9,23,7.83039e+08
20.9,23.1,7.69375e+08
20.9,23.2,7.55793e+08
20.9,23.3,7.42294e+08
20.9,23.4,7.28879e+08
20.9,23.5,7.15549e+08
20.9,23.6,7.02305e+08
20.9,23.7,6.89148e+08
20.9,23.8,6.7608e+08
20.9,23.9,6.631e+08
20.9,24,6.50211e+08
20.9,24.1,6.37413e+08
20.9,24.2,6.24707e+08
20.9,24.3,6.12095e+08
20.9,24.4,5.99578e+08
20.9,24.5,5.87155e+08
20.9,24.6,5.7483e+08
20.9,24.7,5.62602e+08
20.9,24.8,5.50473e+08
20.9,24.9,5.38444e+08
20.9,25,5.26515e+08
20.9,25.1,5.14689e+08
20.9,25.2,5.02966e+08
20.9,25.3,4.91346e+08
20.9,25.4,4.79832e+08
20.9,25.5,4.68425e+08
20.9,25.6,4.57125e+08
20.9,25.7,4.45933e+08
20.9,25.8,4.34851e+08
20.9,25.9,4.2388e+08
20.9,26,4.13021e+08
20.9,26.1,4.02275e+08
20.9,26.2,3.91643e+08
20.9,26.3,3.81126e+08
20.9,26.4,3.70725e+08
20.9,26.5,3.60442e+08
20.9,26.6,3.50277e+08
20.9,26.7,3.40232e+08
20.9,26.8,3.30308e+08
20.9,26.9,3.20506e+08
20.9,27,3.10827e+08
20.9,27.1,3.01273e+08
20.9,27.2,2.91843e+08
20.9,27.3,2.82541e+08
20.9,27.4,2.86673e+08
20.9,27.5,2.67444e+08
20.9,27.6,2.61576e+08
20.9,27.7,2.55762e+08
20.9,27.8,2.50002e+08
20.9,27.9,2.44297e+08
20.9,28,2.38647e+08
20.9,28.1,2.33053e+08
20.9,28.2,2.27514e+08
20.9,28.3,2.22032e+08
20.9,28.4,2.16607e+08
20.9,28.5,2.11238e+08
20.9,28.6,2.05927e+08
20.9,28.7,2.00674e+08
20.9,28.8,1.95479e+08
20.9,28.9,1.90342e+08
20.9,29,1.85265e+08
20.9,29.1,1.80247e+08
20.9,29.2,1.75288e+08
20.9,29.3,1.7039e+08
20.9,29.4,1.65553e+08
20.9,29.5,1.60776e+08
20.9,29.6,1.5606e+08
20.9,29.7,1.51407e+08
20.9,29.8,1.46815e+08
20.9,29.9,1.42286e+08
20.9,30,1.3782e+08
20.9,30.1,1.33417e+08
20.9,30.2,1.29077e+08
20.9,30.3,1.24802e+08
20.9,30.4,1.20591e+08
20.9,30.5,1.16445e+08
20.9,30.6,1.12365e+08
20.9,30.7,1.0835e+08
20.9,30.8,1.04401e+08
20.9,30.9,1.00519e+08
20.9,31,9.67032e+07
20.9,31.1,9.2955e+07
20.9,31.2,8.92745e+07
20.9,31.3,8.5662e+07
20.9,31.4,8.2118e+07
20.9,31.5,7.8643e+07
20.9,31.6,7.52372e+07
20.9,31.7,7.19012e+07
20.9,31.8,6.86352e+07
20.9,31.9,6.54398e+07
20.9,32,6.23154e+07
20.9,32.1,5.92623e+07
20.9,32.2,5.62809e+07
20.9,32.3,5.33717e+07
20.9,32.4,5.05351e+07
20.9,32.5,4.77715e+07
20.9,32.6,4.50813e+07
20.9,32.7,4.24649e+07
20.9,32.8,3.99228e+07
20.9,32.9,3.74553e+07
20.9,33,3.50629e+07
20.9,33.1,3.2746e+07
20.9,33.2,3.0505e+07
20.9,33.3,2.83403e+07
20.9,33.4,2.62524e+07
20.9,33.5,2.42416e+07
20.9,33.6,2.23084e+07
20.9,33.7,2.04532e+07
20.9,33.8,1.86765e+07
20.9,33.9,1.69786e+07
20.9,34,1.536e+07
20.9,34.1,1.38211e+07
20.9,34.2,1.23623e+07
20.9,34.3,1.09841e+07
20.9,34.4,9.68684e+06
20.9,34.5,8.47102e+06
20.9,34.6,7.33703e+06
20.9,34.7,6.28531e+06
20.9,34.8,5.31628e+06
20.9,34.9,4.43039e+06
20.9,35,3.62805e+06
20.9,35.1,2.90971e+06
20.9,35.2,2.27579e+06
20.9,35.3,1.72673e+06
20.9,35.4,1.26296e+06
20.9,35.5,884924
20.9,35.6,593047
20.9,35.7,387769
20.9,35.8,269528
20.9,35.9,238761
20.9,36,295908
20.9,36.1,441408
20.9,36.2,675700
20.9,36.3,999226
20.9,36.4,1.41243e+06
20.9,36.5,1.91575e+06
20.9,36.6,2.50963e+06
20.9,36.7,3.19451e+06
20.9,36.8,3.97084e+06
20.9,36.9,4.83907e+06
20.9,37,5.79964e+06
20.9,37.1,6.85299e+06
20.9,37.2,7.99958e+06
20.9,37.3,9.23985e+06
20.9,37.4,1.05742e+07
20.9,37.5,1.20032e+07
20.9,37.6,1.35272e+07
20.9,37.7,1.51467e+07
20.9,37.8,1.68622e+07
20.9,37.9,1.8674e+07
20.9,38,2.05826e+07
20.9,38.1,2.25886e+07
20.9,38.2,2.46923e+07
20.9,38.3,2.68942e+07
20.9,38.4,2.91948e+07
20.9,38.5,3.15944e+07
20.9,38.6,3.40937e+07
20.9,38.7,3.6693e+07
20.9,38.8,3.93928e+07
20.9,38.9,4.21935e+07
20.9,39,4.50956e+07
20.9,39.1,4.80996e+07
20.9,39.2,5.1206e+07
20.9,39.3,5.44152e+07
20.9,39.4,5.77276e+07
20.9,39.5,6.11437e+07
20.9,39.6,6.4664e+07
20.9,39.7,6.8289e+07
20.9,39.8,7.20192e+07
20.9,39.9,7.58549e+07
21,20,1.25371e+09
21,20.1,1.23294e+09
21,20.2,1.21228e+09
21,20.3,1.19172e+09
21,20.4,1.17126e+09
21,20.5,1.15091e+09
21,20.6,1.13066e+09
21,20.7,1.11053e+09
21,20.8,1.09051e+09
21,20.9,1.0706e+09
21,21,1.05081e+09
21,21.1,1.03585e+09
21,21.2,1.02097e+09
21,21.3,1.00614e+09
21,21.4,9.91379e+08
21,21.5,9.76684e+08
21,21.6,9.62055e+08
21,21.7,9.47493e+08
21,21.8,9.33e+08
21,21.9,9.18576e+08
21,22,9.04223e+08
21,22.1,8.89941e+08
21,22.2,8.75732e+08
21,22.3,8.61596e+08
21,22.4,8.47534e+08
21,22.5,8.33547e+08
21,22.6,8.19638e+08
21,22.7,8.05805e+08
21,22.8,7.92051e+08
21,22.9,7.78377e+08
21,23,7.64783e+08
21,23.1,7.5127e+08
21,23.2,7.3784e+08
21,23.3,7.24494e+08
21,23.4,7.11232e+08
21,23.5,6.98056e+08
21,23.6,6.84967e+08
21,23.7,6.71965e+08
21,23.8,6.59052e+08
21,23.9,6.46229e+08
21,24,6.33497e+08
21,24.1,6.20857e+08
21,24.2,6.08309e+08
21,24.3,5.95856e+08
21,24.4,5.83498e+08
21,24.5,5.71236e+08
21,24.6,5.59071e+08
21,24.7,5.47005e+08
21,24.8,5.35038e+08
21,24.9,5.23171e+08
21,25,5.11407e+08
21,25.1,4.99744e+08
21,25.2,4.88186e+08
21,25.3,4.76732e+08
21,25.4,4.65384e+08
21,25.5,4.54143e+08
21,25.6,4.4301e+08
21,25.7,4.31987e+08
21,25.8,4.21073e+08
21,25.9,4.10272e+08
21,26,3.99582e+08
21,26.1,3.89006e+08
21,26.2,3.78546e+08
21,26.3,3.682e+08
21,26.4,3.57972e+08
21,26.5,3.47862e+08
21,26.6,3.37871e+08
21,26.7,3.28001e+08
21,26.8,3.18252e+08
21,26.9,3.08626e+08
21,27,2.99123e+08
21,27.1,2.89746e+08
21,27.2,2.80494e+08
21,27.3,2.7137e+08
21,27.4,2.75415e+08
21,27.5,2.56568e+08
21,27.6,2.50815e+08
21,27.7,2.45117e+08
21,27.8,2.39474e+08
21,27.9,2.33886e+08
21,28,2.28353e+08
21,28.1,2.22876e+08
21,28.2,2.17456e+08
21,28.3,2.12092e+08
21,28.4,2.06785e+08
21,28.5,2.01535e+08
21,28.6,1.96344e+08
21,28.7,1.9121e+08
21,28.8,1.86135e+08
21,28.9,1.81119e+08
21,29,1.76163e+08
21,29.1,1.71266e+08
21,29.2,1.66429e+08
21,29.3,1.61652e+08
21,29.4,1.56937e+08
21,29.5,1.52283e+08
21,29.6,1.47691e+08
21,29.7,1.4316e+08
21,29.8,1.38692e+08
21,29.9,1.34287e+08
21,30,1.29945e+08
21,30.1,1.25667e+08
21,30.2,1.21453e+08
21,30.3,1.17304e+08
21,30.4,1.13219e+08
21,30.5,1.09199e+08
21,30.6,1.05245e+08
21,30.7,1.01358e+08
21,30.8,9.75361e+07
21,30.9,9.37815e+07
21,31,9.00942e+07
21,31.1,8.64746e+07
21,31.2,8.2923e+07
21,31.3,7.94398e+07
21,31.4,7.60255e+07
21,31.5,7.26805e+07
21,31.6,6.94052e+07
21,31.7,6.62e+07
21,31.8,6.30652e+07
21,31.9,6.00014e+07
21,32,5.70089e+07
21,32.1,5.40881e+07
21,32.2,5.12394e+07
21,32.3,4.84633e+07
21,32.4,4.57602e+07
21,32.5,4.31304e+07
21,32.6,4.05744e+07
21,32.7,3.80926e+07
21,32.8,3.56854e+07
21,32.9,3.33533e+07
21,33,3.10966e+07
21,33.1,2.89158e+07
21,33.2,2.68113e+07
21,33.3,2.47835e+07
21,33.4,2.28328e+07
21,33.5,2.09596e+07
21,33.6,1.91645e+07
21,33.7,1.74477e+07
21,33.8,1.58097e+07
21,33.9,1.4251e+07
21,34,1.27719e+07
21,34.1,1.1373e+07
21,34.2,1.00545e+07
21,34.3,8.81699e+06
21,34.4,7.66084e+06
21,34.5,6.58649e+06
21,34.6,5.59436e+06
21,34.7,4.68488e+06
21,34.8,3.85849e+06
21,34.9,3.11562e+06
21,35,2.45669e+06
21,35.1,1.88215e+06
21,35.2,1.39241e+06
21,35.3,987923
21,35.4,669116
21,35.5,436426
21,35.6,290289
21,35.7,231142
21,35.8,259422
21,35.9,375568
21,36,580018
21,36.1,873212
21,36.2,1.25559e+06
21,36.3,1.7276e+06
21,36.4,2.28967e+06
21,36.5,2.94225e+06
21,36.6,3.68579e+06
21,36.7,4.52072e+06
21,36.8,5.4475e+06
21,36.9,6.46657e+06
21,37,7.57837e+06
21,37.1,8.78336e+06
21,37.2,1.0082e+07
21,37.3,1.14747e+07
21,37.4,1.29619e+07
21,37.5,1.45441e+07
21,37.6,1.62217e+07
21,37.7,1.79952e+07
21,37.8,1.9865e+07
21,37.9,2.18317e+07
21,38,2.38955e+07
21,38.1,2.60571e+07
21,38.2,2.83168e+07
21,38.3,3.06751e+07
21,38.4,3.31324e+07
21,38.5,3.56893e+07
21,38.6,3.83462e+07
21,38.7,4.11035e+07
21,38.8,4.39617e+07
21,38.9,4.69212e+07
21,39,4.99825e+07
21,39.1,5.31462e+07
21,39.2,5.64125e+07
21,39.3,5.97821e+07
21,39.4,6.32554e+07
21,39.5,6.68327e+07
21,39.6,7.05147e+07
21,39.7,7.43017e+07
21,39.8,7.81943e+07
21,39.9,8.21928e+07
21.1,20,1.23604e+09
21.1,20.1,1.21541e+09
21.1,20.2,1.19488e+09
21.1,20.3,1.17445e+09
21.1,20.4,1.15413e+09
21.1,20.5,1.13392e+09
21.1,20.6,1.11381e+09
21.1,20.7,1.09382e+09
21.1,20.8,1.07394e+09
21.1,20.9,1.05417e+09
21.1,21,1.03452e+09
21.1,21.1,1.01499e+09
21.1,21.2,1.00024e+09
21.1,21.3,9.85553e+08
21.1,21.4,9.70934e+08
21.1,21.5,9.5638e+08
21.1,21.6,9.41894e+08
21.1,21.7,9.27476e+08
21.1,21.8,9.13126e+08
21.1,21.9,8.98847e+08
21.1,22,8.84639e+08
21.1,22.1,8.70503e+08
21.1,22.2,8.5644e+08
21.1,22.3,8.42451e+08
21.1,22.4,8.28537e+08
21.1,22.5,8.14699e+08
21.1,22.6,8.00938e+08
21.1,22.7,7.87255e+08
21.1,22.8,7.73651e+08
21.1,22.9,7.60127e+08
21.1,23,7.46685e+08
21.1,23.1,7.33324e+08
21.1,23.2,7.20047e+08
21.1,23.3,7.06854e+08
21.1,23.4,6.93746e+08
21.1,23.5,6.80725e+08
21.1,23.6,6.67791e+08
21.1,23.7,6.54945e+08
21.1,23.8,6.42189e+08
21.1,23.9,6.29523e+08
21.1,24,6.16948e+08
21.1,24.1,6.04466e+08
21.1,24.2,5.92078e+08
21.1,24.3,5.79785e+08
21.1,24.4,5.67587e+08
21.1,24.5,5.55486e+08
21.1,24.6,5.43483e+08
21.1,24.7,5.31579e+08
21.1,24.8,5.19775e+08
21.1,24.9,5.08072e+08
21.1,25,4.96471e+08
21.1,25.1,4.84974e+08
21.1,25.2,4.73581e+08
21.1,25.3,4.62293e+08
21.1,25.4,4.51112e+08
21.1,25.5,4.40038e+08
21.1,25.6,4.29074e+08
21.1,25.7,4.18219e+08
21.1,25.8,4.07475e+08
21.1,25.9,3.96843e+08
21.1,26,3.86324e+08
21.1,26.1,3.7592e+08
21.1,26.2,3.65631e+08
21.1,26.3,3.55459e+08
21.1,26.4,3.45404e+08
21.1,26.5,3.35468e+08
21.1,26.6,3.25652e+08
21.1,26.7,3.15956e+08
21.1,26.8,3.06383e+08
21.1,26.9,2.96934e+08
21.1,27,2.87609e+08
21.1,27.1,2.78409e+08
21.1,27.2,2.69336e+08
21.1,27.3,2.60391e+08
21.1,27.4,2.64348e+08
21.1,27.5,2.45884e+08
21.1,27.6,2.40248e+08
21.1,27.7,2.34667e+08
21.1,27.8,2.29141e+08
21.1,27.9,2.2367e+08
21.1,28,2.18255e+08
21.1,28.1,2.12896e+08
21.1,28.2,2.07594e+08
21.1,28.3,2.02349e+08
21.1,28.4,1.97162e+08
21.1,28.5,1.92032e+08
21.1,28.6,1.8696e+08
21.1,28.7,1.81947e+08
21.1,28.8,1.76993e+08
21.1,28.9,1.72098e+08
21.1,29,1.67262e+08
21.1,29.1,1.62487e+08
21.1,29.2,1.57773e+08
21.1,29.3,1.53119e+08
21.1,29.4,1.48526e+08
21.1,29.5,1.43995e+08
21.1,29.6,1.39527e+08
21.1,29.7,1.3512e+08
21.1,29.8,1.30777e+08
21.1,29.9,1.26496e+08
21.1,30,1.2228e+08
21.1,30.1,1.18127e+08
21.1,30.2,1.14039e+08
21.1,30.3,1.10015e+08
21.1,30.4,1.06057e+08
21.1,30.5,1.02165e+08
21.1,30.6,9.83382e+07
21.1,30.7,9.4578e+07
21.1,30.8,9.08847e+07
21.1,30.9,8.72586e+07
21.1,31,8.37001e+07
21.1,31.1,8.02097e+07
21.1,31.2,7.67877e+07
21.1,31.3,7.34345e+07
21.1,31.4,7.01505e+07
21.1,31.5,6.69362e+07
21.1,31.6,6.3792e+07
21.1,31.7,6.07182e+07
21.1,31.8,5.77153e+07
21.1,31.9,5.47837e+07
21.1,32,5.19238e+07
21.1,32.1,4.91359e+07
21.1,32.2,4.64206e+07
21.1,32.3,4.37782e+07
21.1,32.4,4.12092e+07
21.1,32.5,3.87139e+07
21.1,32.6,3.62928e+07
21.1,32.7,3.39462e+07
21.1,32.8,3.16747e+07
21.1,32.9,2.94786e+07
21.1,33,2.73583e+07
21.1,33.1,2.53142e+07
21.1,33.2,2.33468e+07
21.1,33.3,2.14566e+07
21.1,33.4,1.96438e+07
21.1,33.5,1.79089e+07
21.1,33.6,1.62524e+07
21.1,33.7,1.46747e+07
21.1,33.8,1.31762e+07
21.1,33.9,1.17573e+07
21.1,34,1.04185e+07
21.1,34.1,9.16011e+06
21.1,34.2,7.98264e+06
21.1,34.3,6.88649e+06
21.1,34.4,5.8721e+06
21.1,34.5,4.93989e+06
21.1,34.6,4.0903e+06
21.1,34.7,3.32374e+06
21.1,34.8,2.64066e+06
21.1,34.9,2.04148e+06
21.1,35,1.52664e+06
21.1,35.1,1.09656e+06
21.1,35.2,751690
21.1,35.3,492453
21.1,35.4,319288
21.1,35.5,232630
21.1,35.6,232915
21.1,35.7,320581
21.1,35.8,496065
21.1,35.9,759807
21.1,36,1.11224e+06
21.1,36.1,1.55382e+06
21.1,36.2,2.08497e+06
21.1,36.3,2.70614e+06
21.1,36.4,3.41778e+06
21.1,36.5,4.22031e+06
21.1,36.6,5.1142e+06
21.1,36.7,6.09988e+06
21.1,36.8,7.17779e+06
21.1,36.9,8.34839e+06
21.1,37,9.61212e+06
21.1,37.1,1.09694e+07
21.1,37.2,1.24208e+07
21.1,37.3,1.39666e+07
21.1,37.4,1.56073e+07
21.1,37.5,1.73434e+07
21.1,37.6,1.91754e+07
21.1,37.7,2.11036e+07
21.1,37.8,2.31285e+07
21.1,37.9,2.52506e+07
21.1,38,2.74704e+07
21.1,38.1,2.97883e+07
21.1,38.2,3.22047e+07
21.1,38.3,3.47201e+07
21.1,38.4,3.73349e+07
21.1,38.5,4.00497e+07
21.1,38.6,4.28649e+07
21.1,38.7,4.57809e+07
21.1,38.8,4.87982e+07
21.1,38.9,5.19173e+07
21.1,39,5.51385e+07
21.1,39.1,5.84625e+07
21.1,39.2,6.18896e+07
21.1,39.3,6.54203e+07
21.1,39.4,6.9055e+07
21.1,39.5,7.27944e+07
21.1,39.6,7.66387e+07
21.1,39.7,8.05884e+07
21.1,39.8,8.46442e+07
21.1,39.9,8.88063e+07
21.2,20,1.21844e+09
21.2,20.1,1.19795e+09
21.2,20.2,1.17756e+09
21.2,20.3,1.15727e+09
21.2,20.4,1.13708e+09
21.2,20.5,1.11701e+09
21.2,20.6,1.09704e+09
21.2,20.7,1.07719e+09
21.2,20.8,1.05745e+09
21.2,20.9,1.03782e+09
21.2,21,1.01832e+09
21.2,21.1,9.98926e+08
21.2,21.2,9.79657e+08
21.2,21.3,9.65114e+08
21.2,21.4,9.50636e+08
21.2,21.5,9.36226e+08
21.2,21.6,9.21883e+08
21.2,21.7,9.07609e+08
21.2,21.8,8.93404e+08
21.2,21.9,8.7927e+08
21.2,22,8.65208e+08
21.2,22.1,8.51218e+08
21.2,22.2,8.37302e+08
21.2,22.3,8.23461e+08
21.2,22.4,8.09695e+08
21.2,22.5,7.96007e+08
21.2,22.6,7.82395e+08
21.2,22.7,7.68863e+08
21.2,22.8,7.5541e+08
21.2,22.9,7.42038e+08
21.2,23,7.28747e+08
21.2,23.1,7.1554e+08
21.2,23.2,7.02416e+08
21.2,23.3,6.89377e+08
21.2,23.4,6.76424e+08
21.2,23.5,6.63558e+08
21.2,23.6,6.5078e+08
21.2,23.7,6.38091e+08
21.2,23.8,6.25491e+08
21.2,23.9,6.12983e+08
21.2,24,6.00568e+08
21.2,24.1,5.88245e+08
21.2,24.2,5.76017e+08
21.2,24.3,5.63883e+08
21.2,24.4,5.51847e+08
21.2,24.5,5.39908e+08
21.2,24.6,5.28067e+08
21.2,24.7,5.16326e+08
21.2,24.8,5.04686e+08
21.2,24.9,4.93147e+08
21.2,25,4.81711e+08
21.2,25.1,4.70379e+08
21.2,25.2,4.59152e+08
21.2,25.3,4.48032e+08
21.2,25.4,4.37018e+08
21.2,25.5,4.26113e+08
21.2,25.6,4.15317e+08
21.2,25.7,4.04632e+08
21.2,25.8,3.94058e+08
21.2,25.9,3.83597e+08
21.2,26,3.7325e+08
21.2,26.1,3.63018e+08
21.2,26.2,3.52901e+08
21.2,26.3,3.42902e+08
21.2,26.4,3.33022e+08
21.2,26.5,3.2326e+08
21.2,26.6,3.1362e+08
21.2,26.7,3.04101e+08
21.2,26.8,2.94704e+08
21.2,26.9,2.85432e+08
21.2,27,2.76285e+08
21.2,27.1,2.67264e+08
21.2,27.2,2.5837e+08
21.2,27.3,2.49605e+08
21.2,27.4,2.53474e+08
21.2,27.5,2.35396e+08
21.2,27.6,2.29877e+08
21.2,27.7,2.24413e+08
21.2,27.8,2.19004e+08
21.2,27.9,2.13652e+08
21.2,28,2.08355e+08
21.2,28.1,2.03115e+08
21.2,28.2,1.97932e+08
21.2,28.3,1.92807e+08
21.2,28.4,1.87739e+08
21.2,28.5,1.82729e+08
21.2,28.6,1.77778e+08
21.2,28.7,1.72886e+08
21.2,28.8,1.68053e+08
21.2,28.9,1.6328e+08
21.2,29,1.58567e+08
21.2,29.1,1.53914e+08
21.2,29.2,1.49322e+08
21.2,29.3,1.44791e+08
21.2,29.4,1.40322e+08
21.2,29.5,1.35915e+08
21.2,29.6,1.31571e+08
21.2,29.7,1.27289e+08
21.2,29.8,1.23071e+08
21.2,29.9,1.18916e+08
21.2,30,1.14825e+08
21.2,30.1,1.10798e+08
21.2,30.2,1.06837e+08
21.2,30.3,1.0294e+08
21.2,30.4,9.9109e+07
21.2,30.5,9.53441e+07
21.2,30.6,9.16455e+07
21.2,30.7,8.80137e+07
21.2,30.8,8.44491e+07
21.2,30.9,8.09521e+07
21.2,31,7.75231e+07
21.2,31.1,7.41625e+07
21.2,31.2,7.08707e+07
21.2,31.3,6.76481e+07
21.2,31.4,6.44952e+07
21.2,31.5,6.14122e+07
21.2,31.6,5.83997e+07
21.2,31.7,5.54581e+07
21.2,31.8,5.25877e+07
21.2,31.9,4.97889e+07
21.2,32,4.70622e+07
21.2,32.1,4.4408e+07
21.2,32.2,4.18267e+07
21.2,32.3,3.93187e+07
21.2,32.4,3.68844e+07
21.2,32.5,3.45242e+07
21.2,32.6,3.22386e+07
21.2,32.7,3.0028e+07
21.2,32.8,2.78927e+07
21.2,32.9,2.58333e+07
21.2,33,2.385e+07
21.2,33.1,2.19434e+07
21.2,33.2,2.01138e+07
21.2,33.3,1.83617e+07
21.2,33.4,1.66875e+07
21.2,33.5,1.50917e+07
21.2,33.6,1.35745e+07
21.2,33.7,1.21365e+07
21.2,33.8,1.07781e+07
21.2,33.9,9.49974e+06
21.2,34,8.30178e+06
21.2,34.1,7.18469e+06
21.2,34.2,6.14887e+06
21.2,34.3,5.19477e+06
21.2,34.4,4.32281e+06
21.2,34.5,3.53342e+06
21.2,34.6,2.82703e+06
21.2,34.7,2.20407e+06
21.2,34.8,1.66498e+06
21.2,34.9,1.21017e+06
21.2,35,840088
21.2,35.1,555165
21.2,35.2,355833
21.2,35.3,242528
21.2,35.4,215685
21.2,35.5,275740
21.2,35.6,423130
21.2,35.7,658292
21.2,35.8,981665
21.2,35.9,1.39369e+06
21.2,36,1.8948e+06
21.2,36.1,2.48544e+06
21.2,36.2,3.16606e+06
21.2,36.3,3.93708e+06
21.2,36.4,4.79896e+06
21.2,36.5,5.75214e+06
21.2,36.6,6.79707e+06
21.2,36.7,7.93418e+06
21.2,36.8,9.16393e+06
21.2,36.9,1.04868e+07
21.2,37,1.19031e+07
21.2,37.1,1.34134e+07
21.2,37.2,1.50182e+07
21.2,37.3,1.67178e+07
21.2,37.4,1.85128e+07
21.2,37.5,2.04035e+07
21.2,37.6,2.23904e+07
21.2,37.7,2.4474e+07
21.2,37.8,2.66548e+07
21.2,37.9,2.89331e+07
21.2,38,3.13095e+07
21.2,38.1,3.37844e+07
21.2,38.2,3.63582e+07
21.2,38.3,3.90314e+07
21.2,38.4,4.18045e+07
21.2,38.5,4.46779e+07
21.2,38.6,4.76521e+07
21.2,38.7,5.07275e+07
21.2,38.8,5.39046e+07
21.2,38.9,5.71839e+07
21.2,39,6.05658e+07
21.2,39.1,6.40508e+07
21.2,39.2,6.76393e+07
21.2,39.3,7.13319e+07
21.2,39.4,7.51289e+07
21.2,39.5,7.90309e+07
21.2,39.6,8.30382e+07
21.2,39.7,8.71515e+07
21.2,39.8,9.13711e+07
21.2,39.9,9.56975e+07
21.3,20,1.20092e+09
21.3,20.1,1.18056e+09
21.3,20.2,1.16031e+09
21.3,20.3,1.14016e+09
21.3,20.4,1.12012e+09
21.3,20.5,1.10018e+09
21.3,20.6,1.08036e+09
21.3,20.7,1.06064e+09
21.3,20.8,1.04104e+09
21.3,20.9,1.02156e+09
21.3,21,1.0022e+09
21.3,21.1,9.82949e+08
21.3,21.2,9.63825e+08
21.3,21.3,9.44824e+08
21.3,21.4,9.3049e+08
21.3,21.5,9.16223e+08
21.3,21.6,9.02024e+08
21.3,21.7,8.87894e+08
21.3,21.8,8.73835e+08
21.3,21.9,8.59847e+08
21.3,22,8.45932e+08
21.3,22.1,8.32089e+08
21.3,22.2,8.18321e+08
21.3,22.3,8.04628e+08
21.3,22.4,7.91012e+08
21.3,22.5,7.77473e+08
21.3,22.6,7.64012e+08
21.3,22.7,7.5063e+08
21.3,22.8,7.37329e+08
21.3,22.9,7.24109e+08
21.3,23,7.10972e+08
21.3,23.1,6.97918e+08
21.3,23.2,6.84948e+08
21.3,23.3,6.72064e+08
21.3,23.4,6.59267e+08
21.3,23.5,6.46557e+08
21.3,23.6,6.33935e+08
21.3,23.7,6.21404e+08
21.3,23.8,6.08962e+08
21.3,23.9,5.96613e+08
21.3,24,5.84357e+08
21.3,24.1,5.72194e+08
21.3,24.2,5.60126e+08
21.3,24.3,5.48154e+08
21.3,24.4,5.36279e+08
21.3,24.5,5.24503e+08
21.3,24.6,5.12825e+08
21.3,24.7,5.01248e+08
21.3,24.8,4.89772e+08
21.3,24.9,4.78399e+08
21.3,25,4.67129e+08
21.3,25.1,4.55963e+08
21.3,25.2,4.44903e+08
21.3,25.3,4.3395e+08
21.3,25.4,4.23105e+08
21.3,25.5,4.12369e+08
21.3,25.6,4.01743e+08
21.3,25.7,3.91228e+08
21.3,25.8,3.80825e+08
21.3,25.9,3.70536e+08
21.3,26,3.60361e+08
21.3,26.1,3.50301e+08
21.3,26.2,3.40359e+08
21.3,26.3,3.30534e+08
21.3,26.4,3.20828e+08
21.3,26.5,3.11242e+08
21.3,26.6,3.01778e+08
21.3,26.7,2.92436e+08
21.3,26.8,2.83217e+08
21.3,26.9,2.74123e+08
21.3,27,2.65155e+08
21.3,27.1,2.56313e+08
21.3,27.2,2.476e+08
21.3,27.3,2.39016e+08
21.3,27.4,2.42796e+08
21.3,27.5,2.25105e+08
21.3,27.6,2.19704e+08
21.3,27.7,2.14357e+08
21.3,27.8,2.09067e+08
21.3,27.9,2.03833e+08
21.3,28,1.98656e+08
21.3,28.1,1.93535e+08
21.3,28.2,1.88472e+08
21.3,28.3,1.83466e+08
21.3,28.4,1.78519e+08
21.3,28.5,1.7363e+08
21.3,28.6,1.688e+08
21.3,28.7,1.6403e+08
21.3,28.8,1.59319e+08
21.3,28.9,1.54668e+08
21.3,29,1.50077e+08
21.3,29.1,1.45548e+08
21.3,29.2,1.41079e+08
21.3,29.3,1.36672e+08
21.3,29.4,1.32328e+08
21.3,29.5,1.28045e+08
21.3,29.6,1.23825e+08
21.3,29.7,1.19669e+08
21.3,29.8,1.15576e+08
21.3,29.9,1.11547e+08
21.3,30,1.07583e+08
21.3,30.1,1.03683e+08
21.3,30.2,9.98483e+07
21.3,30.3,9.60792e+07
21.3,30.4,9.23761e+07
21.3,30.5,8.87394e+07
21.3,30.6,8.51695e+07
21.3,30.7,8.16667e+07
21.3,30.8,7.82315e+07
21.3,30.9,7.48642e+07
21.3,31,7.15653e+07
21.3,31.1,6.83352e+07
21.3,31.2,6.51743e+07
21.3,31.3,6.2083e+07
21.3,31.4,5.90616e+07
21.3,31.5,5.61107e+07
21.3,31.6,5.32306e+07
21.3,31.7,5.04217e+07
21.3,31.8,4.76844e+07
21.3,31.9,4.50192e+07
21.3,32,4.24264e+07
21.3,32.1,3.99064e+07
21.3,32.2,3.74598e+07
21.3,32.3,3.50868e+07
21.3,32.4,3.27879e+07
21.3,32.5,3.05636e+07
21.3,32.6,2.84142e+07
21.3,32.7,2.63401e+07
21.3,32.8,2.43418e+07
21.3,32.9,2.24196e+07
21.3,33,2.05741e+07
21.3,33.1,1.88055e+07
21.3,33.2,1.71145e+07
21.3,33.3,1.55012e+07
21.3,33.4,1.39663e+07
21.3,33.5,1.251e+07
21.3,33.6,1.11329e+07
21.3,33.7,9.8353e+06
21.3,33.8,8.61768e+06
21.3,33.9,7.48046e+06
21.3,34,6.42406e+06
21.3,34.1,5.4489e+06
21.3,34.2,4.55542e+06
21.3,34.3,3.74403e+06
21.3,34.4,3.01518e+06
21.3,34.5,2.36928e+06
21.3,34.6,1.80678e+06
21.3,34.7,1.32809e+06
21.3,34.8,933649
21.3,34.9,623893
21.3,35,399251
21.3,35.1,260158
21.3,35.2,207048
21.3,35.3,240356
21.3,35.4,360517
21.3,35.5,567969
21.3,35.6,863147
21.3,35.7,1.24649e+06
21.3,35.8,1.71844e+06
21.3,35.9,2.27943e+06
21.3,36,2.9299e+06
21.3,36.1,3.6703e+06
21.3,36.2,4.50106e+06
21.3,36.3,5.42263e+06
21.3,36.4,6.43545e+06
21.3,36.5,7.53997e+06
21.3,36.6,8.73663e+06
21.3,36.7,1.00259e+07
21.3,36.8,1.14081e+07
21.3,36.9,1.28839e+07
21.3,37,1.44536e+07
21.3,37.1,1.61176e+07
21.3,37.2,1.78765e+07
21.3,37.3,1.97306e+07
21.3,37.4,2.16805e+07
21.3,37.5,2.37265e+07
21.3,37.6,2.58692e+07
21.3,37.7,2.81089e+07
21.3,37.8,3.04462e+07
21.3,37.9,3.28814e+07
21.3,38,3.54151e+07
21.3,38.1,3.80477e+07
21.3,38.2,4.07796e+07
21.3,38.3,4.36113e+07
21.3,38.4,4.65433e+07
21.3,38.5,4.95761e+07
21.3,38.6,5.271e+07
21.3,38.7,5.59455e+07
21.3,38.8,5.92832e+07
21.3,38.9,6.27234e+07
21.3,39,6.62667e+07
21.3,39.1,6.99134e+07
21.3,39.2,7.36641e+07
21.3,39.3,7.75192e+07
21.3,39.4,8.14792e+07
21.3,39.5,8.55445e+07
21.3,39.6,8.97157e+07
21.3,39.7,9.39931e+07
21.3,39.8,9.83773e+07
21.3,39.9,1.02869e+08
21.4,20,1.18348e+09
21.4,20.1,1.16326e+09
21.4,20.2,1.14315e+09
21.4,20.3,1.12313e+09
21.4,20.4,1.10323e+09
21.4,20.5,1.08343e+09
21.4,20.6,1.06375e+09
21.4,20.7,1.04418e+09
21.4,20.8,1.02472e+09
21.4,20.9,1.00538e+09
21.4,21,9.8616e+08
21.4,21.1,9.67058e+08
21.4,21.2,9.48079e+08
21.4,21.3,9.29224e+08
21.4,21.4,9.10496e+08
21.4,21.5,8.96373e+08
21.4,21.6,8.82319e+08
21.4,21.7,8.68335e+08
21.4,21.8,8.54422e+08
21.4,21.9,8.40581e+08
21.4,22,8.26812e+08
21.4,22.1,8.13118e+08
21.4,22.2,7.99499e+08
21.4,22.3,7.85955e+08
21.4,22.4,7.72488e+08
21.4,22.5,7.591e+08
21.4,22.6,7.4579e+08
21.4,22.7,7.3256e+08
21.4,22.8,7.19412e+08
21.4,22.9,7.06345e+08
21.4,23,6.93361e+08
21.4,23.1,6.80461e+08
21.4,23.2,6.67647e+08
21.4,23.3,6.54918e+08
21.4,23.4,6.42277e+08
21.4,23.5,6.29724e+08
21.4,23.6,6.1726e+08
21.4,23.7,6.04886e+08
21.4,23.8,5.92604e+08
21.4,23.9,5.80414e+08
21.4,24,5.68317e+08
21.4,24.1,5.56315e+08
21.4,24.2,5.44409e+08
21.4,24.3,5.32599e+08
21.4,24.4,5.20887e+08
21.4,24.5,5.09274e+08
21.4,24.6,4.9776e+08
21.4,24.7,4.86347e+08
21.4,24.8,4.75037e+08
21.4,24.9,4.63829e+08
21.4,25,4.52726e+08
21.4,25.1,4.41727e+08
21.4,25.2,4.30835e+08
21.4,25.3,4.20051e+08
21.4,25.4,4.09375e+08
21.4,25.5,3.98808e+08
21.4,25.6,3.88353e+08
21.4,25.7,3.78009e+08
21.4,25.8,3.67778e+08
21.4,25.9,3.57661e+08
21.4,26,3.47659e+08
21.4,26.1,3.37773e+08
21.4,26.2,3.28005e+08
21.4,26.3,3.18355e+08
21.4,26.4,3.08825e+08
21.4,26.5,2.99416e+08
21.4,26.6,2.90128e+08
21.4,26.7,2.80964e+08
21.4,26.8,2.71923e+08
21.4,26.9,2.63008e+08
21.4,27,2.5422e+08
21.4,27.1,2.45559e+08
21.4,27.2,2.37026e+08
21.4,27.3,2.28624e+08
21.4,27.4,2.32316e+08
21.4,27.5,2.15013e+08
21.4,27.6,2.0973e+08
21.4,27.7,2.04502e+08
21.4,27.8,1.99331e+08
21.4,27.9,1.94216e+08
21.4,28,1.89158e+08
21.4,28.1,1.84158e+08
21.4,28.2,1.79215e+08
21.4,28.3,1.7433e+08
21.4,28.4,1.69504e+08
21.4,28.5,1.64737e+08
21.4,28.6,1.60029e+08
21.4,28.7,1.5538e+08
21.4,28.8,1.50792e+08
21.4,28.9,1.46264e+08
21.4,29,1.41797e+08
21.4,29.1,1.37391e+08
21.4,29.2,1.33046e+08
21.4,29.3,1.28764e+08
21.4,29.4,1.24544e+08
21.4,29.5,1.20387e+08
21.4,29.6,1.16292e+08
21.4,29.7,1.12262e+08
21.4,29.8,1.08295e+08
21.4,29.9,1.04393e+08
21.4,30,1.00555e+08
21.4,30.1,9.67831e+07
21.4,30.2,9.30763e+07
21.4,30.3,8.94354e+07
21.4,30.4,8.58608e+07
21.4,30.5,8.2353e+07
21.4,30.6,7.89123e+07
21.4,30.7,7.55391e+07
21.4,30.8,7.22339e+07
21.4,30.9,6.89971e+07
21.4,31,6.58289e+07
21.4,31.1,6.273e+07
21.4,31.2,5.97006e+07
21.4,31.3,5.67412e+07
21.4,31.4,5.38521e+07
21.4,31.5,5.10338e+07
21.4,31.6,4.82867e+07
21.4,31.7,4.56112e+07
21.4,31.8,4.30077e+07
21.4,31.9,4.04767e+07
21.4,32,3.80184e+07
21.4,32.1,3.56334e+07
21.4,32.2,3.33221e+07
21.4,32.3,3.10848e+07
21.4,32.4,2.8922e+07
21.4,32.5,2.68341e+07
21.4,32.6,2.48215e+07
21.4,32.7,2.28847e+07
21.4,32.8,2.1024e+07
21.4,32.9,1.92398e+07
21.4,33,1.75326e+07
21.4,33.1,1.59029e+07
21.4,33.2,1.43509e+07
21.4,33.3,1.28772e+07
21.4,33.4,1.14822e+07
21.4,33.5,1.01662e+07
21.4,33.6,8.92974e+06
21.4,33.7,7.77322e+06
21.4,33.8,6.69705e+06
21.4,33.9,5.70167e+06
21.4,34,4.78749e+06
21.4,34.1,3.95495e+06
21.4,34.2,3.20447e+06
21.4,34.3,2.53648e+06
21.4,34.4,1.9514e+06
21.4,34.5,1.44968e+06
21.4,34.6,1.03173e+06
21.4,34.7,697989
21.4,34.8,448889
21.4,34.9,284861
21.4,35,206340
21.4,35.1,213759
21.4,35.2,307551
21.4,35.3,488154
21.4,35.4,756003
21.4,35.5,1.11153e+06
21.4,35.6,1.55519e+06
21.4,35.7,2.0874e+06
21.4,35.8,2.7086e+06
21.4,35.9,3.41925e+06
21.4,36,4.21977e+06
21.4,36.1,5.11061e+06
21.4,36.2,6.09222e+06
21.4,36.3,7.16502e+06
21.4,36.4,8.32948e+06
21.4,36.5,9.58602e+06
21.4,36.6,1.09351e+07
21.4,36.7,1.23772e+07
21.4,36.8,1.39127e+07
21.4,36.9,1.5542e+07
21.4,37,1.72657e+07
21.4,37.1,1.90842e+07
21.4,37.2,2.09978e+07
21.4,37.3,2.30072e+07
21.4,37.4,2.51127e+07
21.4,37.5,2.73147e+07
21.4,37.6,2.96138e+07
21.4,37.7,3.20103e+07
21.4,37.8,3.45048e+07
21.4,37.9,3.70977e+07
21.4,38,3.97894e+07
21.4,38.1,4.25804e+07
21.4,38.2,4.54711e+07
21.4,38.3,4.84621e+07
21.4,38.4,5.15537e+07
21.4,38.5,5.47465e+07
21.4,38.6,5.80408e+07
21.4,38.7,6.14372e+07
21.4,38.8,6.49361e+07
21.4,38.9,6.8538e+07
21.4,39,7.22433e+07
21.4,39.1,7.60525e+07
21.4,39.2,7.99661e+07
21.4,39.3,8.39845e+07
21.4,39.4,8.81081e+07
21.4,39.5,9.23376e+07
21.4,39.6,9.66732e+07
21.4,39.7,1.01116e+08
21.4,39.8,1.05665e+08
21.4,39.9,1.10322e+08
21.5,20,1.16612e+09
21.5,20.1,1.14604e+09
21.5,20.2,1.12606e+09
21.5,20.3,1.10619e+09
21.5,20.4,1.08643e+09
21.5,20.5,1.06677e+09
21.5,20.6,1.04723e+09
21.5,20.7,1.0278e+09
21.5,20.8,1.00848e+09
21.5,20.9,9.89287e+08
21.5,21,9.7021e+08
21.5,21.1,9.51254e+08
21.5,21.2,9.3242e+08
21.5,21.3,9.13712e+08
21.5,21.4,8.95131e+08
21.5,21.5,8.76678e+08
21.5,21.6,8.6277e+08
21.5,21.7,8.48932e+08
21.5,21.8,8.35166e+08
21.5,21.9,8.21472e+08
21.5,22,8.07852e+08
21.5,22.1,7.94306e+08
21.5,22.2,7.80836e+08
21.5,22.3,7.67443e+08
21.5,22.4,7.54127e+08
21.5,22.5,7.40889e+08
21.5,22.6,7.27732e+08
21.5,22.7,7.14654e+08
21.5,22.8,7.01659e+08
21.5,22.9,6.88746e+08
21.5,23,6.75916e+08
21.5,23.1,6.63172e+08
21.5,23.2,6.50513e+08
21.5,23.3,6.37941e+08
21.5,23.4,6.25456e+08
21.5,23.5,6.13061e+08
21.5,23.6,6.00755e+08
21.5,23.7,5.8854e+08
21.5,23.8,5.76418e+08
21.5,23.9,5.64388e+08
21.5,24,5.52452e+08
21.5,24.1,5.40612e+08
21.5,24.2,5.28867e+08
21.5,24.3,5.1722e+08
21.5,24.4,5.05672e+08
21.5,24.5,4.94222e+08
21.5,24.6,4.82874e+08
21.5,24.7,4.71626e+08
21.5,24.8,4.60482e+08
21.5,24.9,4.49441e+08
21.5,25,4.38504e+08
21.5,25.1,4.27674e+08
21.5,25.2,4.16951e+08
21.5,25.3,4.06336e+08
21.5,25.4,3.95829e+08
21.5,25.5,3.85434e+08
21.5,25.6,3.75149e+08
21.5,25.7,3.64977e+08
21.5,25.8,3.54919e+08
21.5,25.9,3.44975e+08
21.5,26,3.35147e+08
21.5,26.1,3.25436e+08
21.5,26.2,3.15843e+08
21.5,26.3,3.06369e+08
21.5,26.4,2.97015e+08
21.5,26.5,2.87783e+08
21.5,26.6,2.78673e+08
21.5,26.7,2.69687e+08
21.5,26.8,2.60826e+08
21.5,26.9,2.52091e+08
21.5,27,2.43482e+08
21.5,27.1,2.35002e+08
21.5,27.2,2.26652e+08
21.5,27.3,2.18432e+08
21.5,27.4,2.22036e+08
21.5,27.5,2.05123e+08
21.5,27.6,1.99959e+08
21.5,27.7,1.9485e+08
21.5,27.8,1.89798e+08
21.5,27.9,1.84803e+08
21.5,28,1.79866e+08
21.5,28.1,1.74986e+08
21.5,28.2,1.70164e+08
21.5,28.3,1.65401e+08
21.5,28.4,1.60696e+08
21.5,28.5,1.56051e+08
21.5,28.6,1.51465e+08
21.5,28.7,1.4694e+08
21.5,28.8,1.42474e+08
21.5,28.9,1.3807e+08
21.5,29,1.33727e+08
21.5,29.1,1.29445e+08
21.5,29.2,1.25225e+08
21.5,29.3,1.21068e+08
21.5,29.4,1.16973e+08
21.5,29.5,1.12942e+08
21.5,29.6,1.08974e+08
21.5,29.7,1.0507e+08
21.5,29.8,1.0123e+08
21.5,29.9,9.74553e+07
21.5,30,9.37455e+07
21.5,30.1,9.01011e+07
21.5,30.2,8.65227e+07
21.5,30.3,8.30106e+07
21.5,30.4,7.95652e+07
21.5,30.5,7.61869e+07
21.5,30.6,7.28761e+07
21.5,30.7,6.96332e+07
21.5,30.8,6.64587e+07
21.5,30.9,6.33528e+07
21.5,31,6.03161e+07
21.5,31.1,5.7349e+07
21.5,31.2,5.44517e+07
21.5,31.3,5.16249e+07
21.5,31.4,4.88687e+07
21.5,31.5,4.61838e+07
21.5,31.6,4.35703e+07
21.5,31.7,4.10289e+07
21.5,31.8,3.85599e+07
21.5,31.9,3.61636e+07
21.5,32,3.38406e+07
21.5,32.1,3.15912e+07
21.5,32.2,2.94158e+07
21.5,32.3,2.73149e+07
21.5,32.4,2.52888e+07
21.5,32.5,2.3338e+07
21.5,32.6,2.14629e+07
21.5,32.7,1.9664e+07
21.5,32.8,1.79415e+07
21.5,32.9,1.6296e+07
21.5,33,1.47279e+07
21.5,33.1,1.32375e+07
21.5,33.2,1.18254e+07
21.5,33.3,1.04919e+07
21.5,33.4,9.23738e+06
21.5,33.5,8.06239e+06
21.5,33.6,6.96728e+06
21.5,33.7,5.9525e+06
21.5,33.8,5.01846e+06
21.5,33.9,4.16558e+06
21.5,34,3.39431e+06
21.5,34.1,2.70505e+06
21.5,34.2,2.09825e+06
21.5,34.3,1.57432e+06
21.5,34.4,1.1337e+06
21.5,34.5,776823
21.5,34.6,504109
21.5,34.7,315995
21.5,34.8,212913
21.5,34.9,195295
21.5,35,263574
21.5,35.1,418185
21.5,35.2,659564
21.5,35.3,988145
21.5,35.4,1.40437e+06
21.5,35.5,1.90866e+06
21.5,35.6,2.50147e+06
21.5,35.7,3.18324e+06
21.5,35.8,3.95439e+06
21.5,35.9,4.81538e+06
21.5,36,5.76664e+06
21.5,36.1,6.80862e+06
21.5,36.2,7.94175e+06
21.5,36.3,9.16649e+06
21.5,36.4,1.04833e+07
21.5,36.5,1.18925e+07
21.5,36.6,1.33947e+07
21.5,36.7,1.49903e+07
21.5,36.8,1.66797e+07
21.5,36.9,1.84634e+07
21.5,37,2.03418e+07
21.5,37.1,2.23154e+07
21.5,37.2,2.43846e+07
21.5,37.3,2.65498e+07
21.5,37.4,2.88116e+07
21.5,37.5,3.11704e+07
21.5,37.6,3.36266e+07
21.5,37.7,3.61806e+07
21.5,37.8,3.8833e+07
21.5,37.9,4.15842e+07
21.5,38,4.44346e+07
21.5,38.1,4.73848e+07
21.5,38.2,5.0435e+07
21.5,38.3,5.35859e+07
21.5,38.4,5.68379e+07
21.5,38.5,6.01914e+07
21.5,38.6,6.36469e+07
21.5,38.7,6.72049e+07
21.5,38.8,7.08657e+07
21.5,38.9,7.463e+07
21.5,39,7.84981e+07
21.5,39.1,8.24704e+07
21.5,39.2,8.65476e+07
21.5,39.3,9.073e+07
21.5,39.4,9.5018e+07
21.5,39.5,9.94123e+07
21.5,39.6,1.03913e+08
21.5,39.7,1.08521e+08
21.5,39.8,1.13237e+08
21.5,39.9,1.1806e+08
21.6,20,1.14884e+09
21.6,20.1,1.1289e+09
21.6,20.2,1.10906e+09
21.6,20.3,1.08933e+09
21.6,20.4,1.0697e+09
21.6,20.5,1.05019e+09
21.6,20.6,1.03079e+09
21.6,20.7,1.0115e+09
21.6,20.8,9.92332e+08
21.6,20.9,9.7328e+08
21.6,21,9.54347e+08
21.6,21.1,9.35536e+08
21.6,21.2,9.1685e+08
21.6,21.3,8.98288e+08
21.6,21.4,8.79855e+08
21.6,21.5,8.61551e+08
21.6,21.6,8.43379e+08
21.6,21.7,8.29688e+08
21.6,21.8,8.1607e+08
21.6,21.9,8.02524e+08
21.6,22,7.89053e+08
21.6,22.1,7.75657e+08
21.6,22.2,7.62337e+08
21.6,22.3,7.49094e+08
21.6,22.4,7.35929e+08
21.6,22.5,7.22844e+08
21.6,22.6,7.09839e+08
21.6,22.7,6.96915e+08
21.6,22.8,6.84073e+08
21.6,22.9,6.71315e+08
21.6,23,6.5864e+08
21.6,23.1,6.46052e+08
21.6,23.2,6.33549e+08
21.6,23.3,6.21134e+08
21.6,23.4,6.08807e+08
21.6,23.5,5.9657e+08
21.6,23.6,5.84424e+08
21.6,23.7,5.72369e+08
21.6,23.8,5.60406e+08
21.6,23.9,5.48537e+08
21.6,24,5.36763e+08
21.6,24.1,5.25085e+08
21.6,24.2,5.13504e+08
21.6,24.3,5.0202e+08
21.6,24.4,4.90636e+08
21.6,24.5,4.79351e+08
21.6,24.6,4.68168e+08
21.6,24.7,4.57086e+08
21.6,24.8,4.46109e+08
21.6,24.9,4.35235e+08
21.6,25,4.24467e+08
21.6,25.1,4.13805e+08
21.6,25.2,4.03251e+08
21.6,25.3,3.92806e+08
21.6,25.4,3.82471e+08
21.6,25.5,3.72246e+08
21.6,25.6,3.62134e+08
21.6,25.7,3.52134e+08
21.6,25.8,3.42249e+08
21.6,25.9,3.3248e+08
21.6,26,3.22826e+08
21.6,26.1,3.1329e+08
21.6,26.2,3.03873e+08
21.6,26.3,2.94576e+08
21.6,26.4,2.854e+08
21.6,26.5,2.76345e+08
21.6,26.6,2.67414e+08
21.6,26.7,2.58608e+08
21.6,26.8,2.49926e+08
21.6,26.9,2.41372e+08
21.6,27,2.32945e+08
21.6,27.1,2.24647e+08
21.6,27.2,2.16479e+08
21.6,27.3,2.08442e+08
21.6,27.4,2.11958e+08
21.6,27.5,1.95436e+08
21.6,27.6,1.90391e+08
21.6,27.7,1.85403e+08
21.6,27.8,1.80471e+08
21.6,27.9,1.75597e+08
21.6,28,1.7078e+08
21.6,28.1,1.66021e+08
21.6,28.2,1.61321e+08
21.6,28.3,1.5668e+08
21.6,28.4,1.52097e+08
21.6,28.5,1.47575e+08
21.6,28.6,1.43112e+08
21.6,28.7,1.3871e+08
21.6,28.8,1.34369e+08
21.6,28.9,1.30089e+08
21.6,29,1.2587e+08
21.6,29.1,1.21713e+08
21.6,29.2,1.17619e+08
21.6,29.3,1.13587e+08
21.6,29.4,1.09619e+08
21.6,29.5,1.05714e+08
21.6,29.6,1.01872e+08
21.6,29.7,9.80955e+07
21.6,29.8,9.43834e+07
21.6,29.9,9.07363e+07
21.6,30,8.71548e+07
21.6,30.1,8.36391e+07
21.6,30.2,8.01897e+07
21.6,30.3,7.6807e+07
21.6,30.4,7.34914e+07
21.6,30.5,7.02433e+07
21.6,30.6,6.7063e+07
21.6,30.7,6.39511e+07
21.6,30.8,6.09079e+07
21.6,30.9,5.79337e+07
21.6,31,5.50291e+07
21.6,31.1,5.21944e+07
21.6,31.2,4.943e+07
21.6,31.3,4.67363e+07
21.6,31.4,4.41137e+07
21.6,31.5,4.15627e+07
21.6,31.6,3.90836e+07
21.6,31.7,3.66769e+07
21.6,31.8,3.4343e+07
21.6,31.9,3.20822e+07
21.6,32,2.9895e+07
21.6,32.1,2.77819e+07
21.6,32.2,2.57431e+07
21.6,32.3,2.37792e+07
21.6,32.4,2.18905e+07
21.6,32.5,2.00775e+07
21.6,32.6,1.83406e+07
21.6,32.7,1.66802e+07
21.6,32.8,1.50966e+07
21.6,32.9,1.35904e+07
21.6,33,1.2162e+07
21.6,33.1,1.08117e+07
21.6,33.2,9.54007e+06
21.6,33.3,8.3474e+06
21.6,33.4,7.23418e+06
21.6,33.5,6.20081e+06
21.6,33.6,5.24773e+06
21.6,33.7,4.37535e+06
21.6,33.8,3.5841e+06
21.6,33.9,2.87442e+06
21.6,34,2.24671e+06
21.6,34.1,1.70142e+06
21.6,34.2,1.23897e+06
21.6,34.3,859782
21.6,34.4,564295
21.6,34.5,352937
21.6,34.6,226138
21.6,34.7,184330
21.6,34.8,227945
21.6,34.9,357417
21.6,35,573179
21.6,35.1,875666
21.6,35.2,1.26531e+06
21.6,35.3,1.74256e+06
21.6,35.4,2.30783e+06
21.6,35.5,2.96158e+06
21.6,35.6,3.70424e+06
21.6,35.7,4.53625e+06
21.6,35.8,5.45804e+06
21.6,35.9,6.47006e+06
21.6,36,7.57275e+06
21.6,36.1,8.76655e+06
21.6,36.2,1.00519e+07
21.6,36.3,1.14293e+07
21.6,36.4,1.28991e+07
21.6,36.5,1.44617e+07
21.6,36.6,1.61178e+07
21.6,36.7,1.78676e+07
21.6,36.8,1.97116e+07
21.6,36.9,2.16503e+07
21.6,37,2.36841e+07
21.6,37.1,2.58135e+07
21.6,37.2,2.80389e+07
21.6,37.3,3.03607e+07
21.6,37.4,3.27795e+07
21.6,37.5,3.52957e+07
21.6,37.6,3.79097e+07
21.6,37.7,4.0622e+07
21.6,37.8,4.3433e+07
21.6,37.9,4.63433e+07
21.6,38,4.93531e+07
21.6,38.1,5.24631e+07
21.6,38.2,5.56736e+07
21.6,38.3,5.89852e+07
21.6,38.4,6.23982e+07
21.6,38.5,6.59131e+07
21.6,38.6,6.95305e+07
21.6,38.7,7.32507e+07
21.6,38.8,7.70743e+07
21.6,38.9,8.10016e+07
21.6,39,8.50331e+07
21.6,39.1,8.91694e+07
21.6,39.2,9.34109e+07
21.6,39.3,9.7758e+07
21.6,39.4,1.02211e+08
21.6,39.5,1.06771e+08
21.6,39.6,1.11438e+08
21.6,39.7,1.16212e+08
21.6,39.8,1.21094e+08
21.6,39.9,1.26085e+08
21.7,20,1.13165e+09
21.7,20.1,1.11184e+09
21.7,20.2,1.09214e+09
21.7,20.3,1.07255e+09
21.7,20.4,1.05307e+09
21.7,20.5,1.0337e+09
21.7,20.6,1.01444e+09
21.7,20.7,9.95293e+08
21.7,20.8,9.76267e+08
21.7,20.9,9.57359e+08
21.7,21,9.38572e+08
21.7,21.1,9.19908e+08
21.7,21.2,9.01368e+08
21.7,21.3,8.82955e+08
21.7,21.4,8.6467e+08
21.7,21.5,8.46516e+08
21.7,21.6,8.28493e+08
21.7,21.7,8.10606e+08
21.7,21.8,7.97135e+08
21.7,21.9,7.83739e+08
21.7,22,7.70417e+08
21.7,22.1,7.57171e+08
21.7,22.2,7.44002e+08
21.7,22.3,7.3091e+08
21.7,22.4,7.17898e+08
21.7,22.5,7.04965e+08
21.7,22.6,6.92113e+08
21.7,22.7,6.79343e+08
21.7,22.8,6.66656e+08
21.7,22.9,6.54053e+08
21.7,23,6.41535e+08
21.7,23.1,6.29103e+08
21.7,23.2,6.16757e+08
21.7,23.3,6.045e+08
21.7,23.4,5.92332e+08
21.7,23.5,5.80254e+08
21.7,23.6,5.68267e+08
21.7,23.7,5.56373e+08
21.7,23.8,5.44571e+08
21.7,23.9,5.32864e+08
21.7,24,5.21252e+08
21.7,24.1,5.09737e+08
21.7,24.2,4.98319e+08
21.7,24.3,4.87e+08
21.7,24.4,4.75781e+08
21.7,24.5,4.64662e+08
21.7,24.6,4.53645e+08
21.7,24.7,4.4273e+08
21.7,24.8,4.3192e+08
21.7,24.9,4.21215e+08
21.7,25,4.10615e+08
21.7,25.1,4.00123e+08
21.7,25.2,3.8974e+08
21.7,25.3,3.79465e+08
21.7,25.4,3.69301e+08
21.7,25.5,3.59249e+08
21.7,25.6,3.49309e+08
21.7,25.7,3.39483e+08
21.7,25.8,3.29772e+08
21.7,25.9,3.20177e+08
21.7,26,3.10699e+08
21.7,26.1,3.0134e+08
21.7,26.2,2.92099e+08
21.7,26.3,2.8298e+08
21.7,26.4,2.73981e+08
21.7,26.5,2.65106e+08
21.7,26.6,2.56354e+08
21.7,26.7,2.47728e+08
21.7,26.8,2.39227e+08
21.7,26.9,2.30854e+08
21.7,27,2.22609e+08
21.7,27.1,2.14494e+08
21.7,27.2,2.06509e+08
21.7,27.3,1.98657e+08
21.7,27.4,2.02085e+08
21.7,27.5,1.85956e+08
21.7,27.6,1.8103e+08
21.7,27.7,1.76162e+08
21.7,27.8,1.71351e+08
21.7,27.9,1.66598e+08
21.7,28,1.61903e+08
21.7,28.1,1.57266e+08
21.7,28.2,1.52688e+08
21.7,28.3,1.48169e+08
21.7,28.4,1.4371e+08
21.7,28.5,1.39311e+08
21.7,28.6,1.34972e+08
21.7,28.7,1.30694e+08
21.7,28.8,1.26477e+08
21.7,28.9,1.22322e+08
21.7,29,1.18228e+08
21.7,29.1,1.14197e+08
21.7,29.2,1.10229e+08
21.7,29.3,1.06323e+08
21.7,29.4,1.02481e+08
21.7,29.5,9.87034e+07
21.7,29.6,9.49897e+07
21.7,29.7,9.13406e+07
21.7,29.8,8.77567e+07
21.7,29.9,8.42382e+07
21.7,30,8.07856e+07
21.7,30.1,7.73992e+07
21.7,30.2,7.40795e+07
21.7,30.3,7.08269e+07
21.7,30.4,6.76417e+07
21.7,30.5,6.45244e+07
21.7,30.6,6.14754e+07
21.7,30.7,5.8495e+07
21.7,30.8,5.55837e+07
21.7,30.9,5.27419e+07
21.7,31,4.997e+07
21.7,31.1,4.72684e+07
21.7,31.2,4.46374e+07
21.7,31.3,4.20776e+07
21.7,31.4,3.95893e+07
21.7,31.5,3.71729e+07
21.7,31.6,3.48288e+07
21.7,31.7,3.25574e+07
21.7,31.8,3.03592e+07
21.7,31.9,2.82346e+07
21.7,32,2.6184e+07
21.7,32.1,2.42077e+07
21.7,32.2,2.23062e+07
21.7,32.3,2.048e+07
21.7,32.4,1.87294e+07
21.7,32.5,1.70548e+07
21.7,32.6,1.54567e+07
21.7,32.7,1.39355e+07
21.7,32.8,1.24915e+07
21.7,32.9,1.11253e+07
21.7,33,9.83725e+06
21.7,33.1,8.62774e+06
21.7,33.2,7.4972e+06
21.7,33.3,6.44607e+06
21.7,33.4,5.47475e+06
21.7,33.5,4.58369e+06
21.7,33.6,3.77329e+06
21.7,33.7,3.04399e+06
21.7,33.8,2.39622e+06
21.7,33.9,1.83038e+06
21.7,34,1.34693e+06
21.7,34.1,946272
21.7,34.2,628847
21.7,34.3,395082
21.7,34.4,245405
21.7,34.5,180249
21.7,34.6,200044
21.7,34.7,305222
21.7,34.8,496216
21.7,34.9,773460
21.7,35,1.13739e+06
21.7,35.1,1.58843e+06
21.7,35.2,2.12704e+06
21.7,35.3,2.75363e+06
21.7,35.4,3.46865e+06
21.7,35.5,4.27254e+06
21.7,35.6,5.16573e+06
21.7,35.7,6.14866e+06
21.7,35.8,7.22178e+06
21.7,35.9,8.38553e+06
21.7,36,9.64034e+06
21.7,36.1,1.09867e+07
21.7,36.2,1.24249e+07
21.7,36.3,1.39556e+07
21.7,36.4,1.55791e+07
21.7,36.5,1.72959e+07
21.7,36.6,1.91064e+07
21.7,36.7,2.10111e+07
21.7,36.8,2.30105e+07
21.7,36.9,2.51049e+07
21.7,37,2.72948e+07
21.7,37.1,2.95807e+07
21.7,37.2,3.1963e+07
21.7,37.3,3.44422e+07
21.7,37.4,3.70187e+07
21.7,37.5,3.9693e+07
21.7,37.6,4.24656e+07
21.7,37.7,4.53368e+07
21.7,37.8,4.83071e+07
21.7,37.9,5.13771e+07
21.7,38,5.45471e+07
21.7,38.1,5.78176e+07
21.7,38.2,6.11891e+07
21.7,38.3,6.4662e+07
21.7,38.4,6.82368e+07
21.7,38.5,7.19139e+07
21.7,38.6,7.56938e+07
21.7,38.7,7.9577e+07
21.7,38.8,8.3564e+07
21.7,38.9,8.76551e+07
21.7,39,9.18508e+07
21.7,39.1,9.61517e+07
21.7,39.2,1.00558e+08
21.7,39.3,1.05071e+08
21.7,39.4,1.0969e+08
21.7,39.5,1.14416e+08
21.7,39.6,1.19249e+08
21.7,39.7,1.24191e+08
21.7,39.8,1.2924e+08
21.7,39.9,1.34399e+08
21.8,20,1.11453e+09
21.8,20.1,1.09487e+09
21.8,20.2,1.07531e+09
21.8,20.3,1.05586e+09
21.8,20.4,1.03652e+09
21.8,20.5,1.01729e+09
21.8,20.6,9.98171e+08
21.8,20.7,9.79172e+08
21.8,20.8,9.6029e+08
21.8,20.9,9.41527e+08
21.8,21,9.22886e+08
21.8,21.1,9.04369e+08
21.8,21.2,8.85977e+08
21.8,21.3,8.67712e+08
21.8,21.4,8.49576e+08
21.8,21.5,8.31572e+08
21.8,21.6,8.137e+08
21.8,21.7,7.95964e+08
21.8,21.8,7.78365e+08
21.8,21.9,7.65118e+08
21.8,22,7.51946e+08
21.8,22.1,7.38851e+08
21.8,22.2,7.25834e+08
21.8,22.3,7.12895e+08
21.8,22.4,7.00035e+08
21.8,22.5,6.87256e+08
21.8,22.6,6.74558e+08
21.8,22.7,6.61943e+08
21.8,22.8,6.49411e+08
21.8,22.9,6.36964e+08
21.8,23,6.24602e+08
21.8,23.1,6.12327e+08
21.8,23.2,6.0014e+08
21.8,23.3,5.88041e+08
21.8,23.4,5.76033e+08
21.8,23.5,5.64114e+08
21.8,23.6,5.52288e+08
21.8,23.7,5.40555e+08
21.8,23.8,5.28915e+08
21.8,23.9,5.1737e+08
21.8,24,5.05922e+08
21.8,24.1,4.9457e+08
21.8,24.2,4.83317e+08
21.8,24.3,4.72163e+08
21.8,24.4,4.61109e+08
21.8,24.5,4.50157e+08
21.8,24.6,4.39306e+08
21.8,24.7,4.2856e+08
21.8,24.8,4.17918e+08
21.8,24.9,4.07382e+08
21.8,25,3.96952e+08
21.8,25.1,3.8663e+08
21.8,25.2,3.76417e+08
21.8,25.3,3.66315e+08
21.8,25.4,3.56323e+08
21.8,25.5,3.46444e+08
21.8,25.6,3.36677e+08
21.8,25.7,3.27026e+08
21.8,25.8,3.1749e+08
21.8,25.9,3.0807e+08
21.8,26,2.98769e+08
21.8,26.1,2.89586e+08
21.8,26.2,2.80523e+08
21.8,26.3,2.71582e+08
21.8,26.4,2.62762e+08
21.8,26.5,2.54066e+08
21.8,26.6,2.45495e+08
21.8,26.7,2.37049e+08
21.8,26.8,2.2873e+08
21.8,26.9,2.20539e+08
21.8,27,2.12477e+08
21.8,27.1,2.04546e+08
21.8,27.2,1.96746e+08
21.8,27.3,1.89078e+08
21.8,27.4,1.92418e+08
21.8,27.5,1.76683e+08
21.8,27.6,1.71878e+08
21.8,27.7,1.67131e+08
21.8,27.8,1.62441e+08
21.8,27.9,1.5781e+08
21.8,28,1.53237e+08
21.8,28.1,1.48722e+08
21.8,28.2,1.44267e+08
21.8,28.3,1.39872e+08
21.8,28.4,1.35536e+08
21.8,28.5,1.31261e+08
21.8,28.6,1.27047e+08
21.8,28.7,1.22893e+08
21.8,28.8,1.18801e+08
21.8,28.9,1.14771e+08
21.8,29,1.10804e+08
21.8,29.1,1.06899e+08
21.8,29.2,1.03057e+08
21.8,29.3,9.92785e+07
21.8,29.4,9.5564e+07
21.8,29.5,9.19137e+07
21.8,29.6,8.83281e+07
21.8,29.7,8.48075e+07
21.8,29.8,8.13524e+07
21.8,29.9,7.79631e+07
21.8,30,7.464e+07
21.8,30.1,7.13836e+07
21.8,30.2,6.81943e+07
21.8,30.3,6.50724e+07
21.8,30.4,6.20183e+07
21.8,30.5,5.90325e+07
21.8,30.6,5.61153e+07
21.8,30.7,5.32671e+07
21.8,30.8,5.04884e+07
21.8,30.9,4.77796e+07
21.8,31,4.5141e+07
21.8,31.1,4.25731e+07
21.8,31.2,4.00763e+07
21.8,31.3,3.7651e+07
21.8,31.4,3.52976e+07
21.8,31.5,3.30164e+07
21.8,31.6,3.0808e+07
21.8,31.7,2.86727e+07
21.8,31.8,2.66109e+07
21.8,31.9,2.46231e+07
21.8,32,2.27096e+07
21.8,32.1,2.08709e+07
21.8,32.2,1.91074e+07
21.8,32.3,1.74194e+07
21.8,32.4,1.58075e+07
21.8,32.5,1.42721e+07
21.8,32.6,1.28135e+07
21.8,32.7,1.14321e+07
21.8,32.8,1.01284e+07
21.8,32.9,8.90286e+06
21.8,33,7.75582e+06
21.8,33.1,6.68772e+06
21.8,33.2,5.69899e+06
21.8,33.3,4.79005e+06
21.8,33.4,3.96133e+06
21.8,33.5,3.21323e+06
21.8,33.6,2.5462e+06
21.8,33.7,1.96065e+06
21.8,33.8,1.45702e+06
21.8,33.9,1.03572e+06
21.8,34,697183
21.8,34.1,441842
21.8,34.2,270122
21.8,34.3,182454
21.8,34.4,179267
21.8,34.5,260992
21.8,34.6,428062
21.8,34.7,680908
21.8,34.8,1.01996e+06
21.8,34.9,1.44566e+06
21.8,35,1.95844e+06
21.8,35.1,2.55873e+06
21.8,35.2,3.24697e+06
21.8,35.3,4.0236e+06
21.8,35.4,4.88905e+06
21.8,35.5,5.84377e+06
21.8,35.6,6.88818e+06
21.8,35.7,8.02274e+06
21.8,35.8,9.24787e+06
21.8,35.9,1.0564e+07
21.8,36,1.19717e+07
21.8,36.1,1.34712e+07
21.8,36.2,1.50631e+07
21.8,36.3,1.67478e+07
21.8,36.4,1.85257e+07
21.8,36.5,2.03973e+07
21.8,36.6,2.2363e+07
21.8,36.7,2.44233e+07
21.8,36.8,2.65787e+07
21.8,36.9,2.88295e+07
21.8,37,3.11762e+07
21.8,37.1,3.36193e+07
21.8,37.2,3.61593e+07
21.8,37.3,3.87965e+07
21.8,37.4,4.15314e+07
21.8,37.5,4.43646e+07
21.8,37.6,4.72963e+07
21.8,37.7,5.03272e+07
21.8,37.8,5.34576e+07
21.8,37.9,5.6688e+07
21.8,38,6.00188e+07
21.8,38.1,6.34506e+07
21.8,38.2,6.69837e+07
21.8,38.3,7.06187e+07
21.8,38.4,7.4356e+07
21.8,38.5,7.8196e+07
21.8,38.6,8.21392e+07
21.8,38.7,8.61861e+07
21.8,38.8,9.03371e+07
21.8,38.9,9.45928e+07
21.8,39,9.89535e+07
21.8,39.1,1.0342e+08
21.8,39.2,1.07992e+08
21.8,39.3,1.12671e+08
21.8,39.4,1.17456e+08
21.8,39.5,1.22349e+08
21.8,39.6,1.2735e+08
21.8,39.7,1.32459e+08
21.8,39.8,1.37677e+08
21.8,39.9,1.43004e+08
21.9,20,1.0975e+09
21.9,20.1,1.07798e+09
21.9,20.2,1.05856e+09
21.9,20.3,1.03925e+09
21.9,20.4,1.02005e+09
21.9,20.5,1.00096e+09
21.9,20.6,9.81993e+08
21.9,20.7,9.63138e+08
21.9,20.8,9.44401e+08
21.9,20.9,9.25785e+08
21.9,21,9.07291e+08
21.9,21.1,8.88921e+08
21.9,21.2,8.70677e+08
21.9,21.3,8.52561e+08
21.9,21.4,8.34575e+08
21.9,21.5,8.16721e+08
21.9,21.6,7.99001e+08
21.9,21.7,7.81417e+08
21.9,21.8,7.6397e+08
21.9,21.9,7.46663e+08
21.9,22,7.33643e+08
21.9,22.1,7.207e+08
21.9,22.2,7.07834e+08
21.9,22.3,6.95048e+08
21.9,22.4,6.82342e+08
21.9,22.5,6.69717e+08
21.9,22.6,6.57174e+08
21.9,22.7,6.44715e+08
21.9,22.8,6.32339e+08
21.9,22.9,6.20049e+08
21.9,23,6.07844e+08
21.9,23.1,5.95728e+08
21.9,23.2,5.83699e+08
21.9,23.3,5.7176e+08
21.9,23.4,5.59911e+08
21.9,23.5,5.48153e+08
21.9,23.6,5.36488e+08
21.9,23.7,5.24917e+08
21.9,23.8,5.1344e+08
21.9,23.9,5.02058e+08
21.9,24,4.90774e+08
21.9,24.1,4.79587e+08
21.9,24.2,4.68499e+08
21.9,24.3,4.5751e+08
21.9,24.4,4.46623e+08
21.9,24.5,4.35838e+08
21.9,24.6,4.25155e+08
21.9,24.7,4.14577e+08
21.9,24.8,4.04104e+08
21.9,24.9,3.93738e+08
21.9,25,3.83479e+08
21.9,25.1,3.73328e+08
21.9,25.2,3.63287e+08
21.9,25.3,3.53357e+08
21.9,25.4,3.43538e+08
21.9,25.5,3.33832e+08
21.9,25.6,3.24241e+08
21.9,25.7,3.14764e+08
21.9,25.8,3.05404e+08
21.9,25.9,2.96161e+08
21.9,26,2.87036e+08
21.9,26.1,2.78031e+08
21.9,26.2,2.69147e+08
21.9,26.3,2.60384e+08
21.9,26.4,2.51744e+08
21.9,26.5,2.43229e+08
21.9,26.6,2.34838e+08
21.9,26.7,2.26574e+08
21.9,26.8,2.18438e+08
21.9,26.9,2.1043e+08
21.9,27,2.02552e+08
21.9,27.1,1.94805e+08
21.9,27.2,1.8719e+08
21.9,27.3,1.79708e+08
21.9,27.4,1.82959e+08
21.9,27.5,1.6762e+08
21.9,27.6,1.62936e+08
21.9,27.7,1.58311e+08
21.9,27.8,1.53743e+08
21.9,27.9,1.49234e+08
21.9,28,1.44784e+08
21.9,28.1,1.40393e+08
21.9,28.2,1.36061e+08
21.9,28.3,1.31789e+08
21.9,28.4,1.27578e+08
21.9,28.5,1.23427e+08
21.9,28.6,1.19338e+08
21.9,28.7,1.1531e+08
21.9,28.8,1.11344e+08
21.9,28.9,1.0744e+08
21.9,29,1.03599e+08
21.9,29.1,9.98207e+07
21.9,29.2,9.61061e+07
21.9,29.3,9.24552e+07
21.9,29.4,8.88687e+07
21.9,29.5,8.53467e+07
21.9,29.6,8.18898e+07
21.9,29.7,7.84983e+07
21.9,29.8,7.51727e+07
21.9,29.9,7.19132e+07
21.9,30,6.87204e+07
21.9,30.1,6.55946e+07
21.9,30.2,6.25362e+07
21.9,30.3,5.95457e+07
21.9,30.4,5.66233e+07
21.9,30.5,5.37696e+07
21.9,30.6,5.09849e+07
21.9,30.7,4.82696e+07
21.9,30.8,4.56242e+07
21.9,30.9,4.3049e+07
21.9,31,4.05444e+07
21.9,31.1,3.81109e+07
21.9,31.2,3.57489e+07
21.9,31.3,3.34587e+07
21.9,31.4,3.12408e+07
21.9,31.5,2.90956e+07
21.9,31.6,2.70235e+07
21.9,31.7,2.50248e+07
21.9,31.8,2.31001e+07
21.9,31.9,2.12497e+07
21.9,32,1.94741e+07
21.9,32.1,1.77736e+07
21.9,32.2,1.61487e+07
21.9,32.3,1.45998e+07
21.9,32.4,1.31273e+07
21.9,32.5,1.17316e+07
21.9,32.6,1.04131e+07
21.9,32.7,9.17227e+06
21.9,32.8,8.00953e+06
21.9,32.9,6.92527e+06
21.9,33,5.91993e+06
21.9,33.1,4.99393e+06
21.9,33.2,4.14767e+06
21.9,33.3,3.3816e+06
21.9,33.4,2.69613e+06
21.9,33.5,2.09168e+06
21.9,33.6,1.56868e+06
21.9,33.7,1.12756e+06
21.9,33.8,768742
21.9,33.9,492650
21.9,34,299715
21.9,34.1,190365
21.9,34.2,165029
21.9,34.3,224137
21.9,34.4,368119
21.9,34.5,597407
21.9,34.6,912433
21.9,34.7,1.31363e+06
21.9,34.8,1.80143e+06
21.9,34.9,2.37627e+06
21.9,35,3.03858e+06
21.9,35.1,3.7888e+06
21.9,35.2,4.62737e+06
21.9,35.3,5.55472e+06
21.9,35.4,6.57129e+06
21.9,35.5,7.67752e+06
21.9,35.6,8.87385e+06
21.9,35.7,1.01607e+07
21.9,35.8,1.15386e+07
21.9,35.9,1.30078e+07
21.9,36,1.4569e+07
21.9,36.1,1.62224e+07
21.9,36.2,1.79686e+07
21.9,36.3,1.9808e+07
21.9,36.4,2.1741e+07
21.9,36.5,2.37681e+07
21.9,36.6,2.58898e+07
21.9,36.7,2.81064e+07
21.9,36.8,3.04184e+07
21.9,36.9,3.28264e+07
21.9,37,3.53306e+07
21.9,37.1,3.79317e+07
21.9,37.2,4.06299e+07
21.9,37.3,4.34259e+07
21.9,37.4,4.63199e+07
21.9,37.5,4.93126e+07
21.9,37.6,5.24043e+07
21.9,37.7,5.55955e+07
21.9,37.8,5.88866e+07
21.9,37.9,6.22782e+07
21.9,38,6.57706e+07
21.9,38.1,6.93643e+07
21.9,38.2,7.30598e+07
21.9,38.3,7.68576e+07
21.9,38.4,8.07581e+07
21.9,38.5,8.47617e+07
21.9,38.6,8.88689e+07
21.9,38.7,9.30802e+07
21.9,38.8,9.73961e+07
21.9,38.9,1.01817e+08
21.9,39,1.06343e+08
21.9,39.1,1.10976e+08
21.9,39.2,1.15714e+08
21.9,39.3,1.2056e+08
21.9,39.4,1.25513e+08
21.9,39.5,1.30573e+08
21.9,39.6,1.35742e+08
21.9,39.7,1.4102e+08
21.9,39.8,1.46407e+08
21.9,39.9,1.51904e+08
22,20,1.08056e+09
22,20.1,1.06117e+09
22,20.2,1.0419e+09
22,20.3,1.02273e+09
22,20.4,1.00367e+09
22,20.5,9.84731e+08
22,20.6,9.65903e+08
22,20.7,9.47194e+08
22,20.8,9.28603e+08
22,20.9,9.10133e+08
22,21,8.91786e+08
22,21.1,8.73565e+08
22,21.2,8.5547e+08
22,21.3,8.37503e+08
22,21.4,8.19668e+08
22,21.5,8.01965e+08
22,21.6,7.84397e+08
22,21.7,7.66965e+08
22,21.8,7.49672e+08
22,21.9,7.32519e+08
22,22,7.15509e+08
22,22.1,7.02718e+08
22,22.2,6.90006e+08
22,22.3,6.77374e+08
22,22.4,6.64822e+08
22,22.5,6.52352e+08
22,22.6,6.39965e+08
22,22.7,6.27661e+08
22,22.8,6.15442e+08
22,22.9,6.0331e+08
22,23,5.91264e+08
22,23.1,5.79306e+08
22,23.2,5.67436e+08
22,23.3,5.55657e+08
22,23.4,5.43969e+08
22,23.5,5.32373e+08
22,23.6,5.2087e+08
22,23.7,5.09461e+08
22,23.8,4.98148e+08
22,23.9,4.8693e+08
22,24,4.7581e+08
22,24.1,4.64789e+08
22,24.2,4.53866e+08
22,24.3,4.43045e+08
22,24.4,4.32325e+08
22,24.5,4.21707e+08
22,24.6,4.11194e+08
22,24.7,4.00785e+08
22,24.8,3.90482e+08
22,24.9,3.80286e+08
22,25,3.70198e+08
22,25.1,3.60219e+08
22,25.2,3.5035e+08
22,25.3,3.40593e+08
22,25.4,3.30949e+08
22,25.5,3.21417e+08
22,25.6,3.12001e+08
22,25.7,3.027e+08
22,25.8,2.93516e+08
22,25.9,2.8445e+08
22,26,2.75504e+08
22,26.1,2.66677e+08
22,26.2,2.57972e+08
22,26.3,2.49389e+08
22,26.4,2.4093e+08
22,26.5,2.32596e+08
22,26.6,2.24387e+08
22,26.7,2.16306e+08
22,26.8,2.08352e+08
22,26.9,2.00528e+08
22,27,1.92835e+08
22,27.1,1.85273e+08
22,27.2,1.77843e+08
22,27.3,1.70548e+08
22,27.4,1.73712e+08
22,27.5,1.58769e+08
22,27.6,1.54208e+08
22,27.7,1.49704e+08
22,27.8,1.45259e+08
22,27.9,1.40873e+08
22,28,1.36546e+08
22,28.1,1.32279e+08
22,28.2,1.28071e+08
22,28.3,1.23924e+08
22,28.4,1.19838e+08
22,28.5,1.15812e+08
22,28.6,1.11849e+08
22,28.7,1.07946e+08
22,28.8,1.04107e+08
22,28.9,1.0033e+08
22,29,9.66155e+07
22,29.1,9.29649e+07
22,29.2,8.93781e+07
22,29.3,8.58555e+07
22,29.4,8.23976e+07
22,29.5,7.90046e+07
22,29.6,7.5677e+07
22,29.7,7.24153e+07
22,29.8,6.92197e+07
22,29.9,6.60908e+07
22,30,6.30288e+07
22,30.1,6.00343e+07
22,30.2,5.71075e+07
22,30.3,5.4249e+07
22,30.4,5.1459e+07
22,30.5,4.8738e+07
22,30.6,4.60865e+07
22,30.7,4.35047e+07
22,30.8,4.09932e+07
22,30.9,3.85523e+07
22,31,3.61824e+07
22,31.1,3.38839e+07
22,31.2,3.16573e+07
22,31.3,2.95029e+07
22,31.4,2.74212e+07
22,31.5,2.54126e+07
22,31.6,2.34774e+07
22,31.7,2.16161e+07
22,31.8,1.98292e+07
22,31.9,1.81169e+07
22,32,1.64798e+07
22,32.1,1.49182e+07
22,32.2,1.34325e+07
22,32.3,1.20233e+07
22,32.4,1.06908e+07
22,32.5,9.43549e+06
22,32.6,8.25784e+06
22,32.7,7.15822e+06
22,32.8,6.13707e+06
22,32.9,5.1948e+06
22,33,4.33183e+06
22,33.1,3.54858e+06
22,33.2,2.84547e+06
22,33.3,2.22294e+06
22,33.4,1.68139e+06
22,33.5,1.22126e+06
22,33.6,842977
22,33.7,546956
22,33.8,333628
22,33.9,203422
22,34,156764
22,34.1,194084
22,34.2,315811
22,34.3,522375
22,34.4,814208
22,34.5,1.19174e+06
22,34.6,1.65541e+06
22,34.7,2.20564e+06
22,34.8,2.84287e+06
22,34.9,3.56753e+06
22,35,4.38006e+06
22,35.1,5.2809e+06
22,35.2,6.27049e+06
22,35.3,7.34925e+06
22,35.4,8.51763e+06
22,35.5,9.77607e+06
22,35.6,1.1125e+07
22,35.7,1.25649e+07
22,35.8,1.40961e+07
22,35.9,1.57192e+07
22,36,1.74345e+07
22,36.1,1.92426e+07
22,36.2,2.11438e+07
22,36.3,2.31386e+07
22,36.4,2.52274e+07
22,36.5,2.74107e+07
22,36.6,2.96889e+07
22,36.7,3.20626e+07
22,36.8,3.4532e+07
22,36.9,3.70978e+07
22,37,3.97603e+07
22,37.1,4.25199e+07
22,37.2,4.53772e+07
22,37.3,4.83326e+07
22,37.4,5.13865e+07
22,37.5,5.45394e+07
22,37.6,5.77917e+07
22,37.7,6.1144e+07
22,37.8,6.45966e+07
22,37.9,6.815e+07
22,38,7.18047e+07
22,38.1,7.55611e+07
22,38.2,7.94197e+07
22,38.3,8.3381e+07
22,38.4,8.74453e+07
22,38.5,9.16133e+07
22,38.6,9.58852e+07
22,38.7,1.00262e+08
22,38.8,1.04743e+08
22,38.9,1.0933e+08
22,39,1.14023e+08
22,39.1,1.18822e+08
22,39.2,1.23727e+08
22,39.3,1.28741e+08
22,39.4,1.33862e+08
22,39.5,1.39091e+08
22,39.6,1.44428e+08
22,39.7,1.49875e+08
22,39.8,1.55432e+08
22,39.9,1.61099e+08
22.1,20,1.0637e+09
22.1,20.1,1.04446e+09
22.1,20.2,1.02532e+09
22.1,20.3,1.0063e+09
22.1,20.4,9.87385e+08
22.1,20.5,9.68586e+08
22.1,20.6,9.49904e+08
22.1,20.7,9.3134e+08
22.1,20.8,9.12895e+08
22.1,20.9,8.94573e+08
22.1,21,8.76374e+08
22.1,21.1,8.58301e+08
22.1,21.2,8.40356e+08
22.1,21.3,8.2254e+08
22.1,21.4,8.04855e+08
22.1,21.5,7.87304e+08
22.1,21.6,7.69888e+08
22.1,21.7,7.5261e+08
22.1,21.8,7.35471e+08
22.1,21.9,7.18473e+08
22.1,22,7.01619e+08
22.1,22.1,6.84909e+08
22.1,22.2,6.72351e+08
22.1,22.3,6.59873e+08
22.1,22.4,6.47476e+08
22.1,22.5,6.35162e+08
22.1,22.6,6.22931e+08
22.1,22.7,6.10784e+08
22.1,22.8,5.98723e+08
22.1,22.9,5.86749e+08
22.1,23,5.74862e+08
22.1,23.1,5.63063e+08
22.1,23.2,5.51354e+08
22.1,23.3,5.39736e+08
22.1,23.4,5.2821e+08
22.1,23.5,5.16776e+08
22.1,23.6,5.05435e+08
22.1,23.7,4.9419e+08
22.1,23.8,4.83041e+08
22.1,23.9,4.71988e+08
22.1,24,4.61033e+08
22.1,24.1,4.50178e+08
22.1,24.2,4.39422e+08
22.1,24.3,4.28768e+08
22.1,24.4,4.18216e+08
22.1,24.5,4.07767e+08
22.1,24.6,3.97423e+08
22.1,24.7,3.87184e+08
22.1,24.8,3.77052e+08
22.1,24.9,3.67027e+08
22.1,25,3.57111e+08
22.1,25.1,3.47305e+08
22.1,25.2,3.3761e+08
22.1,25.3,3.28027e+08
22.1,25.4,3.18557e+08
22.1,25.5,3.09201e+08
22.1,25.6,2.9996e+08
22.1,25.7,2.90836e+08
22.1,25.8,2.8183e+08
22.1,25.9,2.72942e+08
22.1,26,2.64174e+08
22.1,26.1,2.55526e+08
22.1,26.2,2.47001e+08
22.1,26.3,2.38599e+08
22.1,26.4,2.30321e+08
22.1,26.5,2.22169e+08
22.1,26.6,2.14143e+08
22.1,26.7,2.06245e+08
22.1,26.8,1.98476e+08
22.1,26.9,1.90836e+08
22.1,27,1.83328e+08
22.1,27.1,1.75952e+08
22.1,27.2,1.6871e+08
22.1,27.3,1.61602e+08
22.1,27.4,1.64677e+08
22.1,27.5,1.50133e+08
22.1,27.6,1.45694e+08
22.1,27.7,1.41313e+08
22.1,27.8,1.36992e+08
22.1,27.9,1.32729e+08
22.1,28,1.28526e+08
22.1,28.1,1.24383e+08
22.1,28.2,1.20301e+08
22.1,28.3,1.16278e+08
22.1,28.4,1.12318e+08
22.1,28.5,1.08418e+08
22.1,28.6,1.0458e+08
22.1,28.7,1.00805e+08
22.1,28.8,9.70922e+07
22.1,28.9,9.34425e+07
22.1,29,8.98561e+07
22.1,29.1,8.63336e+07
22.1,29.2,8.28753e+07
22.1,29.3,7.94816e+07
22.1,29.4,7.61529e+07
22.1,29.5,7.28895e+07
22.1,29.6,6.9692e+07
22.1,29.7,6.65606e+07
22.1,29.8,6.34958e+07
22.1,29.9,6.0498e+07
22.1,30,5.75675e+07
22.1,30.1,5.47049e+07
22.1,30.2,5.19104e+07
22.1,30.3,4.91845e+07
22.1,30.4,4.65275e+07
22.1,30.5,4.394e+07
22.1,30.6,4.14222e+07
22.1,30.7,3.89746e+07
22.1,30.8,3.65977e+07
22.1,30.9,3.42917e+07
22.1,31,3.20571e+07
22.1,31.1,2.98943e+07
22.1,31.2,2.78038e+07
22.1,31.3,2.57859e+07
22.1,31.4,2.3841e+07
22.1,31.5,2.19696e+07
22.1,31.6,2.01721e+07
22.1,31.7,1.84488e+07
22.1,31.8,1.68002e+07
22.1,31.9,1.52267e+07
22.1,32,1.37288e+07
22.1,32.1,1.23067e+07
22.1,32.2,1.0961e+07
22.1,32.3,9.69205e+06
22.1,32.4,8.50027e+06
22.1,32.5,7.38609e+06
22.1,32.6,6.34992e+06
22.1,32.7,5.39218e+06
22.1,32.8,4.51329e+06
22.1,32.9,3.71366e+06
22.1,33,2.99373e+06
22.1,33.1,2.35391e+06
22.1,33.2,1.79463e+06
22.1,33.3,1.3163e+06
22.1,33.4,919362
22.1,33.5,604227
22.1,33.6,371324
22.1,33.7,221081
22.1,33.8,153924
22.1,33.9,170280
22.1,34,270578
22.1,34.1,455247
22.1,34.2,724718
22.1,34.3,1.07942e+06
22.1,34.4,1.51979e+06
22.1,34.5,2.04625e+06
22.1,34.6,2.65923e+06
22.1,34.7,3.35918e+06
22.1,34.8,4.14653e+06
22.1,34.9,5.02171e+06
22.1,35,5.98515e+06
22.1,35.1,7.03729e+06
22.1,35.2,8.17858e+06
22.1,35.3,9.40944e+06
22.1,35.4,1.07303e+07
22.1,35.5,1.21417e+07
22.1,35.6,1.36439e+07
22.1,35.7,1.52375e+07
22.1,35.8,1.69228e+07
22.1,35.9,1.87004e+07
22.1,36,2.05706e+07
22.1,36.1,2.2534e+07
22.1,36.2,2.45908e+07
22.1,36.3,2.67417e+07
22.1,36.4,2.89871e+07
22.1,36.5,3.13273e+07
22.1,36.6,3.37629e+07
22.1,36.7,3.62942e+07
22.1,36.8,3.89218e+07
22.1,36.9,4.1646e+07
22.1,37,4.44674e+07
22.1,37.1,4.73864e+07
22.1,37.2,5.04034e+07
22.1,37.3,5.3519e+07
22.1,37.4,5.67334e+07
22.1,37.5,6.00473e+07
22.1,37.6,6.3461e+07
22.1,37.7,6.6975e+07
22.1,37.8,7.05898e+07
22.1,37.9,7.43058e+07
22.1,38,7.81234e+07
22.1,38.1,8.20432e+07
22.1,38.2,8.60656e+07
22.1,38.3,9.01911e+07
22.1,38.4,9.44201e+07
22.1,38.5,9.8753e+07
22.1,38.6,1.0319e+08
22.1,38.7,1.07733e+08
22.1,38.8,1.1238e+08
22.1,38.9,1.17134e+08
22.1,39,1.21994e+08
22.1,39.1,1.2696e+08
22.1,39.2,1.32034e+08
22.1,39.3,1.37215e+08
22.1,39.4,1.42505e+08
22.1,39.5,1.47903e+08
22.1,39.6,1.53411e+08
22.1,39.7,1.59028e+08
22.1,39.8,1.64755e+08
22.1,39.9,1.70592e+08
22.2,20,1.04693e+09
22.2,20.1,1.02783e+09
22.2,20.2,1.00884e+09
22.2,20.3,9.89954e+08
22.2,20.4,9.71186e+08
22.2,20.5,9.52532e+08
22.2,20.6,9.33995e+08
22.2,20.7,9.15578e+08
22.2,20.8,8.9728e+08
22.2,20.9,8.79106e+08
22.2,21,8.61055e+08
22.2,21.1,8.43132e+08
22.2,21.2,8.25336e+08
22.2,21.3,8.07671e+08
22.2,21.4,7.90138e+08
22.2,21.5,7.7274e+08
22.2,21.6,7.55477e+08
22.2,21.7,7.38353e+08
22.2,21.8,7.21368e+08
22.2,21.9,7.04526e+08
22.2,22,6.87828e+08
22.2,22.1,6.71275e+08
22.2,22.2,6.54871e+08
22.2,22.3,6.42548e+08
22.2,22.4,6.30307e+08
22.2,22.5,6.18149e+08
22.2,22.6,6.06076e+08
22.2,22.7,5.94087e+08
22.2,22.8,5.82184e+08
22.2,22.9,5.70369e+08
22.2,23,5.58641e+08
22.2,23.1,5.47003e+08
22.2,23.2,5.35455e+08
22.2,23.3,5.23999e+08
22.2,23.4,5.12634e+08
22.2,23.5,5.01363e+08
22.2,23.6,4.90187e+08
22.2,23.7,4.79106e+08
22.2,23.8,4.68121e+08
22.2,23.9,4.57234e+08
22.2,24,4.46446e+08
22.2,24.1,4.35757e+08
22.2,24.2,4.25169e+08
22.2,24.3,4.14683e+08
22.2,24.4,4.04299e+08
22.2,24.5,3.9402e+08
22.2,24.6,3.83846e+08
22.2,24.7,3.73778e+08
22.2,24.8,3.63817e+08
22.2,24.9,3.53965e+08
22.2,25,3.44221e+08
22.2,25.1,3.34589e+08
22.2,25.2,3.25068e+08
22.2,25.3,3.15659e+08
22.2,25.4,3.06365e+08
22.2,25.5,2.97185e+08
22.2,25.6,2.88121e+08
22.2,25.7,2.79174e+08
22.2,25.8,2.70346e+08
22.2,25.9,2.61637e+08
22.2,26,2.53048e+08
22.2,26.1,2.44581e+08
22.2,26.2,2.36237e+08
22.2,26.3,2.28016e+08
22.2,26.4,2.1992e+08
22.2,26.5,2.11951e+08
22.2,26.6,2.04108e+08
22.2,26.7,1.96394e+08
22.2,26.8,1.8881e+08
22.2,26.9,1.81356e+08
22.2,27,1.74034e+08
22.2,27.1,1.66845e+08
22.2,27.2,1.5979e+08
22.2,27.3,1.5287e+08
22.2,27.4,1.55857e+08
22.2,27.5,1.41713e+08
22.2,27.6,1.37397e+08
22.2,27.7,1.3314e+08
22.2,27.8,1.28943e+08
22.2,27.9,1.24804e+08
22.2,28,1.20726e+08
22.2,28.1,1.16708e+08
22.2,28.2,1.12751e+08
22.2,28.3,1.08854e+08
22.2,28.4,1.0502e+08
22.2,28.5,1.01247e+08
22.2,28.6,9.75358e+07
22.2,28.7,9.38876e+07
22.2,28.8,9.03025e+07
22.2,28.9,8.67807e+07
22.2,29,8.33228e+07
22.2,29.1,7.9929e+07
22.2,29.2,7.65999e+07
22.2,29.3,7.33356e+07
22.2,29.4,7.01368e+07
22.2,29.5,6.70037e+07
22.2,29.6,6.39368e+07
22.2,29.7,6.09365e+07
22.2,29.8,5.80031e+07
22.2,29.9,5.5137e+07
22.2,30,5.23387e+07
22.2,30.1,4.96086e+07
22.2,30.2,4.6947e+07
22.2,30.3,4.43544e+07
22.2,30.4,4.18311e+07
22.2,30.5,3.93777e+07
22.2,30.6,3.69943e+07
22.2,30.7,3.46816e+07
22.2,30.8,3.24398e+07
22.2,30.9,3.02694e+07
22.2,31,2.81708e+07
22.2,31.1,2.61444e+07
22.2,31.2,2.41906e+07
22.2,31.3,2.23098e+07
22.2,31.4,2.05025e+07
22.2,31.5,1.8769e+07
22.2,31.6,1.71097e+07
22.2,31.7,1.55251e+07
22.2,31.8,1.40155e+07
22.2,31.9,1.25815e+07
22.2,32,1.12233e+07
22.2,32.1,9.94149e+06
22.2,32.2,8.73638e+06
22.2,32.3,7.60842e+06
22.2,32.4,6.55802e+06
22.2,32.5,5.5856e+06
22.2,32.6,4.69158e+06
22.2,32.7,3.87638e+06
22.2,32.8,3.14042e+06
22.2,32.9,2.48412e+06
22.2,33,1.9079e+06
22.2,33.1,1.41218e+06
22.2,33.2,997390
22.2,33.3,663950
22.2,33.4,412284
22.2,33.5,242818
22.2,33.6,155977
22.2,33.7,152189
22.2,33.8,231879
22.2,33.9,395477
22.2,34,643411
22.2,34.1,976111
22.2,34.2,1.39401e+06
22.2,34.3,1.89753e+06
22.2,34.4,2.48711e+06
22.2,34.5,3.16318e+06
22.2,34.6,3.92618e+06
22.2,34.7,4.77654e+06
22.2,34.8,5.71468e+06
22.2,34.9,6.74106e+06
22.2,35,7.8561e+06
22.2,35.1,9.06024e+06
22.2,35.2,1.03539e+07
22.2,35.3,1.17376e+07
22.2,35.4,1.32116e+07
22.2,35.5,1.47766e+07
22.2,35.6,1.64328e+07
22.2,35.7,1.81808e+07
22.2,35.8,2.00209e+07
22.2,35.9,2.19537e+07
22.2,36,2.39795e+07
22.2,36.1,2.60988e+07
22.2,36.2,2.83121e+07
22.2,36.3,3.06198e+07
22.2,36.4,3.30223e+07
22.2,36.5,3.55202e+07
22.2,36.6,3.81138e+07
22.2,36.7,4.08035e+07
22.2,36.8,4.35899e+07
22.2,36.9,4.64734e+07
22.2,37,4.94544e+07
22.2,37.1,5.25334e+07
22.2,37.2,5.57109e+07
22.2,37.3,5.89873e+07
22.2,37.4,6.2363e+07
22.2,37.5,6.58385e+07
22.2,37.6,6.94143e+07
22.2,37.7,7.30908e+07
22.2,37.8,7.68684e+07
22.2,37.9,8.07477e+07
22.2,38,8.47291e+07
22.2,38.1,8.8813e+07
22.2,38.2,9.29999e+07
22.2,38.3,9.72903e+07
22.2,38.4,1.01685e+08
22.2,38.5,1.06183e+08
22.2,38.6,1.10787e+08
22.2,38.7,1.15496e+08
22.2,38.8,1.2031e+08
22.2,38.9,1.25231e+08
22.2,39,1.30259e+08
22.2,39.1,1.35394e+08
22.2,39.2,1.40636e+08
22.2,39.3,1.45987e+08
22.2,39.4,1.51446e+08
22.2,39.5,1.57014e+08
22.2,39.6,1.62691e+08
22.2,39.7,1.68479e+08
22.2,39.8,1.74377e+08
22.2,39.9,1.80386e+08
22.3,20,1.03025e+09
22.3,20.1,1.01129e+09
22.3,20.2,9.92439e+08
22.3,20.3,9.73702e+08
22.3,20.4,9.55078e+08
22.3,20.5,9.36569e+08
22.3,20.6,9.18179e+08
22.3,20.7,8.99908e+08
22.3,20.8,8.81758e+08
22.3,20.9,8.63732e+08
22.3,21,8.45831e+08
22.3,21.1,8.28057e+08
22.3,21.2,8.10413e+08
22.3,21.3,7.92899e+08
22.3,21.4,7.75518e+08
22.3,21.5,7.58273e+08
22.3,21.6,7.41164e+08
22.3,21.7,7.24194e+08
22.3,21.8,7.07365e+08
22.3,21.9,6.90679e+08
22.3,22,6.74137e+08
22.3,22.1,6.57743e+08
22.3,22.2,6.41497e+08
22.3,22.3,6.25402e+08
22.3,22.4,6.13317e+08
22.3,22.5,6.01317e+08
22.3,22.6,5.89401e+08
22.3,22.7,5.7757e+08
22.3,22.8,5.65827e+08
22.3,22.9,5.54171e+08
22.3,23,5.42604e+08
22.3,23.1,5.31127e+08
22.3,23.2,5.19741e+08
22.3,23.3,5.08447e+08
22.3,23.4,4.97245e+08
22.3,23.5,4.86138e+08
22.3,23.6,4.75126e+08
22.3,23.7,4.6421e+08
22.3,23.8,4.53391e+08
22.3,23.9,4.4267e+08
22.3,24,4.32049e+08
22.3,24.1,4.21527e+08
22.3,24.2,4.11108e+08
22.3,24.3,4.00791e+08
22.3,24.4,3.90577e+08
22.3,24.5,3.80468e+08
22.3,24.6,3.70465e+08
22.3,24.7,3.60568e+08
22.3,24.8,3.5078e+08
22.3,24.9,3.411e+08
22.3,25,3.3153e+08
22.3,25.1,3.22072e+08
22.3,25.2,3.12726e+08
22.3,25.3,3.03493e+08
22.3,25.4,2.94375e+08
22.3,25.5,2.85372e+08
22.3,25.6,2.76485e+08
22.3,25.7,2.67717e+08
22.3,25.8,2.59068e+08
22.3,25.9,2.50538e+08
22.3,26,2.4213e+08
22.3,26.1,2.33843e+08
22.3,26.2,2.25681e+08
22.3,26.3,2.17642e+08
22.3,26.4,2.09729e+08
22.3,26.5,2.01943e+08
22.3,26.6,1.94285e+08
22.3,26.7,1.86756e+08
22.3,26.8,1.79358e+08
22.3,26.9,1.7209e+08
22.3,27,1.64955e+08
22.3,27.1,1.57953e+08
22.3,27.2,1.51087e+08
22.3,27.3,1.44356e+08
22.3,27.4,1.47255e+08
22.3,27.5,1.33512e+08
22.3,27.6,1.2932e+08
22.3,27.7,1.25187e+08
22.3,27.8,1.21114e+08
22.3,27.9,1.17101e+08
22.3,28,1.13148e+08
22.3,28.1,1.09255e+08
22.3,28.2,1.05424e+08
22.3,28.3,1.01654e+08
22.3,28.4,9.7946e+07
22.3,28.5,9.43002e+07
22.3,28.6,9.07169e+07
22.3,28.7,8.71966e+07
22.3,28.8,8.37398e+07
22.3,28.9,8.03467e+07
22.3,29,7.70177e+07
22.3,29.1,7.37534e+07
22.3,29.2,7.0554e+07
22.3,29.3,6.74199e+07
22.3,29.4,6.43516e+07
22.3,29.5,6.13494e+07
22.3,29.6,5.84138e+07
22.3,29.7,5.55451e+07
22.3,29.8,5.27437e+07
22.3,29.9,5.00101e+07
22.3,30,4.73446e+07
22.3,30.1,4.47477e+07
22.3,30.2,4.22197e+07
22.3,30.3,3.9761e+07
22.3,30.4,3.73721e+07
22.3,30.5,3.50533e+07
22.3,30.6,3.28051e+07
22.3,30.7,3.06278e+07
22.3,30.8,2.85219e+07
22.3,30.9,2.64877e+07
22.3,31,2.45257e+07
22.3,31.1,2.26364e+07
22.3,31.2,2.082e+07
22.3,31.3,1.9077e+07
22.3,31.4,1.74078e+07
22.3,31.5,1.58128e+07
22.3,31.6,1.42925e+07
22.3,31.7,1.28472e+07
22.3,31.8,1.14774e+07
22.3,31.9,1.01834e+07
22.3,32,8.96574e+06
22.3,32.1,7.82477e+06
22.3,32.2,6.76092e+06
22.3,32.3,5.77461e+06
22.3,32.4,4.86625e+06
22.3,32.5,4.03626e+06
22.3,32.6,3.28507e+06
22.3,32.7,2.61308e+06
22.3,32.8,2.02072e+06
22.3,32.9,1.50841e+06
22.3,33,1.07657e+06
22.3,33.1,725630
22.3,33.2,456007
22.3,33.3,268127
22.3,33.4,162414
22.3,33.5,139293
22.3,33.6,199192
22.3,33.7,342536
22.3,33.8,569754
22.3,33.9,881275
22.3,34,1.27753e+06
22.3,34.1,1.75894e+06
22.3,34.2,2.32594e+06
22.3,34.3,2.97897e+06
22.3,34.4,3.71845e+06
22.3,34.5,4.54482e+06
22.3,34.6,5.45851e+06
22.3,34.7,6.45996e+06
22.3,34.8,7.5496e+06
22.3,34.9,8.72786e+06
22.3,35,9.99519e+06
22.3,35.1,1.1352e+07
22.3,35.2,1.27988e+07
22.3,35.3,1.43359e+07
22.3,35.4,1.59639e+07
22.3,35.5,1.76831e+07
22.3,35.6,1.9494e+07
22.3,35.7,2.1397e+07
22.3,35.8,2.33927e+07
22.3,35.9,2.54813e+07
22.3,36,2.76635e+07
22.3,36.1,2.99395e+07
22.3,36.2,3.23099e+07
22.3,36.3,3.47751e+07
22.3,36.4,3.73355e+07
22.3,36.5,3.99917e+07
22.3,36.6,4.27439e+07
22.3,36.7,4.55928e+07
22.3,36.8,4.85387e+07
22.3,36.9,5.15822e+07
22.3,37,5.47235e+07
22.3,37.1,5.79633e+07
22.3,37.2,6.13019e+07
22.3,37.3,6.47398e+07
22.3,37.4,6.82775e+07
22.3,37.5,7.19154e+07
22.3,37.6,7.56539e+07
22.3,37.7,7.94936e+07
22.3,37.8,8.34349e+07
22.3,37.9,8.74781e+07
22.3,38,9.16239e+07
22.3,38.1,9.58727e+07
22.3,38.2,1.00225e+08
22.3,38.3,1.04681e+08
22.3,38.4,1.09241e+08
22.3,38.5,1.13906e+08
22.3,38.6,1.18677e+08
22.3,38.7,1.23553e+08
22.3,38.8,1.28535e+08
22.3,38.9,1.33624e+08
22.3,39,1.38821e+08
22.3,39.1,1.44124e+08
22.3,39.2,1.49536e+08
22.3,39.3,1.55056e+08
22.3,39.4,1.60686e+08
22.3,39.5,1.66424e+08
22.3,39.6,1.72273e+08
22.3,39.7,1.78232e+08
22.3,39.8,1.84302e+08
22.3,39.9,1.90483e+08
22.4,20,1.01366e+09
22.4,20.1,9.94839e+08
22.4,20.2,9.76133e+08
22.4,20.3,9.5754e+08
22.4,20.4,9.39061e+08
22.4,20.5,9.20699e+08
22.4,20.6,9.02456e+08
22.4,20.7,8.84332e+08
22.4,20.8,8.66331e+08
22.4,20.9,8.48454e+08
22.4,21,8.30702e+08
22.4,21.1,8.13079e+08
22.4,21.2,7.95586e+08
22.4,21.3,7.78224e+08
22.4,21.4,7.60997e+08
22.4,21.5,7.43905e+08
22.4,21.6,7.2695e+08
22.4,21.7,7.10135e+08
22.4,21.8,6.93462e+08
22.4,21.9,6.76933e+08
22.4,22,6.60549e+08
22.4,22.1,6.44312e+08
22.4,22.2,6.28225e+08
22.4,22.3,6.1229e+08
22.4,22.4,5.96508e+08
22.4,22.5,5.84665e+08
22.4,22.6,5.72908e+08
22.4,22.7,5.61237e+08
22.4,22.8,5.49653e+08
22.4,22.9,5.38158e+08
22.4,23,5.26752e+08
22.4,23.1,5.15437e+08
22.4,23.2,5.04214e+08
22.4,23.3,4.93082e+08
22.4,23.4,4.82045e+08
22.4,23.5,4.71102e+08
22.4,23.6,4.60255e+08
22.4,23.7,4.49505e+08
22.4,23.8,4.38852e+08
22.4,23.9,4.28298e+08
22.4,24,4.17845e+08
22.4,24.1,4.07492e+08
22.4,24.2,3.97241e+08
22.4,24.3,3.87094e+08
22.4,24.4,3.77051e+08
22.4,24.5,3.67113e+08
22.4,24.6,3.57281e+08
22.4,24.7,3.47557e+08
22.4,24.8,3.37942e+08
22.4,24.9,3.28436e+08
22.4,25,3.1904e+08
22.4,25.1,3.09757e+08
22.4,25.2,3.00586e+08
22.4,25.3,2.9153e+08
22.4,25.4,2.82589e+08
22.4,25.5,2.73763e+08
22.4,25.6,2.65056e+08
22.4,25.7,2.56466e+08
22.4,25.8,2.47996e+08
22.4,25.9,2.39647e+08
22.4,26,2.3142e+08
22.4,26.1,2.23315e+08
22.4,26.2,2.15335e+08
22.4,26.3,2.0748e+08
22.4,26.4,1.99751e+08
22.4,26.5,1.92149e+08
22.4,26.6,1.84676e+08
22.4,26.7,1.77333e+08
22.4,26.8,1.70121e+08
22.4,26.9,1.6304e+08
22.4,27,1.56093e+08
22.4,27.1,1.4928e+08
22.4,27.2,1.42602e+08
22.4,27.3,1.36062e+08
22.4,27.4,1.38872e+08
22.4,27.5,1.25532e+08
22.4,27.6,1.21464e+08
22.4,27.7,1.17457e+08
22.4,27.8,1.13508e+08
22.4,27.9,1.09621e+08
22.4,28,1.05794e+08
22.4,28.1,1.02027e+08
22.4,28.2,9.83227e+07
22.4,28.3,9.46798e+07
22.4,28.4,9.10992e+07
22.4,28.5,8.75811e+07
22.4,28.6,8.4126e+07
22.4,28.7,8.07342e+07
22.4,28.8,7.74062e+07
22.4,28.9,7.41424e+07
22.4,29,7.09431e+07
22.4,29.1,6.78088e+07
22.4,29.2,6.47398e+07
22.4,29.3,6.17365e+07
22.4,29.4,5.87994e+07
22.4,29.5,5.59288e+07
22.4,29.6,5.31251e+07
22.4,29.7,5.03887e+07
22.4,29.8,4.772e+07
22.4,29.9,4.51195e+07
22.4,30,4.25874e+07
22.4,30.1,4.01243e+07
22.4,30.2,3.77305e+07
22.4,30.3,3.54065e+07
22.4,30.4,3.31525e+07
22.4,30.5,3.09691e+07
22.4,30.6,2.88566e+07
22.4,30.7,2.68155e+07
22.4,30.8,2.48461e+07
22.4,30.9,2.29488e+07
22.4,31,2.11241e+07
22.4,31.1,1.93724e+07
22.4,31.2,1.76941e+07
22.4,31.3,1.60895e+07
22.4,31.4,1.45591e+07
22.4,31.5,1.31034e+07
22.4,31.6,1.17227e+07
22.4,31.7,1.04174e+07
22.4,31.8,9.18791e+06
22.4,31.9,8.03472e+06
22.4,32,6.9582e+06
22.4,32.1,5.95878e+06
22.4,32.2,5.03686e+06
22.4,32.3,4.19287e+06
22.4,32.4,3.42722e+06
22.4,32.5,2.74033e+06
22.4,32.6,2.13263e+06
22.4,32.7,1.60452e+06
22.4,32.8,1.15643e+06
22.4,32.9,788789
22.4,33,502010
22.4,33.1,296519
22.4,33.2,172739
22.4,33.3,131095
22.4,33.4,172011
22.4,33.5,295915
22.4,33.6,503232
22.4,33.7,794389
22.4,33.8,1.16982e+06
22.4,33.9,1.62994e+06
22.4,34,2.17519e+06
22.4,34.1,2.806e+06
22.4,34.2,3.52279e+06
22.4,34.3,4.32601e+06
22.4,34.4,5.21608e+06
22.4,34.5,6.19343e+06
22.4,34.6,7.2585e+06
22.4,34.7,8.41173e+06
22.4,34.8,9.65355e+06
22.4,34.9,1.09844e+07
22.4,35,1.24047e+07
22.4,35.1,1.39149e+07
22.4,35.2,1.55154e+07
22.4,35.3,1.72068e+07
22.4,35.4,1.89893e+07
22.4,35.5,2.08635e+07
22.4,35.6,2.28298e+07
22.4,35.7,2.48886e+07
22.4,35.8,2.70404e+07
22.4,35.9,2.92857e+07
22.4,36,3.16248e+07
22.4,36.1,3.40582e+07
22.4,36.2,3.65864e+07
22.4,36.3,3.92098e+07
22.4,36.4,4.19289e+07
22.4,36.5,4.4744e+07
22.4,36.6,4.76557e+07
22.4,36.7,5.06644e+07
22.4,36.8,5.37706e+07
22.4,36.9,5.69746e+07
22.4,37,6.0277e+07
22.4,37.1,6.36782e+07
22.4,37.2,6.71787e+07
22.4,37.3,7.07789e+07
22.4,37.4,7.44792e+07
22.4,37.5,7.82802e+07
22.4,37.6,8.21823e+07
22.4,37.7,8.61858e+07
22.4,37.8,9.02914e+07
22.4,37.9,9.44994e+07
22.4,38,9.88103e+07
22.4,38.1,1.03225e+08
22.4,38.2,1.07743e+08
22.4,38.3,1.12365e+08
22.4,38.4,1.17092e+08
22.4,38.5,1.21925e+08
22.4,38.6,1.26863e+08
22.4,38.7,1.31907e+08
22.4,38.8,1.37058e+08
22.4,38.9,1.42315e+08
22.4,39,1.47681e+08
22.4,39.1,1.53154e+08
22.4,39.2,1.58736e+08
22.4,39.3,1.64427e+08
22.4,39.4,1.70227e+08
22.4,39.5,1.76137e+08
22.4,39.6,1.82158e+08
22.4,39.7,1.88289e+08
22.4,39.8,1.94531e+08
22.4,39.9,2.00886e+08
22.5,20,9.97154e+08
22.5,20.1,9.78481e+08
22.5,20.2,9.59919e+08
22.5,20.3,9.41471e+08
22.5,20.4,9.23138e+08
22.5,20.5,9.04923e+08
22.5,20.6,8.86826e+08
22.5,20.7,8.68851e+08
22.5,20.8,8.50999e+08
22.5,20.9,8.33271e+08
22.5,21,8.1567e+08
22.5,21.1,7.98198e+08
22.5,21.2,7.80857e+08
22.5,21.3,7.63648e+08
22.5,21.4,7.46574e+08
22.5,21.5,7.29636e+08
22.5,21.6,7.12837e+08
22.5,21.7,6.96178e+08
22.5,21.8,6.79661e+08
22.5,21.9,6.63289e+08
22.5,22,6.47063e+08
22.5,22.1,6.30985e+08
22.5,22.2,6.15058e+08
22.5,22.3,5.99283e+08
22.5,22.4,5.83662e+08
22.5,22.5,5.68198e+08
22.5,22.6,5.566e+08
22.5,22.7,5.45089e+08
22.5,22.8,5.33666e+08
22.5,22.9,5.22332e+08
22.5,23,5.11089e+08
22.5,23.1,4.99936e+08
22.5,23.2,4.88875e+08
22.5,23.3,4.77908e+08
22.5,23.4,4.67035e+08
22.5,23.5,4.56258e+08
22.5,23.6,4.45576e+08
22.5,23.7,4.34993e+08
22.5,23.8,4.24507e+08
22.5,23.9,4.14122e+08
22.5,24,4.03836e+08
22.5,24.1,3.93653e+08
22.5,24.2,3.83572e+08
22.5,24.3,3.73595e+08
22.5,24.4,3.63723e+08
22.5,24.5,3.53957e+08
22.5,24.6,3.44298e+08
22.5,24.7,3.34747e+08
22.5,24.8,3.25305e+08
22.5,24.9,3.15974e+08
22.5,25,3.06753e+08
22.5,25.1,2.97646e+08
22.5,25.2,2.88652e+08
22.5,25.3,2.79773e+08
22.5,25.4,2.71009e+08
22.5,25.5,2.62362e+08
22.5,25.6,2.53834e+08
22.5,25.7,2.45424e+08
22.5,25.8,2.37135e+08
22.5,25.9,2.28967e+08
22.5,26,2.20921e+08
22.5,26.1,2.12999e+08
22.5,26.2,2.05202e+08
22.5,26.3,1.97531e+08
22.5,26.4,1.89986e+08
22.5,26.5,1.8257e+08
22.5,26.6,1.75283e+08
22.5,26.7,1.68126e+08
22.5,26.8,1.61101e+08
22.5,26.9,1.54209e+08
22.5,27,1.4745e+08
22.5,27.1,1.40826e+08
22.5,27.2,1.34339e+08
22.5,27.3,1.27989e+08
22.5,27.4,1.30711e+08
22.5,27.5,1.17775e+08
22.5,27.6,1.13833e+08
22.5,27.7,1.0995e+08
22.5,27.8,1.06128e+08
22.5,27.9,1.02366e+08
22.5,28,9.86657e+07
22.5,28.1,9.50264e+07
22.5,28.2,9.1449e+07
22.5,28.3,8.79338e+07
22.5,28.4,8.44812e+07
22.5,28.5,8.10915e+07
22.5,28.6,7.77652e+07
22.5,28.7,7.45026e+07
22.5,28.8,7.13042e+07
22.5,28.9,6.81702e+07
22.5,29,6.51013e+07
22.5,29.1,6.20976e+07
22.5,29.2,5.91597e+07
22.5,29.3,5.62878e+07
22.5,29.4,5.34825e+07
22.5,29.5,5.07441e+07
22.5,29.6,4.80729e+07
22.5,29.7,4.54695e+07
22.5,29.8,4.29342e+07
22.5,29.9,4.04674e+07
22.5,30,3.80694e+07
22.5,30.1,3.57408e+07
22.5,30.2,3.34819e+07
22.5,30.3,3.1293e+07
22.5,30.4,2.91747e+07
22.5,30.5,2.71273e+07
22.5,30.6,2.51512e+07
22.5,30.7,2.32469e+07
22.5,30.8,2.14146e+07
22.5,30.9,1.9655e+07
22.5,31,1.79682e+07
22.5,31.1,1.63548e+07
22.5,31.2,1.48152e+07
22.5,31.3,1.33497e+07
22.5,31.4,1.19589e+07
22.5,31.5,1.0643e+07
22.5,31.6,9.40251e+06
22.5,31.7,8.23786e+06
22.5,31.8,7.14945e+06
22.5,31.9,6.13769e+06
22.5,32,5.20299e+06
22.5,32.1,4.34578e+06
22.5,32.2,3.56646e+06
22.5,32.3,2.86545e+06
22.5,32.4,2.24318e+06
22.5,32.5,1.70007e+06
22.5,32.6,1.23652e+06
22.5,32.7,852969
22.5,32.8,549829
22.5,32.9,327525
22.5,33,186478
22.5,33.1,127112
22.5,33.2,149852
22.5,33.3,255121
22.5,33.4,443346
22.5,33.5,714952
22.5,33.6,1.07037e+06
22.5,33.7,1.51002e+06
22.5,33.8,2.03433e+06
22.5,33.9,2.64374e+06
22.5,34,3.33868e+06
22.5,34.1,4.11956e+06
22.5,34.2,4.98684e+06
22.5,34.3,5.94093e+06
22.5,34.4,6.98227e+06
22.5,34.5,8.11129e+06
22.5,34.6,9.32843e+06
22.5,34.7,1.06341e+07
22.5,34.8,1.20288e+07
22.5,34.9,1.35129e+07
22.5,35,1.50869e+07
22.5,35.1,1.67512e+07
22.5,35.2,1.85062e+07
22.5,35.3,2.03524e+07
22.5,35.4,2.22902e+07
22.5,35.5,2.43201e+07
22.5,35.6,2.64424e+07
22.5,35.7,2.86577e+07
22.5,35.8,3.09664e+07
22.5,35.9,3.3369e+07
22.5,36,3.58658e+07
22.5,36.1,3.84573e+07
22.5,36.2,4.1144e+07
22.5,36.3,4.39263e+07
22.5,36.4,4.68047e+07
22.5,36.5,4.97795e+07
22.5,36.6,5.28514e+07
22.5,36.7,5.60206e+07
22.5,36.8,5.92877e+07
22.5,36.9,6.26531e+07
22.5,37,6.61173e+07
22.5,37.1,6.96806e+07
22.5,37.2,7.33437e+07
22.5,37.3,7.71068e+07
22.5,37.4,8.09706e+07
22.5,37.5,8.49353e+07
22.5,37.6,8.90016e+07
22.5,37.7,9.31698e+07
22.5,37.8,9.74404e+07
22.5,37.9,1.01814e+08
22.5,38,1.06291e+08
22.5,38.1,1.10871e+08
22.5,38.2,1.15556e+08
22.5,38.3,1.20345e+08
22.5,38.4,1.2524e+08
22.5,38.5,1.3024e+08
22.5,38.6,1.35347e+08
22.5,38.7,1.4056e+08
22.5,38.8,1.4588e+08
22.5,38.9,1.51307e+08
22.5,39,1.56842e+08
22.5,39.1,1.62486e+08
22.5,39.2,1.68239e+08
22.5,39.3,1.74101e+08
22.5,39.4,1.80073e+08
22.5,39.5,1.86155e+08
22.5,39.6,1.92348e+08
22.5,39.7,1.98652e+08
22.5,39.8,2.05068e+08
22.5,39.9,2.11596e+08
22.6,20,9.80744e+08
22.6,20.1,9.62215e+08
22.6,20.2,9.43798e+08
22.6,20.3,9.25496e+08
22.6,20.4,9.07309e+08
22.6,20.5,8.89241e+08
22.6,20.6,8.71293e+08
22.6,20.7,8.53466e+08
22.6,20.8,8.35763e+08
22.6,20.9,8.18186e+08
22.6,21,8.00736e+08
22.6,21.1,7.83416e+08
22.6,21.2,7.66227e+08
22.6,21.3,7.49171e+08
22.6,21.4,7.32251e+08
22.6,21.5,7.15468e+08
22.6,21.6,6.98824e+08
22.6,21.7,6.82322e+08
22.6,21.8,6.65962e+08
22.6,21.9,6.49748e+08
22.6,22,6.33681e+08
22.6,22.1,6.17763e+08
22.6,22.2,6.01996e+08
22.6,22.3,5.86382e+08
22.6,22.4,5.70923e+08
22.6,22.5,5.55622e+08
22.6,22.6,5.40479e+08
22.6,22.7,5.29129e+08
22.6,22.8,5.17867e+08
22.6,22.9,5.06695e+08
22.6,23,4.95614e+08
22.6,23.1,4.84625e+08
22.6,23.2,4.73729e+08
22.6,23.3,4.62926e+08
22.6,23.4,4.52219e+08
22.6,23.5,4.41607e+08
22.6,23.6,4.31092e+08
22.6,23.7,4.20676e+08
22.6,23.8,4.10358e+08
22.6,23.9,4.00141e+08
22.6,24,3.90025e+08
22.6,24.1,3.80012e+08
22.6,24.2,3.70102e+08
22.6,24.3,3.60296e+08
22.6,24.4,3.50596e+08
22.6,24.5,3.41002e+08
22.6,24.6,3.31516e+08
22.6,24.7,3.22139e+08
22.6,24.8,3.12872e+08
22.6,24.9,3.03716e+08
22.6,25,2.94672e+08
22.6,25.1,2.85741e+08
22.6,25.2,2.76924e+08
22.6,25.3,2.68223e+08
22.6,25.4,2.59638e+08
22.6,25.5,2.5117e+08
22.6,25.6,2.42822e+08
22.6,25.7,2.34593e+08
22.6,25.8,2.26485e+08
22.6,25.9,2.18499e+08
22.6,26,2.10636e+08
22.6,26.1,2.02897e+08
22.6,26.2,1.95284e+08
22.6,26.3,1.87797e+08
22.6,26.4,1.80438e+08
22.6,26.5,1.73208e+08
22.6,26.6,1.66108e+08
22.6,26.7,1.59139e+08
22.6,26.8,1.52302e+08
22.6,26.9,1.45598e+08
22.6,27,1.39029e+08
22.6,27.1,1.32595e+08
22.6,27.2,1.26299e+08
22.6,27.3,1.2014e+08
22.6,27.4,1.22774e+08
22.6,27.5,1.10244e+08
22.6,27.6,1.06427e+08
22.6,27.7,1.02671e+08
22.6,27.8,9.89747e+07
22.6,27.9,9.53398e+07
22.6,28,9.17663e+07
22.6,28.1,8.82547e+07
22.6,28.2,8.48052e+07
22.6,28.3,8.14183e+07
22.6,28.4,7.80943e+07
22.6,28.5,7.48336e+07
22.6,28.6,7.16367e+07
22.6,28.7,6.8504e+07
22.6,28.8,6.54357e+07
22.6,28.9,6.24324e+07
22.6,29,5.94943e+07
22.6,29.1,5.6622e+07
22.6,29.2,5.38157e+07
22.6,29.3,5.1076e+07
22.6,29.4,4.84031e+07
22.6,29.5,4.57975e+07
22.6,29.6,4.32596e+07
22.6,29.7,4.07898e+07
22.6,29.8,3.83884e+07
22.6,29.9,3.6056e+07
22.6,30,3.37928e+07
22.6,30.1,3.15993e+07
22.6,30.2,2.94759e+07
22.6,30.3,2.7423e+07
22.6,30.4,2.54409e+07
22.6,30.5,2.35302e+07
22.6,30.6,2.16912e+07
22.6,30.7,1.99243e+07
22.6,30.8,1.82299e+07
22.6,30.9,1.66084e+07
22.6,31,1.50602e+07
22.6,31.1,1.35858e+07
22.6,31.2,1.21856e+07
22.6,31.3,1.08599e+07
22.6,31.4,9.60915e+06
22.6,31.5,8.43381e+06
22.6,31.6,7.33427e+06
22.6,31.7,6.31094e+06
22.6,31.8,5.36424e+06
22.6,31.9,4.49457e+06
22.6,32,3.70236e+06
22.6,32.1,2.98802e+06
22.6,32.2,2.35197e+06
22.6,32.3,1.79462e+06
22.6,32.4,1.3164e+06
22.6,32.5,917730
22.6,32.6,599019
22.6,32.7,360693
22.6,32.8,203174
22.6,32.9,126884
22.6,33,132245
22.6,33.1,219682
22.6,33.2,389618
22.6,33.3,642479
22.6,33.4,978691
22.6,33.5,1.39868e+06
22.6,33.6,1.90287e+06
22.6,33.7,2.4917e+06
22.6,33.8,3.16559e+06
22.6,33.9,3.92497e+06
22.6,34,4.77027e+06
22.6,34.1,5.70192e+06
22.6,34.2,6.72035e+06
22.6,34.3,7.82601e+06
22.6,34.4,9.01931e+06
22.6,34.5,1.03007e+07
22.6,34.6,1.16706e+07
22.6,34.7,1.31295e+07
22.6,34.8,1.46777e+07
22.6,34.9,1.63158e+07
22.6,35,1.80441e+07
22.6,35.1,1.98631e+07
22.6,35.2,2.17733e+07
22.6,35.3,2.37751e+07
22.6,35.4,2.58689e+07
22.6,35.5,2.80551e+07
22.6,35.6,3.03343e+07
22.6,35.7,3.27067e+07
22.6,35.8,3.5173e+07
22.6,35.9,3.77336e+07
22.6,36,4.03888e+07
22.6,36.1,4.31391e+07
22.6,36.2,4.5985e+07
22.6,36.3,4.89269e+07
22.6,36.4,5.19653e+07
22.6,36.5,5.51006e+07
22.6,36.6,5.83332e+07
22.6,36.7,6.16637e+07
22.6,36.8,6.50924e+07
22.6,36.9,6.86199e+07
22.6,37,7.22465e+07
22.6,37.1,7.59728e+07
22.6,37.2,7.97991e+07
22.6,37.3,8.37259e+07
22.6,37.4,8.77538e+07
22.6,37.5,9.1883e+07
22.6,37.6,9.61142e+07
22.6,37.7,1.00448e+08
22.6,37.8,1.04884e+08
22.6,37.9,1.09424e+08
22.6,38,1.14067e+08
22.6,38.1,1.18815e+08
22.6,38.2,1.23667e+08
22.6,38.3,1.28624e+08
22.6,38.4,1.33687e+08
22.6,38.5,1.38856e+08
22.6,38.6,1.44131e+08
22.6,38.7,1.49514e+08
22.6,38.8,1.55003e+08
22.6,38.9,1.60601e+08
22.6,39,1.66307e+08
22.6,39.1,1.72122e+08
22.6,39.2,1.78046e+08
22.6,39.3,1.8408e+08
22.6,39.4,1.90224e+08
22.6,39.5,1.96479e+08
22.6,39.6,2.02846e+08
22.6,39.7,2.09323e+08
22.6,39.8,2.15913e+08
22.6,39.9,2.22616e+08
22.7,20,9.64426e+08
22.7,20.1,9.46042e+08
22.7,20.2,9.27771e+08
22.7,20.3,9.09615e+08
22.7,20.4,8.91575e+08
22.7,20.5,8.73655e+08
22.7,20.6,8.55855e+08
22.7,20.7,8.38178e+08
22.7,20.8,8.20625e+08
22.7,20.9,8.03199e+08
22.7,21,7.85901e+08
22.7,21.1,7.68733e+08
22.7,21.2,7.51697e+08
22.7,21.3,7.34795e+08
22.7,21.4,7.1803e+08
22.7,21.5,7.01402e+08
22.7,21.6,6.84915e+08
22.7,21.7,6.68569e+08
22.7,21.8,6.52368e+08
22.7,21.9,6.36312e+08
22.7,22,6.20404e+08
22.7,22.1,6.04646e+08
22.7,22.2,5.8904e+08
22.7,22.3,5.73588e+08
22.7,22.4,5.58292e+08
22.7,22.5,5.43153e+08
22.7,22.6,5.28175e+08
22.7,22.7,5.13358e+08
22.7,22.8,5.02259e+08
22.7,22.9,4.9125e+08
22.7,23,4.80332e+08
22.7,23.1,4.69507e+08
22.7,23.2,4.58775e+08
22.7,23.3,4.48138e+08
22.7,23.4,4.37597e+08
22.7,23.5,4.27152e+08
22.7,23.6,4.16805e+08
22.7,23.7,4.06556e+08
22.7,23.8,3.96408e+08
22.7,23.9,3.8636e+08
22.7,24,3.76414e+08
22.7,24.1,3.66571e+08
22.7,24.2,3.56833e+08
22.7,24.3,3.47199e+08
22.7,24.4,3.37671e+08
22.7,24.5,3.28251e+08
22.7,24.6,3.1894e+08
22.7,24.7,3.09737e+08
22.7,24.8,3.00645e+08
22.7,24.9,2.91665e+08
22.7,25,2.82798e+08
22.7,25.1,2.74044e+08
22.7,25.2,2.65406e+08
22.7,25.3,2.56883e+08
22.7,25.4,2.48477e+08
22.7,25.5,2.4019e+08
22.7,25.6,2.32022e+08
22.7,25.7,2.23975e+08
22.7,25.8,2.16049e+08
22.7,25.9,2.08246e+08
22.7,26,2.00566e+08
22.7,26.1,1.93012e+08
22.7,26.2,1.85583e+08
22.7,26.3,1.78282e+08
22.7,26.4,1.71109e+08
22.7,26.5,1.64066e+08
22.7,26.6,1.57153e+08
22.7,26.7,1.50372e+08
22.7,26.8,1.43724e+08
22.7,26.9,1.3721e+08
22.7,27,1.30831e+08
22.7,27.1,1.24589e+08
22.7,27.2,1.18484e+08
22.7,27.3,1.12517e+08
22.7,27.4,1.15063e+08
22.7,27.5,1.0294e+08
22.7,27.6,9.92496e+07
22.7,27.7,9.56197e+07
22.7,27.8,9.20509e+07
22.7,27.9,8.85435e+07
22.7,28,8.50978e+07
22.7,28.1,8.17143e+07
22.7,28.2,7.83934e+07
22.7,28.3,7.51354e+07
22.7,28.4,7.19407e+07
22.7,28.5,6.88097e+07
22.7,28.6,6.57429e+07
22.7,28.7,6.27406e+07
22.7,28.8,5.98031e+07
22.7,28.9,5.6931e+07
22.7,29,5.41245e+07
22.7,29.1,5.13842e+07
22.7,29.2,4.87103e+07
22.7,29.3,4.61032e+07
22.7,29.4,4.35635e+07
22.7,29.5,4.10914e+07
22.7,29.6,3.86873e+07
22.7,29.7,3.63517e+07
22.7,29.8,3.4085e+07
22.7,29.9,3.18876e+07
22.7,30,2.97598e+07
22.7,30.1,2.77021e+07
22.7,30.2,2.57149e+07
22.7,30.3,2.37985e+07
22.7,30.4,2.19534e+07
22.7,30.5,2.018e+07
22.7,30.6,1.84787e+07
22.7,30.7,1.68499e+07
22.7,30.8,1.5294e+07
22.7,30.9,1.38113e+07
22.7,31,1.24025e+07
22.7,31.1,1.10677e+07
22.7,31.2,9.80748e+06
22.7,31.3,8.62221e+06
22.7,31.4,7.5123e+06
22.7,31.5,6.47816e+06
22.7,31.6,5.52021e+06
22.7,31.7,4.63886e+06
22.7,31.8,3.83453e+06
22.7,31.9,3.10763e+06
22.7,32,2.45857e+06
22.7,32.1,1.88778e+06
22.7,32.2,1.39566e+06
22.7,32.3,982648
22.7,32.4,649151
22.7,32.5,395591
22.7,32.6,222389
22.7,32.7,129965
22.7,32.8,118742
22.7,32.9,189141
22.7,33,341588
22.7,33.1,576504
22.7,33.2,894316
22.7,33.3,1.29545e+06
22.7,33.4,1.78033e+06
22.7,33.5,2.34938e+06
22.7,33.6,3.00304e+06
22.7,33.7,3.74172e+06
22.7,33.8,4.56586e+06
22.7,33.9,5.4759e+06
22.7,34,6.47225e+06
22.7,34.1,7.55535e+06
22.7,34.2,8.72564e+06
22.7,34.3,9.98354e+06
22.7,34.4,1.13295e+07
22.7,34.5,1.27639e+07
22.7,34.6,1.42873e+07
22.7,34.7,1.59e+07
22.7,34.8,1.76025e+07
22.7,34.9,1.93952e+07
22.7,35,2.12786e+07
22.7,35.1,2.32531e+07
22.7,35.2,2.53191e+07
22.7,35.3,2.74772e+07
22.7,35.4,2.97276e+07
22.7,35.5,3.20709e+07
22.7,35.6,3.45075e+07
22.7,35.7,3.70379e+07
22.7,35.8,3.96625e+07
22.7,35.9,4.23817e+07
22.7,36,4.5196e+07
22.7,36.1,4.81058e+07
22.7,36.2,5.11116e+07
22.7,36.3,5.42139e+07
22.7,36.4,5.7413e+07
22.7,36.5,6.07094e+07
22.7,36.6,6.41036e+07
22.7,36.7,6.7596e+07
22.7,36.8,7.11871e+07
22.7,36.9,7.48773e+07
22.7,37,7.86671e+07
22.7,37.1,8.2557e+07
22.7,37.2,8.65473e+07
22.7,37.3,9.06385e+07
22.7,37.4,9.48312e+07
22.7,37.5,9.91257e+07
22.7,37.6,1.03522e+08
22.7,37.7,1.08022e+08
22.7,37.8,1.12625e+08
22.7,37.9,1.17331e+08
22.7,38,1.22142e+08
22.7,38.1,1.27057e+08
22.7,38.2,1.32077e+08
22.7,38.3,1.37203e+08
22.7,38.4,1.42435e+08
22.7,38.5,1.47773e+08
22.7,38.6,1.53219e+08
22.7,38.7,1.58771e+08
22.7,38.8,1.64432e+08
22.7,38.9,1.702e+08
22.7,39,1.76078e+08
22.7,39.1,1.82065e+08
22.7,39.2,1.88161e+08
22.7,39.3,1.94368e+08
22.7,39.4,2.00685e+08
22.7,39.5,2.07113e+08
22.7,39.6,2.13654e+08
22.7,39.7,2.20306e+08
22.7,39.8,2.2707e+08
22.7,39.9,2.33948e+08
22.8,20,9.48203e+08
22.8,20.1,9.29964e+08
22.8,20.2,9.11839e+08
22.8,20.3,8.9383e+08
22.8,20.4,8.75938e+08
22.8,20.5,8.58166e+08
22.8,20.6,8.40515e+08
22.8,20.7,8.22988e+08
22.8,20.8,8.05586e+08
22.8,20.9,7.88311e+08
22.8,21,7.71165e+08
22.8,21.1,7.5415e+08
22.8,21.2,7.37268e+08
22.8,21.3,7.20521e+08
22.8,21.4,7.03911e+08
22.8,21.5,6.8744e+08
22.8,21.6,6.71109e+08
22.8,21.7,6.54921e+08
22.8,21.8,6.38878e+08
22.8,21.9,6.22981e+08
22.8,22,6.07233e+08
22.8,22.1,5.91636e+08
22.8,22.2,5.76192e+08
22.8,22.3,5.60902e+08
22.8,22.4,5.45769e+08
22.8,22.5,5.30794e+08
22.8,22.6,5.1598e+08
22.8,22.7,5.01329e+08
22.8,22.8,4.86843e+08
22.8,22.9,4.75998e+08
22.8,23,4.65244e+08
22.8,23.1,4.54584e+08
22.8,23.2,4.44018e+08
22.8,23.3,4.33547e+08
22.8,23.4,4.23172e+08
22.8,23.5,4.12895e+08
22.8,23.6,4.02716e+08
22.8,23.7,3.92636e+08
22.8,23.8,3.82657e+08
22.8,23.9,3.7278e+08
22.8,24,3.63005e+08
22.8,24.1,3.53333e+08
22.8,24.2,3.43767e+08
22.8,24.3,3.34306e+08
22.8,24.4,3.24952e+08
22.8,24.5,3.15706e+08
22.8,24.6,3.06569e+08
22.8,24.7,2.97542e+08
22.8,24.8,2.88627e+08
22.8,24.9,2.79823e+08
22.8,25,2.71134e+08
22.8,25.1,2.62558e+08
22.8,25.2,2.54098e+08
22.8,25.3,2.45755e+08
22.8,25.4,2.3753e+08
22.8,25.5,2.29424e+08
22.8,25.6,2.21437e+08
22.8,25.7,2.13572e+08
22.8,25.8,2.05829e+08
22.8,25.9,1.98209e+08
22.8,26,1.90714e+08
22.8,26.1,1.83345e+08
22.8,26.2,1.76102e+08
22.8,26.3,1.68987e+08
22.8,26.4,1.62001e+08
22.8,26.5,1.55145e+08
22.8,26.6,1.48421e+08
22.8,26.7,1.41829e+08
22.8,26.8,1.35371e+08
22.8,26.9,1.29047e+08
22.8,27,1.22859e+08
22.8,27.1,1.16809e+08
22.8,27.2,1.10896e+08
22.8,27.3,1.05123e+08
22.8,27.4,1.07581e+08
22.8,27.5,9.58661e+07
22.8,27.6,9.23026e+07
22.8,27.7,8.88001e+07
22.8,27.8,8.53589e+07
22.8,27.9,8.19795e+07
22.8,28,7.86623e+07
22.8,28.1,7.54076e+07
22.8,28.2,7.22158e+07
22.8,28.3,6.90874e+07
22.8,28.4,6.60227e+07
22.8,28.5,6.3022e+07
22.8,28.6,6.00859e+07
22.8,28.7,5.72147e+07
22.8,28.8,5.44087e+07
22.8,28.9,5.16684e+07
22.8,29,4.89942e+07
22.8,29.1,4.63864e+07
22.8,29.2,4.38455e+07
22.8,29.3,4.13718e+07
22.8,29.4,3.89658e+07
22.8,29.5,3.66278e+07
22.8,29.6,3.43583e+07
22.8,29.7,3.21576e+07
22.8,29.8,3.00262e+07
22.8,29.9,2.79644e+07
22.8,30,2.59727e+07
22.8,30.1,2.40515e+07
22.8,30.2,2.2201e+07
22.8,30.3,2.04219e+07
22.8,30.4,1.87144e+07
22.8,30.5,1.7079e+07
22.8,30.6,1.5516e+07
22.8,30.7,1.4026e+07
22.8,30.8,1.26092e+07
22.8,30.9,1.12661e+07
22.8,31,9.99714e+06
22.8,31.1,8.80269e+06
22.8,31.2,7.68317e+06
22.8,31.3,6.63899e+06
22.8,31.4,5.67055e+06
22.8,31.5,4.77829e+06
22.8,31.6,3.9626e+06
22.8,31.7,3.2239e+06
22.8,31.8,2.5626e+06
22.8,31.9,1.97913e+06
22.8,32,1.4739e+06
22.8,32.1,1.04732e+06
22.8,32.2,699816
22.8,32.3,431803
22.8,32.4,243701
22.8,32.5,135930
22.8,32.6,108910
22.8,32.7,163064
22.8,32.8,298812
22.8,32.9,516580
22.8,33,816789
22.8,33.1,1.19986e+06
22.8,33.2,1.66623e+06
22.8,33.3,2.21632e+06
22.8,33.4,2.85054e+06
22.8,33.5,3.56934e+06
22.8,33.6,4.37314e+06
22.8,33.7,5.26237e+06
22.8,33.8,6.23745e+06
22.8,33.9,7.29882e+06
22.8,34,8.44692e+06
22.8,34.1,9.68216e+06
22.8,34.2,1.1005e+07
22.8,34.3,1.24158e+07
22.8,34.4,1.39151e+07
22.8,34.5,1.55033e+07
22.8,34.6,1.71808e+07
22.8,34.7,1.8948e+07
22.8,34.8,2.08055e+07
22.8,34.9,2.27536e+07
22.8,35,2.47927e+07
22.8,35.1,2.69233e+07
22.8,35.2,2.91459e+07
22.8,35.3,3.14609e+07
22.8,35.4,3.38687e+07
22.8,35.5,3.63698e+07
22.8,35.6,3.89646e+07
22.8,35.7,4.16536e+07
22.8,35.8,4.44371e+07
22.8,35.9,4.73158e+07
22.8,36,5.02898e+07
22.8,36.1,5.33599e+07
22.8,36.2,5.65263e+07
22.8,36.3,5.97896e+07
22.8,36.4,6.31501e+07
22.8,36.5,6.66084e+07
22.8,36.6,7.01648e+07
22.8,36.7,7.38199e+07
22.8,36.8,7.7574e+07
22.8,36.9,8.14277e+07
22.8,37,8.53814e+07
22.8,37.1,8.94355e+07
22.8,37.2,9.35906e+07
22.8,37.3,9.78469e+07
22.8,37.4,1.02205e+08
22.8,37.5,1.06666e+08
22.8,37.6,1.11229e+08
22.8,37.7,1.15895e+08
22.8,37.8,1.20665e+08
22.8,37.9,1.25539e+08
22.8,38,1.30518e+08
22.8,38.1,1.35601e+08
22.8,38.2,1.40791e+08
22.8,38.3,1.46086e+08
22.8,38.4,1.51487e+08
22.8,38.5,1.56995e+08
22.8,38.6,1.62611e+08
22.8,38.7,1.68335e+08
22.8,38.8,1.74166e+08
22.8,38.9,1.80107e+08
22.8,39,1.86156e+08
22.8,39.1,1.92316e+08
22.8,39.2,1.98585e+08
22.8,39.3,2.04965e+08
22.8,39.4,2.11457e+08
22.8,39.5,2.18059e+08
22.8,39.6,2.24774e+08
22.8,39.7,2.31601e+08
22.8,39.8,2.38541e+08
22.8,39.9,2.45595e+08
22.9,20,9.32074e+08
22.9,20.1,9.13981e+08
22.9,20.2,8.96003e+08
22.9,20.3,8.78141e+08
22.9,20.4,8.60398e+08
22.9,20.5,8.42775e+08
22.9,20.6,8.25274e+08
22.9,20.7,8.07897e+08
22.9,20.8,7.90646e+08
22.9,20.9,7.73524e+08
22.9,21,7.56531e+08
22.9,21.1,7.39669e+08
22.9,21.2,7.22942e+08
22.9,21.3,7.0635e+08
22.9,21.4,6.89896e+08
22.9,21.5,6.73581e+08
22.9,21.6,6.57408e+08
22.9,21.7,6.41378e+08
22.9,21.8,6.25494e+08
22.9,21.9,6.09757e+08
22.9,22,5.9417e+08
22.9,22.1,5.78734e+08
22.9,22.2,5.63452e+08
22.9,22.3,5.48325e+08
22.9,22.4,5.33355e+08
22.9,22.5,5.18545e+08
22.9,22.6,5.03897e+08
22.9,22.7,4.89412e+08
22.9,22.8,4.75093e+08
22.9,22.9,4.60941e+08
22.9,23,4.50353e+08
22.9,23.1,4.39858e+08
22.9,23.2,4.29458e+08
22.9,23.3,4.19154e+08
22.9,23.4,4.08947e+08
22.9,23.5,3.98838e+08
22.9,23.6,3.88828e+08
22.9,23.7,3.78918e+08
22.9,23.8,3.69109e+08
22.9,23.9,3.59403e+08
22.9,24,3.49799e+08
22.9,24.1,3.403e+08
22.9,24.2,3.30907e+08
22.9,24.3,3.21619e+08
22.9,24.4,3.1244e+08
22.9,24.5,3.03369e+08
22.9,24.6,2.94408e+08
22.9,24.7,2.85557e+08
22.9,24.8,2.76818e+08
22.9,24.9,2.68193e+08
22.9,25,2.59681e+08
22.9,25.1,2.51285e+08
22.9,25.2,2.43005e+08
22.9,25.3,2.34842e+08
22.9,25.4,2.26798e+08
22.9,25.5,2.18873e+08
22.9,25.6,2.11069e+08
22.9,25.7,2.03387e+08
22.9,25.8,1.95827e+08
22.9,25.9,1.88392e+08
22.9,26,1.81082e+08
22.9,26.1,1.73898e+08
22.9,26.2,1.66842e+08
22.9,26.3,1.59914e+08
22.9,26.4,1.53116e+08
22.9,26.5,1.46449e+08
22.9,26.6,1.39914e+08
22.9,26.7,1.33512e+08
22.9,26.8,1.27244e+08
22.9,26.9,1.21112e+08
22.9,27,1.15116e+08
22.9,27.1,1.09258e+08
22.9,27.2,1.03538e+08
22.9,27.3,9.79592e+07
22.9,27.4,1.00329e+08
22.9,27.5,8.90243e+07
22.9,27.6,8.55883e+07
22.9,27.7,8.22137e+07
22.9,27.8,7.89008e+07
22.9,27.9,7.56502e+07
22.9,28,7.2462e+07
22.9,28.1,6.93368e+07
22.9,28.2,6.62748e+07
22.9,28.3,6.32766e+07
22.9,28.4,6.03424e+07
22.9,28.5,5.74728e+07
22.9,28.6,5.4668e+07
22.9,28.7,5.19285e+07
22.9,28.8,4.92546e+07
22.9,28.9,4.66468e+07
22.9,29,4.41054e+07
22.9,29.1,4.16309e+07
22.9,29.2,3.92236e+07
22.9,29.3,3.6884e+07
22.9,29.4,3.46124e+07
22.9,29.5,3.24092e+07
22.9,29.6,3.02748e+07
22.9,29.7,2.82097e+07
22.9,29.8,2.62142e+07
22.9,29.9,2.42888e+07
22.9,30,2.24338e+07
22.9,30.1,2.06496e+07
22.9,30.2,1.89367e+07
22.9,30.3,1.72954e+07
22.9,30.4,1.57261e+07
22.9,30.5,1.42294e+07
22.9,30.6,1.28054e+07
22.9,30.7,1.14548e+07
22.9,30.8,1.01778e+07
22.9,30.9,8.97494e+06
22.9,31,7.84655e+06
22.9,31.1,6.79308e+06
22.9,31.2,5.81492e+06
22.9,31.3,4.91249e+06
22.9,31.4,4.0862e+06
22.9,31.5,3.33646e+06
22.9,31.6,2.6637e+06
22.9,31.7,2.06832e+06
22.9,31.8,1.55073e+06
22.9,31.9,1.11136e+06
22.9,32,750623
22.9,32.1,468933
22.9,32.2,266709
22.9,32.3,144370
22.9,32.4,102337
22.9,32.5,141029
22.9,32.6,260868
22.9,32.7,462276
22.9,32.8,745674
22.9,32.9,1.11149e+06
22.9,33,1.56014e+06
22.9,33.1,2.09205e+06
22.9,33.2,2.70766e+06
22.9,33.3,3.40737e+06
22.9,33.4,4.19163e+06
22.9,33.5,5.06086e+06
22.9,33.6,6.01549e+06
22.9,33.7,7.05594e+06
22.9,33.8,8.18265e+06
22.9,33.9,9.39605e+06
22.9,34,1.06966e+07
22.9,34.1,1.20846e+07
22.9,34.2,1.35607e+07
22.9,34.3,1.51252e+07
22.9,34.4,1.67785e+07
22.9,34.5,1.85211e+07
22.9,34.6,2.03534e+07
22.9,34.7,2.22759e+07
22.9,34.8,2.4289e+07
22.9,34.9,2.63931e+07
22.9,35,2.85887e+07
22.9,35.1,3.08762e+07
22.9,35.2,3.32561e+07
22.9,35.3,3.57287e+07
22.9,35.4,3.82946e+07
22.9,35.5,4.09541e+07
22.9,35.6,4.37078e+07
22.9,35.7,4.65561e+07
22.9,35.8,4.94993e+07
22.9,35.9,5.2538e+07
22.9,36,5.56726e+07
22.9,36.1,5.89036e+07
22.9,36.2,6.22313e+07
22.9,36.3,6.56563e+07
22.9,36.4,6.9179e+07
22.9,36.5,7.27998e+07
22.9,36.6,7.65192e+07
22.9,36.7,8.03376e+07
22.9,36.8,8.42556e+07
22.9,36.9,8.82734e+07
22.9,37,9.23917e+07
22.9,37.1,9.66109e+07
22.9,37.2,1.00931e+08
22.9,37.3,1.05353e+08
22.9,37.4,1.09878e+08
22.9,37.5,1.14505e+08
22.9,37.6,1.19235e+08
22.9,37.7,1.24069e+08
22.9,37.8,1.29007e+08
22.9,37.9,1.34049e+08
22.9,38,1.39197e+08
22.9,38.1,1.4445e+08
22.9,38.2,1.49808e+08
22.9,38.3,1.55273e+08
22.9,38.4,1.60845e+08
22.9,38.5,1.66524e+08
22.9,38.6,1.72311e+08
22.9,38.7,1.78206e+08
22.9,38.8,1.8421e+08
22.9,38.9,1.90323e+08
22.9,39,1.96546e+08
22.9,39.1,2.02878e+08
22.9,39.2,2.09322e+08
22.9,39.3,2.15876e+08
22.9,39.4,2.22542e+08
22.9,39.5,2.29319e+08
22.9,39.6,2.36209e+08
22.9,39.7,2.43212e+08
22.9,39.8,2.50329e+08
22.9,39.9,2.57559e+08
23,20,9.16042e+08
23,20.1,8.98095e+08
23,20.2,8.80264e+08
23,20.3,8.62551e+08
23,20.4,8.44956e+08
23,20.5,8.27483e+08
23,20.6,8.10132e+08
23,20.7,7.92907e+08
23,20.8,7.75808e+08
23,20.9,7.58838e+08
23,21,7.41998e+08
23,21.1,7.25291e+08
23,21.2,7.08719e+08
23,21.3,6.92283e+08
23,21.4,6.75985e+08
23,21.5,6.59828e+08
23,21.6,6.43813e+08
23,21.7,6.27942e+08
23,21.8,6.12217e+08
23,21.9,5.96641e+08
23,22,5.81215e+08
23,22.1,5.65941e+08
23,22.2,5.50822e+08
23,22.3,5.35858e+08
23,22.4,5.21053e+08
23,22.5,5.06408e+08
23,22.6,4.91926e+08
23,22.7,4.77608e+08
23,22.8,4.63456e+08
23,22.9,4.49472e+08
23,23,4.3566e+08
23,23.1,4.25331e+08
23,23.2,4.15099e+08
23,23.3,4.04962e+08
23,23.4,3.94924e+08
23,23.5,3.84984e+08
23,23.6,3.75144e+08
23,23.7,3.65404e+08
23,23.8,3.55766e+08
23,23.9,3.46231e+08
23,24,3.368e+08
23,24.1,3.27474e+08
23,24.2,3.18254e+08
23,24.3,3.09142e+08
23,24.4,3.00137e+08
23,24.5,2.91242e+08
23,24.6,2.82457e+08
23,24.7,2.73783e+08
23,24.8,2.65223e+08
23,24.9,2.56775e+08
23,25,2.48443e+08
23,25.1,2.40226e+08
23,25.2,2.32127e+08
23,25.3,2.24145e+08
23,25.4,2.16282e+08
23,25.5,2.0854e+08
23,25.6,2.00919e+08
23,25.7,1.93421e+08
23,25.8,1.86046e+08
23,25.9,1.78796e+08
23,26,1.71672e+08
23,26.1,1.64675e+08
23,26.2,1.57806e+08
23,26.3,1.51066e+08
23,26.4,1.44457e+08
23,26.5,1.37979e+08
23,26.6,1.31634e+08
23,26.7,1.25422e+08
23,26.8,1.19346e+08
23,26.9,1.13405e+08
23,27,1.07602e+08
23,27.1,1.01938e+08
23,27.2,9.64126e+07
23,27.3,9.10283e+07
23,27.4,9.33097e+07
23,27.5,8.24167e+07
23,27.6,7.91089e+07
23,27.7,7.58629e+07
23,27.8,7.2679e+07
23,27.9,6.95576e+07
23,28,6.64992e+07
23,28.1,6.3504e+07
23,28.2,6.05726e+07
23,28.3,5.77052e+07
23,28.4,5.49023e+07
23,28.5,5.21642e+07
23,28.6,4.94914e+07
23,28.7,4.68842e+07
23,28.8,4.43431e+07
23,28.9,4.18684e+07
23,29,3.94606e+07
23,29.1,3.712e+07
23,29.2,3.4847e+07
23,29.3,3.2642e+07
23,29.4,3.05054e+07
23,29.5,2.84377e+07
23,29.6,2.64392e+07
23,29.7,2.45103e+07
23,29.8,2.26514e+07
23,29.9,2.08629e+07
23,30,1.91452e+07
23,30.1,1.74988e+07
23,30.2,1.5924e+07
23,30.3,1.44212e+07
23,30.4,1.29909e+07
23,30.5,1.16334e+07
23,30.6,1.03492e+07
23,30.7,9.13863e+06
23,30.8,8.00213e+06
23,30.9,6.94011e+06
23,31,5.95297e+06
23,31.1,5.04113e+06
23,31.2,4.205e+06
23,31.3,3.44498e+06
23,31.4,2.7615e+06
23,31.5,2.15497e+06
23,31.6,1.6258e+06
23,31.7,1.1744e+06
23,31.8,801199
23,31.9,506601
23,32,291028
23,32.1,154898
23,32.2,98628.3
23,32.3,122639
23,32.4,227350
23,32.5,413182
23,32.6,680556
23,32.7,1.0299e+06
23,32.8,1.46162e+06
23,32.9,1.97616e+06
23,33,2.57393e+06
23,33.1,3.25537e+06
23,33.2,4.02089e+06
23,33.3,4.87092e+06
23,33.4,5.8059e+06
23,33.5,6.82624e+06
23,33.6,7.93238e+06
23,33.7,9.12475e+06
23,33.8,1.04038e+07
23,33.9,1.17699e+07
23,34,1.32235e+07
23,34.1,1.47651e+07
23,34.2,1.63951e+07
23,34.3,1.81139e+07
23,34.4,1.99219e+07
23,34.5,2.18196e+07
23,34.6,2.38075e+07
23,34.7,2.58859e+07
23,34.8,2.80553e+07
23,34.9,3.03162e+07
23,35,3.26689e+07
23,35.1,3.5114e+07
23,35.2,3.76518e+07
23,35.3,4.02828e+07
23,35.4,4.30074e+07
23,35.5,4.58262e+07
23,35.6,4.87394e+07
23,35.7,5.17477e+07
23,35.8,5.48513e+07
23,35.9,5.80508e+07
23,36,6.13466e+07
23,36.1,6.47392e+07
23,36.2,6.8229e+07
23,36.3,7.18164e+07
23,36.4,7.55019e+07
23,36.5,7.9286e+07
23,36.6,8.3169e+07
23,36.7,8.71516e+07
23,36.8,9.1234e+07
23,36.9,9.54168e+07
23,37,9.97004e+07
23,37.1,1.04085e+08
23,37.2,1.08572e+08
23,37.3,1.13161e+08
23,37.4,1.17852e+08
23,37.5,1.22646e+08
23,37.6,1.27544e+08
23,37.7,1.32546e+08
23,37.8,1.37653e+08
23,37.9,1.42864e+08
23,38,1.48181e+08
23,38.1,1.53604e+08
23,38.2,1.59133e+08
23,38.3,1.64769e+08
23,38.4,1.70512e+08
23,38.5,1.76362e+08
23,38.6,1.82321e+08
23,38.7,1.88389e+08
23,38.8,1.94565e+08
23,38.9,2.00851e+08
23,39,2.07248e+08
23,39.1,2.13754e+08
23,39.2,2.20372e+08
23,39.3,2.27101e+08
23,39.4,2.33942e+08
23,39.5,2.40896e+08
23,39.6,2.47962e+08
23,39.7,2.55142e+08
23,39.8,2.62435e+08
23,39.9,2.69843e+08
23.1,20,9.00106e+08
23.1,20.1,8.82307e+08
23.1,20.2,8.64624e+08
23.1,20.3,8.47059e+08
23.1,20.4,8.29614e+08
23.1,20.5,8.12291e+08
23.1,20.6,7.95092e+08
23.1,20.7,7.78018e+08
23.1,20.8,7.61071e+08
23.1,20.9,7.44255e+08
23.1,21,7.27569e+08
23.1,21.1,7.11017e+08
23.1,21.2,6.946e+08
23.1,21.3,6.78321e+08
23.1,21.4,6.6218e+08
23.1,21.5,6.46181e+08
23.1,21.6,6.30325e+08
23.1,21.7,6.14613e+08
23.1,21.8,5.99049e+08
23.1,21.9,5.83634e+08
23.1,22,5.6837e+08
23.1,22.1,5.53259e+08
23.1,22.2,5.38302e+08
23.1,22.3,5.23503e+08
23.1,22.4,5.08863e+08
23.1,22.5,4.94384e+08
23.1,22.6,4.80068e+08
23.1,22.7,4.65917e+08
23.1,22.8,4.51934e+08
23.1,22.9,4.38119e+08
23.1,23,4.24476e+08
23.1,23.1,4.11006e+08
23.1,23.2,4.00941e+08
23.1,23.3,3.90974e+08
23.1,23.4,3.81104e+08
23.1,23.5,3.71334e+08
23.1,23.6,3.61664e+08
23.1,23.7,3.52096e+08
23.1,23.8,3.4263e+08
23.1,23.9,3.33268e+08
23.1,24,3.2401e+08
23.1,24.1,3.14858e+08
23.1,24.2,3.05812e+08
23.1,24.3,2.96875e+08
23.1,24.4,2.88046e+08
23.1,24.5,2.79327e+08
23.1,24.6,2.70719e+08
23.1,24.7,2.62224e+08
23.1,24.8,2.53841e+08
23.1,24.9,2.45573e+08
23.1,25,2.37421e+08
23.1,25.1,2.29385e+08
23.1,25.2,2.21466e+08
23.1,25.3,2.13667e+08
23.1,25.4,2.05987e+08
23.1,25.5,1.98428e+08
23.1,25.6,1.90991e+08
23.1,25.7,1.83677e+08
23.1,25.8,1.76488e+08
23.1,25.9,1.69424e+08
23.1,26,1.62487e+08
23.1,26.1,1.55677e+08
23.1,26.2,1.48996e+08
23.1,26.3,1.42445e+08
23.1,26.4,1.36025e+08
23.1,26.5,1.29737e+08
23.1,26.6,1.23583e+08
23.1,26.7,1.17563e+08
23.1,26.8,1.11679e+08
23.1,26.9,1.05931e+08
23.1,27,1.00322e+08
23.1,27.1,9.48513e+07
23.1,27.2,8.95211e+07
23.1,27.3,8.43325e+07
23.1,27.4,8.65256e+07
23.1,27.5,7.60457e+07
23.1,27.6,7.28667e+07
23.1,27.7,6.97499e+07
23.1,27.8,6.66956e+07
23.1,27.9,6.37042e+07
23.1,28,6.07761e+07
23.1,28.1,5.79117e+07
23.1,28.2,5.51113e+07
23.1,28.3,5.23754e+07
23.1,28.4,4.97043e+07
23.1,28.5,4.70985e+07
23.1,28.6,4.45584e+07
23.1,28.7,4.20842e+07
23.1,28.8,3.96765e+07
23.1,28.9,3.73356e+07
23.1,29,3.50619e+07
23.1,29.1,3.28559e+07
23.1,29.2,3.07178e+07
23.1,29.3,2.86481e+07
23.1,29.4,2.66473e+07
23.1,29.5,2.47156e+07
23.1,29.6,2.28536e+07
23.1,29.7,2.10615e+07
23.1,29.8,1.93398e+07
23.1,29.9,1.7689e+07
23.1,30,1.61094e+07
23.1,30.1,1.46013e+07
23.1,30.2,1.31653e+07
23.1,30.3,1.18018e+07
23.1,30.4,1.0511e+07
23.1,30.5,9.29348e+06
23.1,30.6,8.1496e+06
23.1,30.7,7.07977e+06
23.1,30.8,6.0844e+06
23.1,30.9,5.1639e+06
23.1,31,4.31867e+06
23.1,31.1,3.54913e+06
23.1,31.2,2.85569e+06
23.1,31.3,2.23876e+06
23.1,31.4,1.69876e+06
23.1,31.5,1.2361e+06
23.1,31.6,851190
23.1,31.7,544450
23.1,31.8,316295
23.1,31.9,167141
23.1,32,97406.9
23.1,32.1,107510
23.1,32.2,197869
23.1,32.3,368904
23.1,32.4,621035
23.1,32.5,954684
23.1,32.6,1.37027e+06
23.1,32.7,1.86822e+06
23.1,32.8,2.44895e+06
23.1,32.9,3.1129e+06
23.1,33,3.86048e+06
23.1,33.1,4.69211e+06
23.1,33.2,5.60823e+06
23.1,33.3,6.60927e+06
23.1,33.4,7.69564e+06
23.1,33.5,8.86778e+06
23.1,33.6,1.01261e+07
23.1,33.7,1.14711e+07
23.1,33.8,1.29031e+07
23.1,33.9,1.44226e+07
23.1,34,1.60301e+07
23.1,34.1,1.77259e+07
23.1,34.2,1.95104e+07
23.1,34.3,2.13842e+07
23.1,34.4,2.33477e+07
23.1,34.5,2.54013e+07
23.1,34.6,2.75453e+07
23.1,34.7,2.97804e+07
23.1,34.8,3.21068e+07
23.1,34.9,3.45251e+07
23.1,35,3.70357e+07
23.1,35.1,3.9639e+07
23.1,35.2,4.23355e+07
23.1,35.3,4.51255e+07
23.1,35.4,4.80097e+07
23.1,35.5,5.09883e+07
23.1,35.6,5.40618e+07
23.1,35.7,5.72307e+07
23.1,35.8,6.04955e+07
23.1,35.9,6.38565e+07
23.1,36,6.73142e+07
23.1,36.1,7.08691e+07
23.1,36.2,7.45216e+07
23.1,36.3,7.82722e+07
23.1,36.4,8.21213e+07
23.1,36.5,8.60693e+07
23.1,36.6,9.01168e+07
23.1,36.7,9.42641e+07
23.1,36.8,9.85117e+07
23.1,36.9,1.0286e+08
23.1,37,1.0731e+08
23.1,37.1,1.11861e+08
23.1,37.2,1.16514e+08
23.1,37.3,1.2127e+08
23.1,37.4,1.2613e+08
23.1,37.5,1.31092e+08
23.1,37.6,1.36159e+08
23.1,37.7,1.4133e+08
23.1,37.8,1.46605e+08
23.1,37.9,1.51987e+08
23.1,38,1.57474e+08
23.1,38.1,1.63067e+08
23.1,38.2,1.68767e+08
23.1,38.3,1.74574e+08
23.1,38.4,1.80489e+08
23.1,38.5,1.86512e+08
23.1,38.6,1.92643e+08
23.1,38.7,1.98884e+08
23.1,38.8,2.05234e+08
23.1,38.9,2.11694e+08
23.1,39,2.18265e+08
23.1,39.1,2.24946e+08
23.1,39.2,2.31739e+08
23.1,39.3,2.38644e+08
23.1,39.4,2.45661e+08
23.1,39.5,2.52791e+08
23.1,39.6,2.60034e+08
23.1,39.7,2.67391e+08
23.1,39.8,2.74862e+08
23.1,39.9,2.82448e+08
23.2,20,8.84269e+08
23.2,20.1,8.66618e+08
23.2,20.2,8.49083e+08
23.2,20.3,8.31668e+08
23.2,20.4,8.14373e+08
23.2,20.5,7.97201e+08
23.2,20.6,7.80153e+08
23.2,20.7,7.63231e+08
23.2,20.8,7.46438e+08
23.2,20.9,7.29775e+08
23.2,21,7.13245e+08
23.2,21.1,6.96848e+08
23.2,21.2,6.80587e+08
23.2,21.3,6.64465e+08
23.2,21.4,6.48482e+08
23.2,21.5,6.32641e+08
23.2,21.6,6.16944e+08
23.2,21.7,6.01393e+08
23.2,21.8,5.8599e+08
23.2,21.9,5.70737e+08
23.2,22,5.55635e+08
23.2,22.1,5.40687e+08
23.2,22.2,5.25895e+08
23.2,22.3,5.11261e+08
23.2,22.4,4.96786e+08
23.2,22.5,4.82473e+08
23.2,22.6,4.68325e+08
23.2,22.7,4.54342e+08
23.2,22.8,4.40527e+08
23.2,22.9,4.26882e+08
23.2,23,4.13409e+08
23.2,23.1,4.00111e+08
23.2,23.2,3.86988e+08
23.2,23.3,3.7719e+08
23.2,23.4,3.67491e+08
23.2,23.5,3.57891e+08
23.2,23.6,3.48393e+08
23.2,23.7,3.38996e+08
23.2,23.8,3.29703e+08
23.2,23.9,3.20514e+08
23.2,24,3.1143e+08
23.2,24.1,3.02452e+08
23.2,24.2,2.93582e+08
23.2,24.3,2.8482e+08
23.2,24.4,2.76168e+08
23.2,24.5,2.67627e+08
23.2,24.6,2.59197e+08
23.2,24.7,2.5088e+08
23.2,24.8,2.42677e+08
23.2,24.9,2.34589e+08
23.2,25,2.26618e+08
23.2,25.1,2.18763e+08
23.2,25.2,2.11027e+08
23.2,25.3,2.0341e+08
23.2,25.4,1.95913e+08
23.2,25.5,1.88538e+08
23.2,25.6,1.81286e+08
23.2,25.7,1.74158e+08
23.2,25.8,1.67155e+08
23.2,25.9,1.60278e+08
23.2,26,1.53528e+08
23.2,26.1,1.46906e+08
23.2,26.2,1.40414e+08
23.2,26.3,1.34053e+08
23.2,26.4,1.27823e+08
23.2,26.5,1.21726e+08
23.2,26.6,1.15763e+08
23.2,26.7,1.09936e+08
23.2,26.8,1.04245e+08
23.2,26.9,9.86908e+07
23.2,27,9.32757e+07
23.2,27.1,8.80005e+07
23.2,27.2,8.28661e+07
23.2,27.3,7.7874e+07
23.2,27.4,7.99789e+07
23.2,27.5,6.99135e+07
23.2,27.6,6.6864e+07
23.2,27.7,6.3877e+07
23.2,27.8,6.09529e+07
23.2,27.9,5.80921e+07
23.2,28,5.5295e+07
23.2,28.1,5.25619e+07
23.2,28.2,4.98933e+07
23.2,28.3,4.72895e+07
23.2,28.4,4.4751e+07
23.2,28.5,4.22781e+07
23.2,28.6,3.98712e+07
23.2,28.7,3.75307e+07
23.2,28.8,3.5257e+07
23.2,28.9,3.30506e+07
23.2,29,3.09117e+07
23.2,29.1,2.88408e+07
23.2,29.2,2.68383e+07
23.2,29.3,2.49046e+07
23.2,29.4,2.30401e+07
23.2,29.5,2.12452e+07
23.2,29.6,1.95203e+07
23.2,29.7,1.78657e+07
23.2,29.8,1.6282e+07
23.2,29.9,1.47694e+07
23.2,30,1.33285e+07
23.2,30.1,1.19595e+07
23.2,30.2,1.0663e+07
23.2,30.3,9.43921e+06
23.2,30.4,8.28869e+06
23.2,30.5,7.21179e+06
23.2,30.6,6.20892e+06
23.2,30.7,5.28049e+06
23.2,30.8,4.42691e+06
23.2,30.9,3.64859e+06
23.2,31,2.94594e+06
23.2,31.1,2.31937e+06
23.2,31.2,1.76929e+06
23.2,31.3,1.29611e+06
23.2,31.4,900258
23.2,31.5,582135
23.2,31.6,342160
23.2,31.7,180747
23.2,31.8,98314.7
23.2,31.9,95278.5
23.2,32,172057
23.2,32.1,329068
23.2,32.2,566731
23.2,32.3,885467
23.2,32.4,1.2857e+06
23.2,32.5,1.76784e+06
23.2,32.6,2.33232e+06
23.2,32.7,2.97956e+06
23.2,32.8,3.70998e+06
23.2,32.9,4.52401e+06
23.2,33,5.42207e+06
23.2,33.1,6.4046e+06
23.2,33.2,7.472e+06
23.2,33.3,8.62472e+06
23.2,33.4,9.86318e+06
23.2,33.5,1.11878e+07
23.2,33.6,1.2599e+07
23.2,33.7,1.40973e+07
23.2,33.8,1.5683e+07
23.2,33.9,1.73566e+07
23.2,34,1.91186e+07
23.2,34.1,2.09692e+07
23.2,34.2,2.29091e+07
23.2,34.3,2.49386e+07
23.2,34.4,2.70582e+07
23.2,34.5,2.92683e+07
23.2,34.6,3.15693e+07
23.2,34.7,3.39616e+07
23.2,34.8,3.64458e+07
23.2,34.9,3.90223e+07
23.2,35,4.16914e+07
23.2,35.1,4.44536e+07
23.2,35.2,4.73095e+07
23.2,35.3,5.02593e+07
23.2,35.4,5.33036e+07
23.2,35.5,5.64428e+07
23.2,35.6,5.96773e+07
23.2,35.7,6.30076e+07
23.2,35.8,6.64342e+07
23.2,35.9,6.99574e+07
23.2,36,7.35777e+07
23.2,36.1,7.72957e+07
23.2,36.2,8.11116e+07
23.2,36.3,8.5026e+07
23.2,36.4,8.90394e+07
23.2,36.5,9.31521e+07
23.2,36.6,9.73647e+07
23.2,36.7,1.01677e+08
23.2,36.8,1.06091e+08
23.2,36.9,1.10606e+08
23.2,37,1.15222e+08
23.2,37.1,1.19941e+08
23.2,37.2,1.24762e+08
23.2,37.3,1.29686e+08
23.2,37.4,1.34713e+08
23.2,37.5,1.39844e+08
23.2,37.6,1.4508e+08
23.2,37.7,1.50421e+08
23.2,37.8,1.55867e+08
23.2,37.9,1.61418e+08
23.2,38,1.67076e+08
23.2,38.1,1.72841e+08
23.2,38.2,1.78713e+08
23.2,38.3,1.84692e+08
23.2,38.4,1.90779e+08
23.2,38.5,1.96975e+08
23.2,38.6,2.0328e+08
23.2,38.7,2.09695e+08
23.2,38.8,2.16219e+08
23.2,38.9,2.22854e+08
23.2,39,2.296e+08
23.2,39.1,2.36457e+08
23.2,39.2,2.43425e+08
23.2,39.3,2.50506e+08
23.2,39.4,2.577e+08
23.2,39.5,2.65007e+08
23.2,39.6,2.72428e+08
23.2,39.7,2.79963e+08
23.2,39.8,2.87613e+08
23.2,39.9,2.95378e+08
23.3,20,8.68532e+08
23.3,20.1,8.51029e+08
23.3,20.2,8.33643e+08
23.3,20.3,8.16378e+08
23.3,20.4,7.99233e+08
23.3,20.5,7.82213e+08
23.3,20.6,7.65317e+08
23.3,20.7,7.48549e+08
23.3,20.8,7.31909e+08
23.3,20.9,7.15401e+08
23.3,21,6.99026e+08
23.3,21.1,6.82785e+08
23.3,21.2,6.66681e+08
23.3,21.3,6.50716e+08
23.3,21.4,6.34892e+08
23.3,21.5,6.1921e+08
23.3,21.6,6.03674e+08
23.3,21.7,5.88283e+08
23.3,21.8,5.73042e+08
23.3,21.9,5.5795e+08
23.3,22,5.43012e+08
23.3,22.1,5.28228e+08
23.3,22.2,5.136e+08
23.3,22.3,4.99132e+08
23.3,22.4,4.84823e+08
23.3,22.5,4.70678e+08
23.3,22.6,4.56697e+08
23.3,22.7,4.42883e+08
23.3,22.8,4.29237e+08
23.3,22.9,4.15763e+08
23.3,23,4.02461e+08
23.3,23.1,3.89334e+08
23.3,23.2,3.76385e+08
23.3,23.3,3.63614e+08
23.3,23.4,3.54085e+08
23.3,23.5,3.44657e+08
23.3,23.6,3.35331e+08
23.3,23.7,3.26107e+08
23.3,23.8,3.16987e+08
23.3,23.9,3.07972e+08
23.3,24,2.99063e+08
23.3,24.1,2.90261e+08
23.3,24.2,2.81566e+08
23.3,24.3,2.72982e+08
23.3,24.4,2.64507e+08
23.3,24.5,2.56144e+08
23.3,24.6,2.47893e+08
23.3,24.7,2.39755e+08
23.3,24.8,2.31732e+08
23.3,24.9,2.23825e+08
23.3,25,2.16035e+08
23.3,25.1,2.08362e+08
23.3,25.2,2.00809e+08
23.3,25.3,1.93376e+08
23.3,25.4,1.86063e+08
23.3,25.5,1.78873e+08
23.3,25.6,1.71807e+08
23.3,25.7,1.64865e+08
23.3,25.8,1.58049e+08
23.3,25.9,1.51359e+08
23.3,26,1.44798e+08
23.3,26.1,1.38365e+08
23.3,26.2,1.32063e+08
23.3,26.3,1.25892e+08
23.3,26.4,1.19853e+08
23.3,26.5,1.13948e+08
23.3,26.6,1.08178e+08
23.3,26.7,1.02543e+08
23.3,26.8,9.7046e+07
23.3,26.9,9.16868e+07
23.3,27,8.64669e+07
23.3,27.1,8.13876e+07
23.3,27.2,7.64499e+07
23.3,27.3,7.1655e+07
23.3,27.4,7.36718e+07
23.3,27.5,6.40223e+07
23.3,27.6,6.11029e+07
23.3,27.7,5.82464e+07
23.3,27.8,5.54532e+07
23.3,27.9,5.27236e+07
23.3,28,5.00581e+07
23.3,28.1,4.74571e+07
23.3,28.2,4.49208e+07
23.3,28.3,4.24498e+07
23.3,28.4,4.00445e+07
23.3,28.5,3.77051e+07
23.3,28.6,3.54321e+07
23.3,28.7,3.32259e+07
23.3,28.8,3.1087e+07
23.3,28.9,2.90156e+07
23.3,29,2.70121e+07
23.3,29.1,2.50771e+07
23.3,29.2,2.32109e+07
23.3,29.3,2.14138e+07
23.3,29.4,1.96863e+07
23.3,29.5,1.80288e+07
23.3,29.6,1.64416e+07
23.3,29.7,1.49252e+07
23.3,29.8,1.348e+07
23.3,29.9,1.21064e+07
23.3,30,1.08048e+07
23.3,30.1,9.57556e+06
23.3,30.2,8.41912e+06
23.3,30.3,7.33588e+06
23.3,30.4,6.32625e+06
23.3,30.5,5.39064e+06
23.3,30.6,4.52944e+06
23.3,30.7,3.74308e+06
23.3,30.8,3.03196e+06
23.3,30.9,2.39648e+06
23.3,31,1.83707e+06
23.3,31.1,1.35414e+06
23.3,31.2,948087
23.3,31.3,619335
23.3,31.4,368295
23.3,31.5,195382
23.3,31.6,101012
23.3,31.7,85599.5
23.3,31.8,149562
23.3,31.9,293317
23.3,32,517283
23.3,32.1,821879
23.3,32.2,1.20752e+06
23.3,32.3,1.67464e+06
23.3,32.4,2.22364e+06
23.3,32.5,2.85496e+06
23.3,32.6,3.56901e+06
23.3,32.7,4.36622e+06
23.3,32.8,5.24701e+06
23.3,32.9,6.21181e+06
23.3,33,7.26105e+06
23.3,33.1,8.39514e+06
23.3,33.2,9.61452e+06
23.3,33.3,1.09196e+07
23.3,33.4,1.23108e+07
23.3,33.5,1.37886e+07
23.3,33.6,1.53534e+07
23.3,33.7,1.70057e+07
23.3,33.8,1.87458e+07
23.3,33.9,2.05742e+07
23.3,34,2.24913e+07
23.3,34.1,2.44976e+07
23.3,34.2,2.65935e+07
23.3,34.3,2.87794e+07
23.3,34.4,3.10557e+07
23.3,34.5,3.3423e+07
23.3,34.6,3.58816e+07
23.3,34.7,3.8432e+07
23.3,34.8,4.10746e+07
23.3,34.9,4.38099e+07
23.3,35,4.66383e+07
23.3,35.1,4.95602e+07
23.3,35.2,5.25761e+07
23.3,35.3,5.56864e+07
23.3,35.4,5.88915e+07
23.3,35.5,6.2192e+07
23.3,35.6,6.55882e+07
23.3,35.7,6.90806e+07
23.3,35.8,7.26697e+07
23.3,35.9,7.63558e+07
23.3,36,8.01395e+07
23.3,36.1,8.40212e+07
23.3,36.2,8.80013e+07
23.3,36.3,9.20803e+07
23.3,36.4,9.62586e+07
23.3,36.5,1.00537e+08
23.3,36.6,1.04915e+08
23.3,36.7,1.09394e+08
23.3,36.8,1.13974e+08
23.3,36.9,1.18656e+08
23.3,37,1.2344e+08
23.3,37.1,1.28326e+08
23.3,37.2,1.33316e+08
23.3,37.3,1.38408e+08
23.3,37.4,1.43605e+08
23.3,37.5,1.48906e+08
23.3,37.6,1.54312e+08
23.3,37.7,1.59823e+08
23.3,37.8,1.65439e+08
23.3,37.9,1.71162e+08
23.3,38,1.76992e+08
23.3,38.1,1.82928e+08
23.3,38.2,1.88972e+08
23.3,38.3,1.95125e+08
23.3,38.4,2.01385e+08
23.3,38.5,2.07755e+08
23.3,38.6,2.14234e+08
23.3,38.7,2.20823e+08
23.3,38.8,2.27523e+08
23.3,38.9,2.34333e+08
23.3,39,2.41254e+08
23.3,39.1,2.48287e+08
23.3,39.2,2.55433e+08
23.3,39.3,2.62691e+08
23.3,39.4,2.70063e+08
23.3,39.5,2.77548e+08
23.3,39.6,2.85147e+08
23.3,39.7,2.92861e+08
23.3,39.8,3.00689e+08
23.3,39.9,3.08634e+08
23.4,20,8.52895e+08
23.4,20.1,8.35541e+08
23.4,20.2,8.18305e+08
23.4,20.3,8.0119e+08
23.4,20.4,7.84197e+08
23.4,20.5,7.67328e+08
23.4,20.6,7.50585e+08
23.4,20.7,7.33971e+08
23.4,20.8,7.17486e+08
23.4,20.9,7.01133e+08
23.4,21,6.84913e+08
23.4,21.1,6.68829e+08
23.4,21.2,6.52883e+08
23.4,21.3,6.37076e+08
23.4,21.4,6.21411e+08
23.4,21.5,6.05889e+08
23.4,21.6,5.90513e+08
23.4,21.7,5.75284e+08
23.4,21.8,5.60205e+08
23.4,21.9,5.45276e+08
23.4,22,5.30502e+08
23.4,22.1,5.15882e+08
23.4,22.2,5.0142e+08
23.4,22.3,4.87117e+08
23.4,22.4,4.72976e+08
23.4,22.5,4.58998e+08
23.4,22.6,4.45186e+08
23.4,22.7,4.31541e+08
23.4,22.8,4.18066e+08
23.4,22.9,4.04762e+08
23.4,23,3.91632e+08
23.4,23.1,3.78678e+08
23.4,23.2,3.65901e+08
23.4,23.3,3.53305e+08
23.4,23.4,3.4089e+08
23.4,23.5,3.31634e+08
23.4,23.6,3.22481e+08
23.4,23.7,3.1343e+08
23.4,23.8,3.04485e+08
23.4,23.9,2.95644e+08
23.4,24,2.86911e+08
23.4,24.1,2.78285e+08
23.4,24.2,2.69768e+08
23.4,24.3,2.6136e+08
23.4,24.4,2.53064e+08
23.4,24.5,2.44879e+08
23.4,24.6,2.36808e+08
23.4,24.7,2.28851e+08
23.4,24.8,2.21009e+08
23.4,24.9,2.13283e+08
23.4,25,2.05675e+08
23.4,25.1,1.98186e+08
23.4,25.2,1.90816e+08
23.4,25.3,1.83567e+08
23.4,25.4,1.7644e+08
23.4,25.5,1.69436e+08
23.4,25.6,1.62555e+08
23.4,25.7,1.55801e+08
23.4,25.8,1.49172e+08
23.4,25.9,1.42671e+08
23.4,26,1.36299e+08
23.4,26.1,1.30056e+08
23.4,26.2,1.23944e+08
23.4,26.3,1.17964e+08
23.4,26.4,1.12118e+08
23.4,26.5,1.06405e+08
23.4,26.6,1.00828e+08
23.4,26.7,9.53877e+07
23.4,26.8,9.0085e+07
23.4,26.9,8.49212e+07
23.4,27,7.98974e+07
23.4,27.1,7.50149e+07
23.4,27.2,7.02746e+07
23.4,27.3,6.56779e+07
23.4,27.4,6.76064e+07
23.4,27.5,5.83744e+07
23.4,27.6,5.55858e+07
23.4,27.7,5.28604e+07
23.4,27.8,5.01987e+07
23.4,27.9,4.7601e+07
23.4,28,4.50678e+07
23.4,28.1,4.25994e+07
23.4,28.2,4.01962e+07
23.4,28.3,3.78586e+07
23.4,28.4,3.5587e+07
23.4,28.5,3.33818e+07
23.4,28.6,3.12434e+07
23.4,28.7,2.91722e+07
23.4,28.8,2.71686e+07
23.4,28.9,2.52329e+07
23.4,29,2.33656e+07
23.4,29.1,2.1567e+07
23.4,29.2,1.98377e+07
23.4,29.3,1.81779e+07
23.4,29.4,1.6588e+07
23.4,29.5,1.50685e+07
23.4,29.6,1.36198e+07
23.4,29.7,1.22423e+07
23.4,29.8,1.09363e+07
23.4,29.9,9.7023e+06
23.4,30,8.54066e+06
23.4,30.1,7.45181e+06
23.4,30.2,6.43614e+06
23.4,30.3,5.49407e+06
23.4,30.4,4.62599e+06
23.4,30.5,3.83232e+06
23.4,30.6,3.11346e+06
23.4,30.7,2.46983e+06
23.4,30.8,1.90183e+06
23.4,30.9,1.40988e+06
23.4,31,994376
23.4,31.1,655743
23.4,31.2,394389
23.4,31.3,210729
23.4,31.4,105176
23.4,31.5,78145.6
23.4,31.6,130053
23.4,31.7,261314
23.4,31.8,472347
23.4,31.9,763569
23.4,32,1.1354e+06
23.4,32.1,1.58825e+06
23.4,32.2,2.12256e+06
23.4,32.3,2.73873e+06
23.4,32.4,3.43719e+06
23.4,32.5,4.21836e+06
23.4,32.6,5.08267e+06
23.4,32.7,6.03053e+06
23.4,32.8,7.06238e+06
23.4,32.9,8.17863e+06
23.4,33,9.37972e+06
23.4,33.1,1.06661e+07
23.4,33.2,1.20381e+07
23.4,33.3,1.34962e+07
23.4,33.4,1.50409e+07
23.4,33.5,1.66726e+07
23.4,33.6,1.83917e+07
23.4,33.7,2.01986e+07
23.4,33.8,2.20938e+07
23.4,33.9,2.40776e+07
23.4,34,2.61506e+07
23.4,34.1,2.83132e+07
23.4,34.2,3.05658e+07
23.4,34.3,3.29088e+07
23.4,34.4,3.53426e+07
23.4,34.5,3.78678e+07
23.4,34.6,4.04848e+07
23.4,34.7,4.31939e+07
23.4,34.8,4.59956e+07
23.4,34.9,4.88904e+07
23.4,35,5.18787e+07
23.4,35.1,5.4961e+07
23.4,35.2,5.81376e+07
23.4,35.3,6.14091e+07
23.4,35.4,6.47758e+07
23.4,35.5,6.82383e+07
23.4,35.6,7.17969e+07
23.4,35.7,7.54522e+07
23.4,35.8,7.92044e+07
23.4,35.9,8.30542e+07
23.4,36,8.7002e+07
23.4,36.1,9.10481e+07
23.4,36.2,9.51931e+07
23.4,36.3,9.94374e+07
23.4,36.4,1.03781e+08
23.4,36.5,1.08226e+08
23.4,36.6,1.1277e+08
23.4,36.7,1.17416e+08
23.4,36.8,1.22164e+08
23.4,36.9,1.27014e+08
23.4,37,1.31966e+08
23.4,37.1,1.3702e+08
23.4,37.2,1.42179e+08
23.4,37.3,1.47441e+08
23.4,37.4,1.52807e+08
23.4,37.5,1.58279e+08
23.4,37.6,1.63855e+08
23.4,37.7,1.69537e+08
23.4,37.8,1.75325e+08
23.4,37.9,1.8122e+08
23.4,38,1.87222e+08
23.4,38.1,1.93331e+08
23.4,38.2,1.99549e+08
23.4,38.3,2.05875e+08
23.4,38.4,2.12309e+08
23.4,38.5,2.18853e+08
23.4,38.6,2.25507e+08
23.4,38.7,2.32272e+08
23.4,38.8,2.39147e+08
23.4,38.9,2.46133e+08
23.4,39,2.53231e+08
23.4,39.1,2.60441e+08
23.4,39.2,2.67764e+08
23.4,39.3,2.752e+08
23.4,39.4,2.8275e+08
23.4,39.5,2.90414e+08
23.4,39.6,2.98192e+08
23.4,39.7,3.06085e+08
23.4,39.8,3.14094e+08
23.4,39.9,3.22219e+08
23.5,20,8.37359e+08
23.5,20.1,8.20155e+08
23.5,20.2,8.0307e+08
23.5,20.3,7.86106e+08
23.5,20.4,7.69265e+08
23.5,20.5,7.52548e+08
23.5,20.6,7.35959e+08
23.5,20.7,7.19499e+08
23.5,20.8,7.03169e+08
23.5,20.9,6.86971e+08
23.5,21,6.70908e+08
23.5,21.1,6.54982e+08
23.5,21.2,6.39194e+08
23.5,21.3,6.23546e+08
23.5,21.4,6.0804e+08
23.5,21.5,5.92679e+08
23.5,21.6,5.77464e+08
23.5,21.7,5.62397e+08
23.5,21.8,5.4748e+08
23.5,21.9,5.32716e+08
23.5,22,5.18105e+08
23.5,22.1,5.03651e+08
23.5,22.2,4.89355e+08
23.5,22.3,4.75219e+08
23.5,22.4,4.61246e+08
23.5,22.5,4.47436e+08
23.5,22.6,4.33793e+08
23.5,22.7,4.20318e+08
23.5,22.8,4.07013e+08
23.5,22.9,3.93881e+08
23.5,23,3.80923e+08
23.5,23.1,3.68142e+08
23.5,23.2,3.5554e+08
23.5,23.3,3.43118e+08
23.5,23.4,3.30879e+08
23.5,23.5,3.18825e+08
23.5,23.6,3.09845e+08
23.5,23.7,3.00969e+08
23.5,23.8,2.92198e+08
23.5,23.9,2.83533e+08
23.5,24,2.74976e+08
23.5,24.1,2.66527e+08
23.5,24.2,2.58188e+08
23.5,24.3,2.49959e+08
23.5,24.4,2.41841e+08
23.5,24.5,2.33836e+08
23.5,24.6,2.25945e+08
23.5,24.7,2.18169e+08
23.5,24.8,2.10509e+08
23.5,24.9,2.02966e+08
23.5,25,1.95541e+08
23.5,25.1,1.88235e+08
23.5,25.2,1.8105e+08
23.5,25.3,1.73986e+08
23.5,25.4,1.67045e+08
23.5,25.5,1.60227e+08
23.5,25.6,1.53534e+08
23.5,25.7,1.46967e+08
23.5,25.8,1.40527e+08
23.5,25.9,1.34215e+08
23.5,26,1.28033e+08
23.5,26.1,1.21981e+08
23.5,26.2,1.1606e+08
23.5,26.3,1.10273e+08
23.5,26.4,1.04619e+08
23.5,26.5,9.90997e+07
23.5,26.6,9.37168e+07
23.5,26.7,8.84712e+07
23.5,26.8,8.3364e+07
23.5,26.9,7.83964e+07
23.5,27,7.35696e+07
23.5,27.1,6.88846e+07
23.5,27.2,6.43427e+07
23.5,27.3,5.9945e+07
23.5,27.4,6.17852e+07
23.5,27.5,5.29721e+07
23.5,27.6,5.03149e+07
23.5,27.7,4.77212e+07
23.5,27.8,4.51917e+07
23.5,27.9,4.27265e+07
23.5,28,4.03262e+07
23.5,28.1,3.79911e+07
23.5,28.2,3.57216e+07
23.5,28.3,3.35181e+07
23.5,28.4,3.13809e+07
23.5,28.5,2.93106e+07
23.5,28.6,2.73074e+07
23.5,28.7,2.53718e+07
23.5,28.8,2.35041e+07
23.5,28.9,2.17048e+07
23.5,29,1.99743e+07
23.5,29.1,1.83129e+07
23.5,29.2,1.67211e+07
23.5,29.3,1.51992e+07
23.5,29.4,1.37477e+07
23.5,29.5,1.23669e+07
23.5,29.6,1.10573e+07
23.5,29.7,9.81919e+06
23.5,29.8,8.65308e+06
23.5,29.9,7.55933e+06
23.5,30,6.53835e+06
23.5,30.1,5.59054e+06
23.5,30.2,4.71631e+06
23.5,30.3,3.91606e+06
23.5,30.4,3.1902e+06
23.5,30.5,2.53914e+06
23.5,30.6,1.96329e+06
23.5,30.7,1.46305e+06
23.5,30.8,1.03884e+06
23.5,30.9,691073
23.5,31,420151
23.5,31.1,226490
23.5,31.2,110505
23.5,31.3,72607.9
23.5,31.4,113214
23.5,31.5,232738
23.5,31.6,431597
23.5,31.7,710207
23.5,31.8,1.06898e+06
23.5,31.9,1.50835e+06
23.5,32,2.02872e+06
23.5,32.1,2.63051e+06
23.5,32.2,3.31416e+06
23.5,32.3,4.08006e+06
23.5,32.4,4.92866e+06
23.5,32.5,5.86037e+06
23.5,32.6,6.87561e+06
23.5,32.7,7.97481e+06
23.5,32.8,9.15839e+06
23.5,32.9,1.04268e+07
23.5,33,1.17804e+07
23.5,33.1,1.32197e+07
23.5,33.2,1.47451e+07
23.5,33.3,1.6357e+07
23.5,33.4,1.80558e+07
23.5,33.5,1.9842e+07
23.5,33.6,2.17161e+07
23.5,33.7,2.36783e+07
23.5,33.8,2.57293e+07
23.5,33.9,2.78693e+07
23.5,34,3.00989e+07
23.5,34.1,3.24184e+07
23.5,34.2,3.48284e+07
23.5,34.3,3.73292e+07
23.5,34.4,3.99213e+07
23.5,34.5,4.26051e+07
23.5,34.6,4.5381e+07
23.5,34.7,4.82495e+07
23.5,34.8,5.12111e+07
23.5,34.9,5.42662e+07
23.5,35,5.74151e+07
23.5,35.1,6.06584e+07
23.5,35.2,6.39965e+07
23.5,35.3,6.74299e+07
23.5,35.4,7.09589e+07
23.5,35.5,7.45841e+07
23.5,35.6,7.83058e+07
23.5,35.7,8.21245e+07
23.5,35.8,8.60408e+07
23.5,35.9,9.00549e+07
23.5,36,9.41674e+07
23.5,36.1,9.83787e+07
23.5,36.2,1.02689e+08
23.5,36.3,1.071e+08
23.5,36.4,1.1161e+08
23.5,36.5,1.16221e+08
23.5,36.6,1.20933e+08
23.5,36.7,1.25747e+08
23.5,36.8,1.30662e+08
23.5,36.9,1.3568e+08
23.5,37,1.40801e+08
23.5,37.1,1.46026e+08
23.5,37.2,1.51354e+08
23.5,37.3,1.56786e+08
23.5,37.4,1.62323e+08
23.5,37.5,1.67965e+08
23.5,37.6,1.73713e+08
23.5,37.7,1.79567e+08
23.5,37.8,1.85527e+08
23.5,37.9,1.91595e+08
23.5,38,1.9777e+08
23.5,38.1,2.04053e+08
23.5,38.2,2.10444e+08
23.5,38.3,2.16944e+08
23.5,38.4,2.23554e+08
23.5,38.5,2.30273e+08
23.5,38.6,2.37103e+08
23.5,38.7,2.44043e+08
23.5,38.8,2.51094e+08
23.5,38.9,2.58258e+08
23.5,39,2.65533e+08
23.5,39.1,2.72921e+08
23.5,39.2,2.80422e+08
23.5,39.3,2.88037e+08
23.5,39.4,2.95765e+08
23.5,39.5,3.03608e+08
23.5,39.6,3.11567e+08
23.5,39.7,3.1964e+08
23.5,39.8,3.2783e+08
23.5,39.9,3.36136e+08
23.6,20,8.21927e+08
23.6,20.1,8.04872e+08
23.6,20.2,7.87938e+08
23.6,20.3,7.71126e+08
23.6,20.4,7.54437e+08
23.6,20.5,7.37875e+08
23.6,20.6,7.21439e+08
23.6,20.7,7.05134e+08
23.6,20.8,6.88959e+08
23.6,20.9,6.72918e+08
23.6,21,6.57013e+08
23.6,21.1,6.41244e+08
23.6,21.2,6.25615e+08
23.6,21.3,6.10126e+08
23.6,21.4,5.94781e+08
23.6,21.5,5.79581e+08
23.6,21.6,5.64528e+08
23.6,21.7,5.49624e+08
23.6,21.8,5.3487e+08
23.6,21.9,5.2027e+08
23.6,22,5.05825e+08
23.6,22.1,4.91536e+08
23.6,22.2,4.77407e+08
23.6,22.3,4.63438e+08
23.6,22.4,4.49633e+08
23.6,22.5,4.35992e+08
23.6,22.6,4.22519e+08
23.6,22.7,4.09214e+08
23.6,22.8,3.96081e+08
23.6,22.9,3.83121e+08
23.6,23,3.70336e+08
23.6,23.1,3.57729e+08
23.6,23.2,3.45301e+08
23.6,23.3,3.33055e+08
23.6,23.4,3.20992e+08
23.6,23.5,3.09115e+08
23.6,23.6,2.97425e+08
23.6,23.7,2.88724e+08
23.6,23.8,2.80129e+08
23.6,23.9,2.71641e+08
23.6,24,2.63261e+08
23.6,24.1,2.5499e+08
23.6,24.2,2.46829e+08
23.6,24.3,2.38779e+08
23.6,24.4,2.30841e+08
23.6,24.5,2.23017e+08
23.6,24.6,2.15307e+08
23.6,24.7,2.07713e+08
23.6,24.8,2.00235e+08
23.6,24.9,1.92875e+08
23.6,25,1.85634e+08
23.6,25.1,1.78513e+08
23.6,25.2,1.71513e+08
23.6,25.3,1.64635e+08
23.6,25.4,1.5788e+08
23.6,25.5,1.5125e+08
23.6,25.6,1.44745e+08
23.6,25.7,1.38367e+08
23.6,25.8,1.32116e+08
23.6,25.9,1.25995e+08
23.6,26,1.20003e+08
23.6,26.1,1.14142e+08
23.6,26.2,1.08414e+08
23.6,26.3,1.02819e+08
23.6,26.4,9.73587e+07
23.6,26.5,9.2034e+07
23.6,26.6,8.68461e+07
23.6,26.7,8.17961e+07
23.6,26.8,7.68852e+07
23.6,26.9,7.21147e+07
23.6,27,6.74855e+07
23.6,27.1,6.2999e+07
23.6,27.2,5.86562e+07
23.6,27.3,5.44584e+07
23.6,27.4,5.62104e+07
23.6,27.5,4.78177e+07
23.6,27.6,4.52924e+07
23.6,27.7,4.28312e+07
23.6,27.8,4.04344e+07
23.6,27.9,3.81025e+07
23.6,28,3.58357e+07
23.6,28.1,3.36345e+07
23.6,28.2,3.14993e+07
23.6,28.3,2.94305e+07
23.6,28.4,2.74285e+07
23.6,28.5,2.54936e+07
23.6,28.6,2.36263e+07
23.6,28.7,2.18269e+07
23.6,28.8,2.00959e+07
23.6,28.9,1.84337e+07
23.6,29,1.68405e+07
23.6,29.1,1.53169e+07
23.6,29.2,1.38633e+07
23.6,29.3,1.248e+07
23.6,29.4,1.11675e+07
23.6,29.5,9.92604e+06
23.6,29.6,8.75616e+06
23.6,29.7,7.65824e+06
23.6,29.8,6.63266e+06
23.6,29.9,5.67983e+06
23.6,30,4.80017e+06
23.6,30.1,3.99406e+06
23.6,30.2,3.26193e+06
23.6,30.3,2.60417e+06
23.6,30.4,2.02119e+06
23.6,30.5,1.51341e+06
23.6,30.6,1.08123e+06
23.6,30.7,725055
23.6,30.8,445305
23.6,30.9,242386
23.6,31,116713
23.6,31.1,68695.9
23.6,31.2,98749.7
23.6,31.3,207288
23.6,31.4,394726
23.6,31.5,661480
23.6,31.6,1.00796e+06
23.6,31.7,1.4346e+06
23.6,31.8,1.9418e+06
23.6,31.9,2.52998e+06
23.6,32,3.19957e+06
23.6,32.1,3.95099e+06
23.6,32.2,4.78464e+06
23.6,32.3,5.70097e+06
23.6,32.4,6.70038e+06
23.6,32.5,7.78331e+06
23.6,32.6,8.95017e+06
23.6,32.7,1.02014e+07
23.6,32.8,1.15374e+07
23.6,32.9,1.29586e+07
23.6,33,1.44655e+07
23.6,33.1,1.60584e+07
23.6,33.2,1.77378e+07
23.6,33.3,1.95041e+07
23.6,33.4,2.13578e+07
23.6,33.5,2.32993e+07
23.6,33.6,2.53289e+07
23.6,33.7,2.74473e+07
23.6,33.8,2.96547e+07
23.6,33.9,3.19516e+07
23.6,34,3.43384e+07
23.6,34.1,3.68156e+07
23.6,34.2,3.93837e+07
23.6,34.3,4.2043e+07
23.6,34.4,4.47939e+07
23.6,34.5,4.7637e+07
23.6,34.6,5.05727e+07
23.6,34.7,5.36014e+07
23.6,34.8,5.67235e+07
23.6,34.9,5.99395e+07
23.6,35,6.32498e+07
23.6,35.1,6.66548e+07
23.6,35.2,7.01551e+07
23.6,35.3,7.3751e+07
23.6,35.4,7.74431e+07
23.6,35.5,8.12316e+07
23.6,35.6,8.51172e+07
23.6,35.7,8.91002e+07
23.6,35.8,9.3181e+07
23.6,35.9,9.73602e+07
23.6,36,1.01638e+08
23.6,36.1,1.06015e+08
23.6,36.2,1.10492e+08
23.6,36.3,1.15069e+08
23.6,36.4,1.19747e+08
23.6,36.5,1.24525e+08
23.6,36.6,1.29405e+08
23.6,36.7,1.34387e+08
23.6,36.8,1.39472e+08
23.6,36.9,1.44659e+08
23.6,37,1.4995e+08
23.6,37.1,1.55344e+08
23.6,37.2,1.60842e+08
23.6,37.3,1.66446e+08
23.6,37.4,1.72154e+08
23.6,37.5,1.77968e+08
23.6,37.6,1.83888e+08
23.6,37.7,1.89914e+08
23.6,37.8,1.96048e+08
23.6,37.9,2.02288e+08
23.6,38,2.08637e+08
23.6,38.1,2.15094e+08
23.6,38.2,2.2166e+08
23.6,38.3,2.28336e+08
23.6,38.4,2.35121e+08
23.6,38.5,2.42016e+08
23.6,38.6,2.49022e+08
23.6,38.7,2.56139e+08
23.6,38.8,2.63368e+08
23.6,38.9,2.70708e+08
23.6,39,2.78162e+08
23.6,39.1,2.85728e+08
23.6,39.2,2.93408e+08
23.6,39.3,3.01202e+08
23.6,39.4,3.09111e+08
23.6,39.5,3.17134e+08
23.6,39.6,3.25273e+08
23.6,39.7,3.33527e+08
23.6,39.8,3.41898e+08
23.6,39.9,3.50386e+08
23.7,20,8.06598e+08
23.7,20.1,7.89694e+08
23.7,20.2,7.72912e+08
23.7,20.3,7.56252e+08
23.7,20.4,7.39717e+08
23.7,20.5,7.23308e+08
23.7,20.6,7.07027e+08
23.7,20.7,6.90877e+08
23.7,20.8,6.74859e+08
23.7,20.9,6.58975e+08
23.7,21,6.43227e+08
23.7,21.1,6.27617e+08
23.7,21.2,6.12147e+08
23.7,21.3,5.96819e+08
23.7,21.4,5.81634e+08
23.7,21.5,5.66596e+08
23.7,21.6,5.51705e+08
23.7,21.7,5.36964e+08
23.7,21.8,5.22375e+08
23.7,21.9,5.0794e+08
23.7,22,4.9366e+08
23.7,22.1,4.79538e+08
23.7,22.2,4.65576e+08
23.7,22.3,4.51775e+08
23.7,22.4,4.38138e+08
23.7,22.5,4.24668e+08
23.7,22.6,4.11365e+08
23.7,22.7,3.98231e+08
23.7,22.8,3.8527e+08
23.7,22.9,3.72483e+08
23.7,23,3.59872e+08
23.7,23.1,3.47439e+08
23.7,23.2,3.35187e+08
23.7,23.3,3.23116e+08
23.7,23.4,3.1123e+08
23.7,23.5,2.99531e+08
23.7,23.6,2.8802e+08
23.7,23.7,2.767e+08
23.7,23.8,2.68281e+08
23.7,23.9,2.5997e+08
23.7,24,2.51768e+08
23.7,24.1,2.43675e+08
23.7,24.2,2.35693e+08
23.7,24.3,2.27823e+08
23.7,24.4,2.20066e+08
23.7,24.5,2.12423e+08
23.7,24.6,2.04896e+08
23.7,24.7,1.97484e+08
23.7,24.8,1.9019e+08
23.7,24.9,1.83014e+08
23.7,25,1.75957e+08
23.7,25.1,1.69022e+08
23.7,25.2,1.62208e+08
23.7,25.3,1.55516e+08
23.7,25.4,1.48949e+08
23.7,25.5,1.42507e+08
23.7,25.6,1.36191e+08
23.7,25.7,1.30002e+08
23.7,25.8,1.23942e+08
23.7,25.9,1.18011e+08
23.7,26,1.12211e+08
23.7,26.1,1.06543e+08
23.7,26.2,1.01007e+08
23.7,26.3,9.5606e+07
23.7,26.4,9.03399e+07
23.7,26.5,8.52103e+07
23.7,26.6,8.02181e+07
23.7,26.7,7.53646e+07
23.7,26.8,7.06509e+07
23.7,26.9,6.60782e+07
23.7,27,6.16477e+07
23.7,27.1,5.73604e+07
23.7,27.2,5.32176e+07
23.7,27.3,4.92204e+07
23.7,27.4,5.08842e+07
23.7,27.5,4.29134e+07
23.7,27.6,4.05208e+07
23.7,27.7,3.81926e+07
23.7,27.8,3.59293e+07
23.7,27.9,3.37311e+07
23.7,28,3.15986e+07
23.7,28.1,2.9532e+07
23.7,28.2,2.75317e+07
23.7,28.3,2.55983e+07
23.7,28.4,2.3732e+07
23.7,28.5,2.19332e+07
23.7,28.6,2.02024e+07
23.7,28.7,1.854e+07
23.7,28.8,1.69463e+07
23.7,28.9,1.54217e+07
23.7,29,1.39666e+07
23.7,29.1,1.25815e+07
23.7,29.2,1.12667e+07
23.7,29.3,1.00227e+07
23.7,29.4,8.84973e+06
23.7,29.5,7.74833e+06
23.7,29.6,6.71887e+06
23.7,29.7,5.76174e+06
23.7,29.8,4.87735e+06
23.7,29.9,4.06611e+06
23.7,30,3.32842e+06
23.7,30.1,2.66469e+06
23.7,30.2,2.07531e+06
23.7,30.3,1.56071e+06
23.7,30.4,1.12128e+06
23.7,30.5,757441
23.7,30.6,469595
23.7,30.7,258156
23.7,30.8,123532
23.7,30.9,66137.1
23.7,31,86382.1
23.7,31.1,184681
23.7,31.2,361446
23.7,31.3,617094
23.7,31.4,952038
23.7,31.5,1.3667e+06
23.7,31.6,1.86148e+06
23.7,31.7,2.43682e+06
23.7,31.8,3.09312e+06
23.7,31.9,3.8308e+06
23.7,32,4.65029e+06
23.7,32.1,5.552e+06
23.7,32.2,6.53636e+06
23.7,32.3,7.60378e+06
23.7,32.4,8.7547e+06
23.7,32.5,9.98952e+06
23.7,32.6,1.13087e+07
23.7,32.7,1.27126e+07
23.7,32.8,1.42017e+07
23.7,32.9,1.57765e+07
23.7,33,1.74372e+07
23.7,33.1,1.91845e+07
23.7,33.2,2.10186e+07
23.7,33.3,2.294e+07
23.7,33.4,2.49493e+07
23.7,33.5,2.70467e+07
23.7,33.6,2.92327e+07
23.7,33.7,3.15077e+07
23.7,33.8,3.38723e+07
23.7,33.9,3.63268e+07
23.7,34,3.88716e+07
23.7,34.1,4.15072e+07
23.7,34.2,4.4234e+07
23.7,34.3,4.70525e+07
23.7,34.4,4.99631e+07
23.7,34.5,5.29662e+07
23.7,34.6,5.60622e+07
23.7,34.7,5.92517e+07
23.7,34.8,6.25351e+07
23.7,34.9,6.59127e+07
23.7,35,6.93851e+07
23.7,35.1,7.29526e+07
23.7,35.2,7.66158e+07
23.7,35.3,8.0375e+07
23.7,35.4,8.42307e+07
23.7,35.5,8.81834e+07
23.7,35.6,9.22335e+07
23.7,35.7,9.63814e+07
23.7,35.8,1.00628e+08
23.7,35.9,1.04973e+08
23.7,36,1.09417e+08
23.7,36.1,1.1396e+08
23.7,36.2,1.18604e+08
23.7,36.3,1.23349e+08
23.7,36.4,1.28194e+08
23.7,36.5,1.33141e+08
23.7,36.6,1.3819e+08
23.7,36.7,1.43341e+08
23.7,36.8,1.48595e+08
23.7,36.9,1.53952e+08
23.7,37,1.59413e+08
23.7,37.1,1.64978e+08
23.7,37.2,1.70648e+08
23.7,37.3,1.76422e+08
23.7,37.4,1.82303e+08
23.7,37.5,1.88289e+08
23.7,37.6,1.94382e+08
23.7,37.7,2.00582e+08
23.7,37.8,2.06889e+08
23.7,37.9,2.13304e+08
23.7,38,2.19827e+08
23.7,38.1,2.26459e+08
23.7,38.2,2.332e+08
23.7,38.3,2.40051e+08
23.7,38.4,2.47013e+08
23.7,38.5,2.54085e+08
23.7,38.6,2.61268e+08
23.7,38.7,2.68562e+08
23.7,38.8,2.75969e+08
23.7,38.9,2.83488e+08
23.7,39,2.9112e+08
23.7,39.1,2.98866e+08
23.7,39.2,3.06725e+08
23.7,39.3,3.14699e+08
23.7,39.4,3.22788e+08
23.7,39.5,3.30993e+08
23.7,39.6,3.39313e+08
23.7,39.7,3.47749e+08
23.7,39.8,3.56302e+08
23.7,39.9,3.64973e+08
23.8,20,7.91374e+08
23.8,20.1,7.74622e+08
23.8,20.2,7.57992e+08
23.8,20.3,7.41485e+08
23.8,20.4,7.25103e+08
23.8,20.5,7.08849e+08
23.8,20.6,6.92723e+08
23.8,20.7,6.76729e+08
23.8,20.8,6.60868e+08
23.8,20.9,6.45142e+08
23.8,21,6.29552e+08
23.8,21.1,6.14101e+08
23.8,21.2,5.98791e+08
23.8,21.3,5.83624e+08
23.8,21.4,5.68601e+08
23.8,21.5,5.53725e+08
23.8,21.6,5.38997e+08
23.8,21.7,5.2442e+08
23.8,21.8,5.09996e+08
23.8,21.9,4.95726e+08
23.8,22,4.81613e+08
23.8,22.1,4.67658e+08
23.8,22.2,4.53863e+08
23.8,22.3,4.40232e+08
23.8,22.4,4.26764e+08
23.8,22.5,4.13464e+08
23.8,22.6,4.00332e+08
23.8,22.7,3.87371e+08
23.8,22.8,3.74582e+08
23.8,22.9,3.61969e+08
23.8,23,3.49532e+08
23.8,23.1,3.37274e+08
23.8,23.2,3.25197e+08
23.8,23.3,3.13304e+08
23.8,23.4,3.01595e+08
23.8,23.5,2.90074e+08
23.8,23.6,2.78742e+08
23.8,23.7,2.67602e+08
23.8,23.8,2.56655e+08
23.8,23.9,2.48522e+08
23.8,24,2.40499e+08
23.8,24.1,2.32585e+08
23.8,24.2,2.24784e+08
23.8,24.3,2.17094e+08
23.8,24.4,2.09519e+08
23.8,24.5,2.02058e+08
23.8,24.6,1.94713e+08
23.8,24.7,1.87484e+08
23.8,24.8,1.80374e+08
23.8,24.9,1.73383e+08
23.8,25,1.66512e+08
23.8,25.1,1.59763e+08
23.8,25.2,1.53136e+08
23.8,25.3,1.46632e+08
23.8,25.4,1.40253e+08
23.8,25.5,1.34e+08
23.8,25.6,1.27873e+08
23.8,25.7,1.21875e+08
23.8,25.8,1.16006e+08
23.8,25.9,1.10267e+08
23.8,26,1.04659e+08
23.8,26.1,9.91837e+07
23.8,26.2,9.38422e+07
23.8,26.3,8.86354e+07
23.8,26.4,8.35646e+07
23.8,26.5,7.86308e+07
23.8,26.6,7.38353e+07
23.8,26.7,6.91791e+07
23.8,26.8,6.46634e+07
23.8,26.9,6.02894e+07
23.8,27,5.60582e+07
23.8,27.1,5.19711e+07
23.8,27.2,4.80291e+07
23.8,27.3,4.42334e+07
23.8,27.4,4.5809e+07
23.8,27.5,3.82615e+07
23.8,27.6,3.60022e+07
23.8,27.7,3.38078e+07
23.8,27.8,3.16785e+07
23.8,27.9,2.96148e+07
23.8,28,2.76171e+07
23.8,28.1,2.56857e+07
23.8,28.2,2.38211e+07
23.8,28.3,2.20237e+07
23.8,28.4,2.02937e+07
23.8,28.5,1.86318e+07
23.8,28.6,1.70381e+07
23.8,28.7,1.55132e+07
23.8,28.8,1.40575e+07
23.8,28.9,1.26712e+07
23.8,29,1.13549e+07
23.8,29.1,1.01089e+07
23.8,29.2,8.9336e+06
23.8,29.3,7.82944e+06
23.8,29.4,6.79679e+06
23.8,29.5,5.83607e+06
23.8,29.6,4.94767e+06
23.8,29.7,4.13201e+06
23.8,29.8,3.38948e+06
23.8,29.9,2.72048e+06
23.8,30,2.12543e+06
23.8,30.1,1.60473e+06
23.8,30.2,1.15878e+06
23.8,30.3,787997
23.8,30.4,492785
23.8,30.5,273555
23.8,30.6,130716
23.8,30.7,64677.5
23.8,30.8,75851.8
23.8,30.9,164650
23.8,31,331486
23.8,31.1,576773
23.8,31.2,900924
23.8,31.3,1.30435e+06
23.8,31.4,1.78748e+06
23.8,31.5,2.35072e+06
23.8,31.6,2.99448e+06
23.8,31.7,3.7192e+06
23.8,31.8,4.52528e+06
23.8,31.9,5.41314e+06
23.8,32,6.3832e+06
23.8,32.1,7.4359e+06
23.8,32.2,8.57163e+06
23.8,32.3,9.79084e+06
23.8,32.4,1.10939e+07
23.8,32.5,1.24814e+07
23.8,32.6,1.39535e+07
23.8,32.7,1.55108e+07
23.8,32.8,1.71537e+07
23.8,32.9,1.88827e+07
23.8,33,2.0698e+07
23.8,33.1,2.26003e+07
23.8,33.2,2.45898e+07
23.8,33.3,2.66671e+07
23.8,33.4,2.88325e+07
23.8,33.5,3.10866e+07
23.8,33.6,3.34296e+07
23.8,33.7,3.58621e+07
23.8,33.8,3.83845e+07
23.8,33.9,4.09972e+07
23.8,34,4.37007e+07
23.8,34.1,4.64954e+07
23.8,34.2,4.93817e+07
23.8,34.3,5.23601e+07
23.8,34.4,5.54309e+07
23.8,34.5,5.85948e+07
23.8,34.6,6.1852e+07
23.8,34.7,6.5203e+07
23.8,34.8,6.86483e+07
23.8,34.9,7.21882e+07
23.8,35,7.58234e+07
23.8,35.1,7.95541e+07
23.8,35.2,8.33808e+07
23.8,35.3,8.7304e+07
23.8,35.4,9.13242e+07
23.8,35.5,9.54417e+07
23.8,35.6,9.9657e+07
23.8,35.7,1.03971e+08
23.8,35.8,1.08383e+08
23.8,35.9,1.12894e+08
23.8,36,1.17505e+08
23.8,36.1,1.22216e+08
23.8,36.2,1.27028e+08
23.8,36.3,1.31941e+08
23.8,36.4,1.36955e+08
23.8,36.5,1.4207e+08
23.8,36.6,1.47288e+08
23.8,36.7,1.52609e+08
23.8,36.8,1.58034e+08
23.8,36.9,1.63561e+08
23.8,37,1.69193e+08
23.8,37.1,1.7493e+08
23.8,37.2,1.80771e+08
23.8,37.3,1.86719e+08
23.8,37.4,1.92772e+08
23.8,37.5,1.98931e+08
23.8,37.6,2.05198e+08
23.8,37.7,2.11571e+08
23.8,37.8,2.18053e+08
23.8,37.9,2.24643e+08
23.8,38,2.31341e+08
23.8,38.1,2.38149e+08
23.8,38.2,2.45067e+08
23.8,38.3,2.52094e+08
23.8,38.4,2.59232e+08
23.8,38.5,2.66482e+08
23.8,38.6,2.73842e+08
23.8,38.7,2.81315e+08
23.8,38.8,2.88901e+08
23.8,38.9,2.96599e+08
23.8,39,3.04411e+08
23.8,39.1,3.12336e+08
23.8,39.2,3.20376e+08
23.8,39.3,3.28531e+08
23.8,39.4,3.36801e+08
23.8,39.5,3.45187e+08
23.8,39.6,3.53689e+08
23.8,39.7,3.62308e+08
23.8,39.8,3.71044e+08
23.8,39.9,3.79898e+08
23.9,20,7.76257e+08
23.9,20.1,7.59657e+08
23.9,20.2,7.43179e+08
23.9,20.3,7.26826e+08
23.9,20.4,7.10598e+08
23.9,20.5,6.94499e+08
23.9,20.6,6.7853e+08
23.9,20.7,6.62692e+08
23.9,20.8,6.46988e+08
23.9,20.9,6.3142e+08
23.9,21,6.1599e+08
23.9,21.1,6.00699e+08
23.9,21.2,5.85549e+08
23.9,21.3,5.70543e+08
23.9,21.4,5.55683e+08
23.9,21.5,5.4097e+08
23.9,21.6,5.26406e+08
23.9,21.7,5.11993e+08
23.9,21.8,4.97734e+08
23.9,21.9,4.8363e+08
23.9,22,4.69684e+08
23.9,22.1,4.55897e+08
23.9,22.2,4.42271e+08
23.9,22.3,4.28808e+08
23.9,22.4,4.15511e+08
23.9,22.5,4.02382e+08
23.9,22.6,3.89421e+08
23.9,22.7,3.76633e+08
23.9,22.8,3.64018e+08
23.9,22.9,3.51578e+08
23.9,23,3.39316e+08
23.9,23.1,3.27234e+08
23.9,23.2,3.15334e+08
23.9,23.3,3.03618e+08
23.9,23.4,2.92088e+08
23.9,23.5,2.80745e+08
23.9,23.6,2.69593e+08
23.9,23.7,2.58634e+08
23.9,23.8,2.47869e+08
23.9,23.9,2.373e+08
23.9,24,2.29456e+08
23.9,24.1,2.21723e+08
23.9,24.2,2.14102e+08
23.9,24.3,2.06594e+08
23.9,24.4,1.992e+08
23.9,24.5,1.91922e+08
23.9,24.6,1.84761e+08
23.9,24.7,1.77717e+08
23.9,24.8,1.70792e+08
23.9,24.9,1.63986e+08
23.9,25,1.57302e+08
23.9,25.1,1.50739e+08
23.9,25.2,1.443e+08
23.9,25.3,1.37984e+08
23.9,25.4,1.31794e+08
23.9,25.5,1.25731e+08
23.9,25.6,1.19795e+08
23.9,25.7,1.13988e+08
23.9,25.8,1.0831e+08
23.9,25.9,1.02764e+08
23.9,26,9.73493e+07
23.9,26.1,9.20681e+07
23.9,26.2,8.69212e+07
23.9,26.3,8.19098e+07
23.9,26.4,7.70349e+07
23.9,26.5,7.22979e+07
23.9,26.6,6.76998e+07
23.9,26.7,6.32417e+07
23.9,26.8,5.89249e+07
23.9,26.9,5.47504e+07
23.9,27,5.07195e+07
23.9,27.1,4.68333e+07
23.9,27.2,4.30929e+07
23.9,27.3,3.94996e+07
23.9,27.4,4.09871e+07
23.9,27.5,3.38644e+07
23.9,27.6,3.1739e+07
23.9,27.7,2.96789e+07
23.9,27.8,2.76843e+07
23.9,27.9,2.57557e+07
23.9,28,2.38935e+07
23.9,28.1,2.2098e+07
23.9,28.2,2.03697e+07
23.9,28.3,1.87089e+07
23.9,28.4,1.7116e+07
23.9,28.5,1.55915e+07
23.9,28.6,1.41357e+07
23.9,28.7,1.2749e+07
23.9,28.8,1.14318e+07
23.9,28.9,1.01846e+07
23.9,29,9.00763e+06
23.9,29.1,7.90139e+06
23.9,29.2,6.86627e+06
23.9,29.3,5.90265e+06
23.9,29.4,5.01095e+06
23.9,29.5,4.19157e+06
23.9,29.6,3.44491e+06
23.9,29.7,2.77136e+06
23.9,29.8,2.17135e+06
23.9,29.9,1.64526e+06
23.9,30,1.19351e+06
23.9,30.1,816509
23.9,30.2,514655
23.9,30.3,288360
23.9,30.4,138032
23.9,30.5,64081.3
23.9,30.6,66917.3
23.9,30.7,146951
23.9,30.8,304594
23.9,30.9,540259
23.9,31,854359
23.9,31.1,1.24731e+06
23.9,31.2,1.71952e+06
23.9,31.3,2.27141e+06
23.9,31.4,2.90339e+06
23.9,31.5,3.61589e+06
23.9,31.6,4.40931e+06
23.9,31.7,5.28408e+06
23.9,31.8,6.24062e+06
23.9,31.9,7.27934e+06
23.9,32,8.40067e+06
23.9,32.1,9.60502e+06
23.9,32.2,1.08928e+07
23.9,32.3,1.22645e+07
23.9,32.4,1.37205e+07
23.9,32.5,1.52611e+07
23.9,32.6,1.6887e+07
23.9,32.7,1.85984e+07
23.9,32.8,2.03958e+07
23.9,32.9,2.22796e+07
23.9,33,2.42502e+07
23.9,33.1,2.63082e+07
23.9,33.2,2.84538e+07
23.9,33.3,3.06876e+07
23.9,33.4,3.301e+07
23.9,33.5,3.54213e+07
23.9,33.6,3.79221e+07
23.9,33.7,4.05128e+07
23.9,33.8,4.31937e+07
23.9,33.9,4.59654e+07
23.9,34,4.88282e+07
23.9,34.1,5.17827e+07
23.9,34.2,5.48292e+07
23.9,34.3,5.79681e+07
23.9,34.4,6.12e+07
23.9,34.5,6.45252e+07
23.9,34.6,6.79442e+07
23.9,34.7,7.14575e+07
23.9,34.8,7.50654e+07
23.9,34.9,7.87685e+07
23.9,35,8.25671e+07
23.9,35.1,8.64616e+07
23.9,35.2,9.04527e+07
23.9,35.3,9.45406e+07
23.9,35.4,9.87259e+07
23.9,35.5,1.03009e+08
23.9,35.6,1.0739e+08
23.9,35.7,1.1187e+08
23.9,35.8,1.16449e+08
23.9,35.9,1.21128e+08
23.9,36,1.25906e+08
23.9,36.1,1.30786e+08
23.9,36.2,1.35766e+08
23.9,36.3,1.40847e+08
23.9,36.4,1.4603e+08
23.9,36.5,1.51316e+08
23.9,36.6,1.56704e+08
23.9,36.7,1.62195e+08
23.9,36.8,1.67791e+08
23.9,36.9,1.7349e+08
23.9,37,1.79293e+08
23.9,37.1,1.85202e+08
23.9,37.2,1.91216e+08
23.9,37.3,1.97337e+08
23.9,37.4,2.03563e+08
23.9,37.5,2.09897e+08
23.9,37.6,2.16337e+08
23.9,37.7,2.22886e+08
23.9,37.8,2.29543e+08
23.9,37.9,2.36308e+08
23.9,38,2.43183e+08
23.9,38.1,2.50167e+08
23.9,38.2,2.57261e+08
23.9,38.3,2.64466e+08
23.9,38.4,2.71782e+08
23.9,38.5,2.79209e+08
23.9,38.6,2.86749e+08
23.9,38.7,2.94401e+08
23.9,38.8,3.02165e+08
23.9,38.9,3.10043e+08
23.9,39,3.18035e+08
23.9,39.1,3.26142e+08
23.9,39.2,3.34363e+08
23.9,39.3,3.42699e+08
23.9,39.4,3.51151e+08
23.9,39.5,3.59719e+08
23.9,39.6,3.68404e+08
23.9,39.7,3.77206e+08
23.9,39.8,3.86126e+08
23.9,39.9,3.95164e+08
24,20,7.61246e+08
24,20.1,7.44799e+08
24,20.2,7.28475e+08
24,20.3,7.12276e+08
24,20.4,6.96203e+08
24,20.5,6.8026e+08
24,20.6,6.64447e+08
24,20.7,6.48767e+08
24,20.8,6.33221e+08
24,20.9,6.17812e+08
24,21,6.02541e+08
24,21.1,5.8741e+08
24,21.2,5.72422e+08
24,21.3,5.57578e+08
24,21.4,5.4288e+08
24,21.5,5.28331e+08
24,21.6,5.13931e+08
24,21.7,4.99684e+08
24,21.8,4.85591e+08
24,21.9,4.71654e+08
24,22,4.57875e+08
24,22.1,4.44256e+08
24,22.2,4.30799e+08
24,22.3,4.17507e+08
24,22.4,4.04381e+08
24,22.5,3.91423e+08
24,22.6,3.78635e+08
24,22.7,3.66019e+08
24,22.8,3.53578e+08
24,22.9,3.41313e+08
24,23,3.29227e+08
24,23.1,3.17322e+08
24,23.2,3.05598e+08
24,23.3,2.9406e+08
24,23.4,2.82709e+08
24,23.5,2.71546e+08
24,23.6,2.60575e+08
24,23.7,2.49796e+08
24,23.8,2.39213e+08
24,23.9,2.28828e+08
24,24,2.18642e+08
24,24.1,2.11089e+08
24,24.2,2.0365e+08
24,24.3,1.96324e+08
24,24.4,1.89114e+08
24,24.5,1.8202e+08
24,24.6,1.75042e+08
24,24.7,1.68184e+08
24,24.8,1.61444e+08
24,24.9,1.54825e+08
24,25,1.48328e+08
24,25.1,1.41953e+08
24,25.2,1.35702e+08
24,25.3,1.29576e+08
24,25.4,1.23576e+08
24,25.5,1.17703e+08
24,25.6,1.11958e+08
24,25.7,1.06343e+08
24,25.8,1.00858e+08
24,25.9,9.55049e+07
24,26,9.02845e+07
24,26.1,8.5198e+07
24,26.2,8.02466e+07
24,26.3,7.54313e+07
24,26.4,7.07533e+07
24,26.5,6.62139e+07
24,26.6,6.1814e+07
24,26.7,5.75549e+07
24,26.8,5.34377e+07
24,26.9,4.94636e+07
24,27,4.56338e+07
24,27.1,4.19493e+07
24,27.2,3.84115e+07
24,27.3,3.50214e+07
24,27.4,3.64206e+07
24,27.5,2.97242e+07
24,27.6,2.77335e+07
24,27.7,2.58083e+07
24,27.8,2.39491e+07
24,27.9,2.21563e+07
24,28,2.04302e+07
24,28.1,1.87713e+07
24,28.2,1.71799e+07
24,28.3,1.56564e+07
24,28.4,1.42012e+07
24,28.5,1.28148e+07
24,28.6,1.14974e+07
24,28.7,1.02496e+07
24,28.8,9.07167e+06
24,28.9,7.96406e+06
24,29,6.92715e+06
24,29.1,5.96134e+06
24,29.2,5.06704e+06
24,29.3,4.24464e+06
24,29.4,3.49454e+06
24,29.5,2.81716e+06
24,29.6,2.21289e+06
24,29.7,1.68213e+06
24,29.8,1.22529e+06
24,29.9,842782
24,30,535004
24,30.1,302364
24,30.2,145270
24,30.3,64131
24,30.4,59355.7
24,30.5,131354
24,30.6,280536
24,30.7,507313
24,30.8,812098
24,30.9,1.1953e+06
24,31,1.65734e+06
24,31.1,2.19862e+06
24,31.2,2.81957e+06
24,31.3,3.5206e+06
24,31.4,4.30212e+06
24,31.5,5.16455e+06
24,31.6,6.10831e+06
24,31.7,7.13382e+06
24,31.8,8.24149e+06
24,31.9,9.43175e+06
24,32,1.0705e+07
24,32.1,1.20617e+07
24,32.2,1.35023e+07
24,32.3,1.50271e+07
24,32.4,1.66366e+07
24,32.5,1.83313e+07
24,32.6,2.01115e+07
24,32.7,2.19776e+07
24,32.8,2.39302e+07
24,32.9,2.59696e+07
24,33,2.80962e+07
24,33.1,3.03106e+07
24,33.2,3.2613e+07
24,33.3,3.5004e+07
24,33.4,3.7484e+07
24,33.5,4.00533e+07
24,33.6,4.27126e+07
24,33.7,4.5462e+07
24,33.8,4.83022e+07
24,33.9,5.12336e+07
24,34,5.42565e+07
24,34.1,5.73714e+07
24,34.2,6.05788e+07
24,34.3,6.3879e+07
24,34.4,6.72726e+07
24,34.5,7.07599e+07
24,34.6,7.43415e+07
24,34.7,7.80177e+07
24,34.8,8.17889e+07
24,34.9,8.56557e+07
24,35,8.96185e+07
24,35.1,9.36777e+07
24,35.2,9.78337e+07
24,35.3,1.02087e+08
24,35.4,1.06438e+08
24,35.5,1.10887e+08
24,35.6,1.15435e+08
24,35.7,1.20082e+08
24,35.8,1.24829e+08
24,35.9,1.29676e+08
24,36,1.34622e+08
24,36.1,1.3967e+08
24,36.2,1.4482e+08
24,36.3,1.50071e+08
24,36.4,1.55424e+08
24,36.5,1.6088e+08
24,36.6,1.66439e+08
24,36.7,1.72102e+08
24,36.8,1.77868e+08
24,36.9,1.8374e+08
24,37,1.89716e+08
24,37.1,1.95798e+08
24,37.2,2.01985e+08
24,37.3,2.08279e+08
24,37.4,2.1468e+08
24,37.5,2.21188e+08
24,37.6,2.27804e+08
24,37.7,2.34528e+08
24,37.8,2.4136e+08
24,37.9,2.48302e+08
24,38,2.55353e+08
24,38.1,2.62515e+08
24,38.2,2.69787e+08
24,38.3,2.77169e+08
24,38.4,2.84664e+08
24,38.5,2.9227e+08
24,38.6,2.99989e+08
24,38.7,3.0782e+08
24,38.8,3.15765e+08
24,38.9,3.23824e+08
24,39,3.31997e+08
24,39.1,3.40285e+08
24,39.2,3.48687e+08
24,39.3,3.57206e+08
24,39.4,3.65841e+08
24,39.5,3.74592e+08
24,39.6,3.83461e+08
24,39.7,3.92447e+08
24,39.8,4.01551e+08
24,39.9,4.10774e+08
24.1,20,7.46344e+08
24.1,20.1,7.3005e+08
24.1,20.2,7.1388e+08
24.1,20.3,6.97836e+08
24.1,20.4,6.81919e+08
24.1,20.5,6.66132e+08
24.1,20.6,6.50476e+08
24.1,20.7,6.34954e+08
24.1,20.8,6.19567e+08
24.1,20.9,6.04317e+08
24.1,21,5.89206e+08
24.1,21.1,5.74237e+08
24.1,21.2,5.59411e+08
24.1,21.3,5.44729e+08
24.1,21.4,5.30195e+08
24.1,21.5,5.1581e+08
24.1,21.6,5.01575e+08
24.1,21.7,4.87494e+08
24.1,21.8,4.73567e+08
24.1,21.9,4.59798e+08
24.1,22,4.46187e+08
24.1,22.1,4.32737e+08
24.1,22.2,4.1945e+08
24.1,22.3,4.06328e+08
24.1,22.4,3.93373e+08
24.1,22.5,3.80588e+08
24.1,22.6,3.67973e+08
24.1,22.7,3.55531e+08
24.1,22.8,3.43265e+08
24.1,22.9,3.31175e+08
24.1,23,3.19265e+08
24.1,23.1,3.07537e+08
24.1,23.2,2.95992e+08
24.1,23.3,2.84632e+08
24.1,23.4,2.7346e+08
24.1,23.5,2.62478e+08
24.1,23.6,2.51687e+08
24.1,23.7,2.41091e+08
24.1,23.8,2.30691e+08
24.1,23.9,2.20489e+08
24.1,24,2.10487e+08
24.1,24.1,2.00688e+08
24.1,24.2,1.93431e+08
24.1,24.3,1.86288e+08
24.1,24.4,1.79262e+08
24.1,24.5,1.72352e+08
24.1,24.6,1.6556e+08
24.1,24.7,1.58887e+08
24.1,24.8,1.52334e+08
24.1,24.9,1.45902e+08
24.1,25,1.39592e+08
24.1,25.1,1.33406e+08
24.1,25.2,1.27344e+08
24.1,25.3,1.21408e+08
24.1,25.4,1.15599e+08
24.1,25.5,1.09918e+08
24.1,25.6,1.04365e+08
24.1,25.7,9.89424e+07
24.1,25.8,9.36511e+07
24.1,25.9,8.84922e+07
24.1,26,8.34667e+07
24.1,26.1,7.85758e+07
24.1,26.2,7.38206e+07
24.1,26.3,6.92023e+07
24.1,26.4,6.4722e+07
24.1,26.5,6.03809e+07
24.1,26.6,5.61802e+07
24.1,26.7,5.21209e+07
24.1,26.8,4.82042e+07
24.1,26.9,4.44313e+07
24.1,27,4.08034e+07
24.1,27.1,3.73216e+07
24.1,27.2,3.3987e+07
24.1,27.3,3.0801e+07
24.1,27.4,3.21121e+07
24.1,27.5,2.58434e+07
24.1,27.6,2.39879e+07
24.1,27.7,2.21984e+07
24.1,27.8,2.04752e+07
24.1,27.9,1.88188e+07
24.1,28,1.72295e+07
24.1,28.1,1.57077e+07
24.1,28.2,1.42539e+07
24.1,28.3,1.28683e+07
24.1,28.4,1.15515e+07
24.1,28.5,1.03038e+07
24.1,28.6,9.12562e+06
24.1,28.7,8.01731e+06
24.1,28.8,6.97931e+06
24.1,28.9,6.012e+06
24.1,29,5.11578e+06
24.1,29.1,4.29106e+06
24.1,29.2,3.53824e+06
24.1,29.3,2.85771e+06
24.1,29.4,2.24989e+06
24.1,29.5,1.71516e+06
24.1,29.6,1.25395e+06
24.1,29.7,866640
24.1,29.8,553648
24.1,29.9,315378
24.1,30,152235
24.1,30.1,64627.3
24.1,30.2,52962.2
24.1,30.3,117649
24.1,30.4,259096
24.1,30.5,477714
24.1,30.6,773914
24.1,30.7,1.14811e+06
24.1,30.8,1.60071e+06
24.1,30.9,2.13213e+06
24.1,31,2.74278e+06
24.1,31.1,3.43307e+06
24.1,31.2,4.20343e+06
24.1,31.3,5.05427e+06
24.1,31.4,5.98601e+06
24.1,31.5,6.99905e+06
24.1,31.6,8.09383e+06
24.1,31.7,9.27076e+06
24.1,31.8,1.05303e+07
24.1,31.9,1.18727e+07
24.1,32,1.32986e+07
24.1,32.1,1.48084e+07
24.1,32.2,1.64024e+07
24.1,32.3,1.8081e+07
24.1,32.4,1.98448e+07
24.1,32.5,2.16941e+07
24.1,32.6,2.36293e+07
24.1,32.7,2.56509e+07
24.1,32.8,2.77594e+07
24.1,32.9,2.9955e+07
24.1,33,3.22384e+07
24.1,33.1,3.46098e+07
24.1,33.2,3.70697e+07
24.1,33.3,3.96186e+07
24.1,33.4,4.22569e+07
24.1,33.5,4.4985e+07
24.1,33.6,4.78033e+07
24.1,33.7,5.07123e+07
24.1,33.8,5.37125e+07
24.1,33.9,5.68041e+07
24.1,34,5.99878e+07
24.1,34.1,6.32639e+07
24.1,34.2,6.66329e+07
24.1,34.3,7.00951e+07
24.1,34.4,7.36511e+07
24.1,34.5,7.73013e+07
24.1,34.6,8.1046e+07
24.1,34.7,8.48859e+07
24.1,34.8,8.88212e+07
24.1,34.9,9.28525e+07
24.1,35,9.69801e+07
24.1,35.1,1.01205e+08
24.1,35.2,1.05526e+08
24.1,35.3,1.09946e+08
24.1,35.4,1.14464e+08
24.1,35.5,1.1908e+08
24.1,35.6,1.23795e+08
24.1,35.7,1.2861e+08
24.1,35.8,1.33525e+08
24.1,35.9,1.3854e+08
24.1,36,1.43656e+08
24.1,36.1,1.48873e+08
24.1,36.2,1.54192e+08
24.1,36.3,1.59614e+08
24.1,36.4,1.65138e+08
24.1,36.5,1.70765e+08
24.1,36.6,1.76495e+08
24.1,36.7,1.8233e+08
24.1,36.8,1.88269e+08
24.1,36.9,1.94313e+08
24.1,37,2.00463e+08
24.1,37.1,2.06718e+08
24.1,37.2,2.1308e+08
24.1,37.3,2.19548e+08
24.1,37.4,2.26124e+08
24.1,37.5,2.32807e+08
24.1,37.6,2.39599e+08
24.1,37.7,2.46499e+08
24.1,37.8,2.53508e+08
24.1,37.9,2.60627e+08
24.1,38,2.67856e+08
24.1,38.1,2.75195e+08
24.1,38.2,2.82645e+08
24.1,38.3,2.90207e+08
24.1,38.4,2.97881e+08
24.1,38.5,3.05666e+08
24.1,38.6,3.13565e+08
24.1,38.7,3.21577e+08
24.1,38.8,3.29703e+08
24.1,38.9,3.37943e+08
24.1,39,3.46298e+08
24.1,39.1,3.54767e+08
24.1,39.2,3.63353e+08
24.1,39.3,3.72055e+08
24.1,39.4,3.80873e+08
24.1,39.5,3.89808e+08
24.1,39.6,3.98861e+08
24.1,39.7,4.08032e+08
24.1,39.8,4.17321e+08
24.1,39.9,4.2673e+08
24.2,20,7.31552e+08
24.2,20.1,7.15412e+08
24.2,20.2,6.99396e+08
24.2,20.3,6.83507e+08
24.2,20.4,6.67747e+08
24.2,20.5,6.52116e+08
24.2,20.6,6.36618e+08
24.2,20.7,6.21255e+08
24.2,20.8,6.06027e+08
24.2,20.9,5.90937e+08
24.2,21,5.75988e+08
24.2,21.1,5.6118e+08
24.2,21.2,5.46516e+08
24.2,21.3,5.31998e+08
24.2,21.4,5.17628e+08
24.2,21.5,5.03407e+08
24.2,21.6,4.89339e+08
24.2,21.7,4.75423e+08
24.2,21.8,4.61664e+08
24.2,21.9,4.48063e+08
24.2,22,4.34621e+08
24.2,22.1,4.21341e+08
24.2,22.2,4.08224e+08
24.2,22.3,3.95274e+08
24.2,22.4,3.82491e+08
24.2,22.5,3.69878e+08
24.2,22.6,3.57437e+08
24.2,22.7,3.45169e+08
24.2,22.8,3.33078e+08
24.2,22.9,3.21165e+08
24.2,23,3.09432e+08
24.2,23.1,2.97881e+08
24.2,23.2,2.86514e+08
24.2,23.3,2.75334e+08
24.2,23.4,2.64342e+08
24.2,23.5,2.53541e+08
24.2,23.6,2.42933e+08
24.2,23.7,2.32519e+08
24.2,23.8,2.22302e+08
24.2,23.9,2.12284e+08
24.2,24,2.02467e+08
24.2,24.1,1.92854e+08
24.2,24.2,1.83446e+08
24.2,24.3,1.76488e+08
24.2,24.4,1.69646e+08
24.2,24.5,1.62921e+08
24.2,24.6,1.56315e+08
24.2,24.7,1.49828e+08
24.2,24.8,1.43463e+08
24.2,24.9,1.37219e+08
24.2,25,1.31098e+08
24.2,25.1,1.25101e+08
24.2,25.2,1.1923e+08
24.2,25.3,1.13485e+08
24.2,25.4,1.07867e+08
24.2,25.5,1.02377e+08
24.2,25.6,9.70178e+07
24.2,25.7,9.17889e+07
24.2,25.8,8.66919e+07
24.2,25.9,8.17279e+07
24.2,26,7.68981e+07
24.2,26.1,7.22036e+07
24.2,26.2,6.76456e+07
24.2,26.3,6.32251e+07
24.2,26.4,5.89433e+07
24.2,26.5,5.48015e+07
24.2,26.6,5.08006e+07
24.2,26.7,4.6942e+07
24.2,26.8,4.32266e+07
24.2,26.9,3.96558e+07
24.2,27,3.62306e+07
24.2,27.1,3.29523e+07
24.2,27.2,2.98219e+07
24.2,27.3,2.68407e+07
24.2,27.4,2.80637e+07
24.2,27.5,2.22243e+07
24.2,27.6,2.05047e+07
24.2,27.7,1.88514e+07
24.2,27.8,1.72649e+07
24.2,27.9,1.57455e+07
24.2,28,1.42937e+07
24.2,28.1,1.29097e+07
24.2,28.2,1.15941e+07
24.2,28.3,1.03472e+07
24.2,28.4,9.16937e+06
24.2,28.5,8.06105e+06
24.2,28.6,7.02263e+06
24.2,28.7,6.0545e+06
24.2,28.8,5.15707e+06
24.2,28.9,4.33072e+06
24.2,29,3.57586e+06
24.2,29.1,2.89289e+06
24.2,29.2,2.28221e+06
24.2,29.3,1.74422e+06
24.2,29.4,1.27932e+06
24.2,29.5,887922
24.2,29.6,570424
24.2,29.7,327233
24.2,29.8,158752
24.2,29.9,65389.4
24.2,30,47550.6
24.2,30.1,105643
24.2,30.2,240076
24.2,30.3,451258
24.2,30.4,739599
24.2,30.5,1.10551e+06
24.2,30.6,1.5494e+06
24.2,30.7,2.07168e+06
24.2,30.8,2.67277e+06
24.2,30.9,3.35308e+06
24.2,31,4.11302e+06
24.2,31.1,4.95301e+06
24.2,31.2,5.87346e+06
24.2,31.3,6.87479e+06
24.2,31.4,7.95742e+06
24.2,31.5,9.12176e+06
24.2,31.6,1.03682e+07
24.2,31.7,1.16973e+07
24.2,31.8,1.31093e+07
24.2,31.9,1.46047e+07
24.2,32,1.61839e+07
24.2,32.1,1.78473e+07
24.2,32.2,1.95954e+07
24.2,32.3,2.14286e+07
24.2,32.4,2.33473e+07
24.2,32.5,2.53519e+07
24.2,32.6,2.74429e+07
24.2,32.7,2.96207e+07
24.2,32.8,3.18857e+07
24.2,32.9,3.42383e+07
24.2,33,3.6679e+07
24.2,33.1,3.92082e+07
24.2,33.2,4.18263e+07
24.2,33.3,4.45338e+07
24.2,33.4,4.73311e+07
24.2,33.5,5.02186e+07
24.2,33.6,5.31967e+07
24.2,33.7,5.6266e+07
24.2,33.8,5.94268e+07
24.2,33.9,6.26795e+07
24.2,34,6.60246e+07
24.2,34.1,6.94626e+07
24.2,34.2,7.29939e+07
24.2,34.3,7.66188e+07
24.2,34.4,8.03379e+07
24.2,34.5,8.41516e+07
24.2,34.6,8.80603e+07
24.2,34.7,9.20645e+07
24.2,34.8,9.61646e+07
24.2,34.9,1.00361e+08
24.2,35,1.04654e+08
24.2,35.1,1.09045e+08
24.2,35.2,1.13533e+08
24.2,35.3,1.18119e+08
24.2,35.4,1.22804e+08
24.2,35.5,1.27588e+08
24.2,35.6,1.32472e+08
24.2,35.7,1.37455e+08
24.2,35.8,1.42539e+08
24.2,35.9,1.47723e+08
24.2,36,1.53009e+08
24.2,36.1,1.58396e+08
24.2,36.2,1.63886e+08
24.2,36.3,1.69478e+08
24.2,36.4,1.75174e+08
24.2,36.5,1.80973e+08
24.2,36.6,1.86876e+08
24.2,36.7,1.92883e+08
24.2,36.8,1.98995e+08
24.2,36.9,2.05213e+08
24.2,37,2.11537e+08
24.2,37.1,2.17966e+08
24.2,37.2,2.24503e+08
24.2,37.3,2.31146e+08
24.2,37.4,2.37898e+08
24.2,37.5,2.44757e+08
24.2,37.6,2.51725e+08
24.2,37.7,2.58802e+08
24.2,37.8,2.65989e+08
24.2,37.9,2.73286e+08
24.2,38,2.80693e+08
24.2,38.1,2.88211e+08
24.2,38.2,2.9584e+08
24.2,38.3,3.03581e+08
24.2,38.4,3.11434e+08
24.2,38.5,3.19401e+08
24.2,38.6,3.2748e+08
24.2,38.7,3.35673e+08
24.2,38.8,3.43981e+08
24.2,38.9,3.52403e+08
24.2,39,3.6094e+08
24.2,39.1,3.69593e+08
24.2,39.2,3.78362e+08
24.2,39.3,3.87247e+08
24.2,39.4,3.9625e+08
24.2,39.5,4.0537e+08
24.2,39.6,4.14608e+08
24.2,39.7,4.23964e+08
24.2,39.8,4.33439e+08
24.2,39.9,4.43034e+08
24.3,20,7.16871e+08
24.3,20.1,7.00885e+08
24.3,20.2,6.85024e+08
24.3,20.3,6.69291e+08
24.3,20.4,6.53688e+08
24.3,20.5,6.38215e+08
24.3,20.6,6.22875e+08
24.3,20.7,6.07671e+08
24.3,20.8,5.92603e+08
24.3,20.9,5.77674e+08
24.3,21,5.62886e+08
24.3,21.1,5.4824e+08
24.3,21.2,5.3374e+08
24.3,21.3,5.19385e+08
24.3,21.4,5.0518e+08
24.3,21.5,4.91125e+08
24.3,21.6,4.77222e+08
24.3,21.7,4.63475e+08
24.3,21.8,4.49883e+08
24.3,21.9,4.3645e+08
24.3,22,4.23178e+08
24.3,22.1,4.10068e+08
24.3,22.2,3.97123e+08
24.3,22.3,3.84344e+08
24.3,22.4,3.71734e+08
24.3,22.5,3.59294e+08
24.3,22.6,3.47027e+08
24.3,22.7,3.34935e+08
24.3,22.8,3.2302e+08
24.3,22.9,3.11284e+08
24.3,23,2.99728e+08
24.3,23.1,2.88356e+08
24.3,23.2,2.77168e+08
24.3,23.3,2.66168e+08
24.3,23.4,2.55357e+08
24.3,23.5,2.44737e+08
24.3,23.6,2.34311e+08
24.3,23.7,2.24081e+08
24.3,23.8,2.14048e+08
24.3,23.9,2.04215e+08
24.3,24,1.94584e+08
24.3,24.1,1.85157e+08
24.3,24.2,1.75937e+08
24.3,24.3,1.66925e+08
24.3,24.4,1.60268e+08
24.3,24.5,1.5373e+08
24.3,24.6,1.4731e+08
24.3,24.7,1.41011e+08
24.3,24.8,1.34834e+08
24.3,24.9,1.28779e+08
24.3,25,1.22848e+08
24.3,25.1,1.17041e+08
24.3,25.2,1.1136e+08
24.3,25.3,1.05807e+08
24.3,25.4,1.00381e+08
24.3,25.5,9.50849e+07
24.3,25.6,8.9919e+07
24.3,25.7,8.48845e+07
24.3,25.8,7.99826e+07
24.3,25.9,7.52145e+07
24.3,26,7.05812e+07
24.3,26.1,6.60839e+07
24.3,26.2,6.17238e+07
24.3,26.3,5.7502e+07
24.3,26.4,5.34196e+07
24.3,26.5,4.94778e+07
24.3,26.6,4.56777e+07
24.3,26.7,4.20205e+07
24.3,26.8,3.85073e+07
24.3,26.9,3.51394e+07
24.3,27,3.19178e+07
24.3,27.1,2.88437e+07
24.3,27.2,2.59184e+07
24.3,27.3,2.31429e+07
24.3,27.4,2.42777e+07
24.3,27.5,1.88691e+07
24.3,27.6,1.7286e+07
24.3,27.7,1.57697e+07
24.3,27.8,1.43205e+07
24.3,27.9,1.29388e+07
24.3,28,1.1625e+07
24.3,28.1,1.03796e+07
24.3,28.2,9.20284e+06
24.3,28.3,8.09519e+06
24.3,28.4,7.05704e+06
24.3,28.5,6.08877e+06
24.3,28.6,5.19079e+06
24.3,28.7,4.3635e+06
24.3,28.8,3.60729e+06
24.3,28.9,2.92256e+06
24.3,29,2.30972e+06
24.3,29.1,1.76916e+06
24.3,29.2,1.30128e+06
24.3,29.3,906488
24.3,29.4,585186
24.3,29.5,337776
24.3,29.6,164664
24.3,29.7,66254.5
24.3,29.8,42952.5
24.3,29.9,95164.8
24.3,30,223299
24.3,30.1,427762
24.3,30.2,708964
24.3,30.3,1.06731e+06
24.3,30.4,1.50322e+06
24.3,30.5,2.0171e+06
24.3,30.6,2.60935e+06
24.3,30.7,3.2804e+06
24.3,30.8,4.03065e+06
24.3,30.9,4.86053e+06
24.3,31,5.77043e+06
24.3,31.1,6.76079e+06
24.3,31.2,7.83201e+06
24.3,31.3,8.98451e+06
24.3,31.4,1.02187e+07
24.3,31.5,1.1535e+07
24.3,31.6,1.29339e+07
24.3,31.7,1.44157e+07
24.3,31.8,1.59809e+07
24.3,31.9,1.76299e+07
24.3,32,1.93631e+07
24.3,32.1,2.11809e+07
24.3,32.2,2.30838e+07
24.3,32.3,2.50723e+07
24.3,32.4,2.71466e+07
24.3,32.5,2.93072e+07
24.3,32.6,3.15546e+07
24.3,32.7,3.38893e+07
24.3,32.8,3.63115e+07
24.3,32.9,3.88218e+07
24.3,33,4.14205e+07
24.3,33.1,4.41082e+07
24.3,33.2,4.68852e+07
24.3,33.3,4.9752e+07
24.3,33.4,5.2709e+07
24.3,33.5,5.57566e+07
24.3,33.6,5.88953e+07
24.3,33.7,6.21255e+07
24.3,33.8,6.54476e+07
24.3,33.9,6.88621e+07
24.3,34,7.23694e+07
24.3,34.1,7.59699e+07
24.3,34.2,7.96642e+07
24.3,34.3,8.34525e+07
24.3,34.4,8.73354e+07
24.3,34.5,9.13134e+07
24.3,34.6,9.53867e+07
24.3,34.7,9.9556e+07
24.3,34.8,1.03822e+08
24.3,34.9,1.08184e+08
24.3,35,1.12643e+08
24.3,35.1,1.17201e+08
24.3,35.2,1.21856e+08
24.3,35.3,1.2661e+08
24.3,35.4,1.31463e+08
24.3,35.5,1.36415e+08
24.3,35.6,1.41467e+08
24.3,35.7,1.4662e+08
24.3,35.8,1.51873e+08
24.3,35.9,1.57228e+08
24.3,36,1.62684e+08
24.3,36.1,1.68243e+08
24.3,36.2,1.73904e+08
24.3,36.3,1.79668e+08
24.3,36.4,1.85535e+08
24.3,36.5,1.91507e+08
24.3,36.6,1.97583e+08
24.3,36.7,2.03763e+08
24.3,36.8,2.1005e+08
24.3,36.9,2.16442e+08
24.3,37,2.2294e+08
24.3,37.1,2.29545e+08
24.3,37.2,2.36257e+08
24.3,37.3,2.43076e+08
24.3,37.4,2.50004e+08
24.3,37.5,2.5704e+08
24.3,37.6,2.64186e+08
24.3,37.7,2.7144e+08
24.3,37.8,2.78805e+08
24.3,37.9,2.8628e+08
24.3,38,2.93866e+08
24.3,38.1,3.01563e+08
24.3,38.2,3.09373e+08
24.3,38.3,3.17294e+08
24.3,38.4,3.25328e+08
24.3,38.5,3.33475e+08
24.3,38.6,3.41736e+08
24.3,38.7,3.50112e+08
24.3,38.8,3.58601e+08
24.3,38.9,3.67206e+08
24.3,39,3.75927e+08
24.3,39.1,3.84763e+08
24.3,39.2,3.93716e+08
24.3,39.3,4.02786e+08
24.3,39.4,4.11973e+08
24.3,39.5,4.21279e+08
24.3,39.6,4.30703e+08
24.3,39.7,4.40245e+08
24.3,39.8,4.49907e+08
24.3,39.9,4.59689e+08
24.4,20,7.02301e+08
24.4,20.1,6.8647e+08
24.4,20.2,6.70765e+08
24.4,20.3,6.55189e+08
24.4,20.4,6.39743e+08
24.4,20.5,6.24428e+08
24.4,20.6,6.09248e+08
24.4,20.7,5.94203e+08
24.4,20.8,5.79296e+08
24.4,20.9,5.64528e+08
24.4,21,5.49902e+08
24.4,21.1,5.3542e+08
24.4,21.2,5.21082e+08
24.4,21.3,5.06893e+08
24.4,21.4,4.92853e+08
24.4,21.5,4.78964e+08
24.4,21.6,4.65228e+08
24.4,21.7,4.51648e+08
24.4,21.8,4.38225e+08
24.4,21.9,4.24962e+08
24.4,22,4.11859e+08
24.4,22.1,3.9892e+08
24.4,22.2,3.86147e+08
24.4,22.3,3.73541e+08
24.4,22.4,3.61104e+08
24.4,22.5,3.48838e+08
24.4,22.6,3.36747e+08
24.4,22.7,3.2483e+08
24.4,22.8,3.13092e+08
24.4,22.9,3.01533e+08
24.4,23,2.90155e+08
24.4,23.1,2.78962e+08
24.4,23.2,2.67954e+08
24.4,23.3,2.57135e+08
24.4,23.4,2.46505e+08
24.4,23.5,2.36068e+08
24.4,23.6,2.25825e+08
24.4,23.7,2.15778e+08
24.4,23.8,2.0593e+08
24.4,23.9,1.96283e+08
24.4,24,1.86838e+08
24.4,24.1,1.77599e+08
24.4,24.2,1.68566e+08
24.4,24.3,1.59743e+08
24.4,24.4,1.51132e+08
24.4,24.5,1.4478e+08
24.4,24.6,1.38548e+08
24.4,24.7,1.32437e+08
24.4,24.8,1.26449e+08
24.4,24.9,1.20584e+08
24.4,25,1.14843e+08
24.4,25.1,1.09227e+08
24.4,25.2,1.03738e+08
24.4,25.3,9.83771e+07
24.4,25.4,9.31447e+07
24.4,25.5,8.80422e+07
24.4,25.6,8.30708e+07
24.4,25.7,7.82316e+07
24.4,25.8,7.35256e+07
24.4,25.9,6.89541e+07
24.4,26,6.45182e+07
24.4,26.1,6.0219e+07
24.4,26.2,5.60576e+07
24.4,26.3,5.20353e+07
24.4,26.4,4.81531e+07
24.4,26.5,4.44121e+07
24.4,26.6,4.08136e+07
24.4,26.7,3.73587e+07
24.4,26.8,3.40486e+07
24.4,26.9,3.08844e+07
24.4,27,2.78672e+07
24.4,27.1,2.49983e+07
24.4,27.2,2.22788e+07
24.4,27.3,1.97099e+07
24.4,27.4,2.07566e+07
24.4,27.5,1.57802e+07
24.4,27.6,1.43343e+07
24.4,27.7,1.29555e+07
24.4,27.8,1.16443e+07
24.4,27.9,1.0401e+07
24.4,28,9.22597e+06
24.4,28.1,8.11966e+06
24.4,28.2,7.08244e+06
24.4,28.3,6.11472e+06
24.4,28.4,5.21688e+06
24.4,28.5,4.38932e+06
24.4,28.6,3.63244e+06
24.4,28.7,2.94664e+06
24.4,28.8,2.33232e+06
24.4,28.9,1.78987e+06
24.4,29,1.31971e+06
24.4,29.1,922215
24.4,29.2,597804
24.4,29.3,346876
24.4,29.4,169832
24.4,29.5,67078.3
24.4,29.6,39018.1
24.4,29.7,86057.3
24.4,29.8,208602
24.4,29.9,407059
24.4,30,681835
24.4,30.1,1.03334e+06
24.4,30.2,1.46198e+06
24.4,30.3,1.96817e+06
24.4,30.4,2.55232e+06
24.4,30.5,3.21483e+06
24.4,30.6,3.95613e+06
24.4,30.7,4.77662e+06
24.4,30.8,5.67671e+06
24.4,30.9,6.65683e+06
24.4,31,7.71738e+06
24.4,31.1,8.85879e+06
24.4,31.2,1.00815e+07
24.4,31.3,1.13858e+07
24.4,31.4,1.27723e+07
24.4,31.5,1.42413e+07
24.4,31.6,1.57932e+07
24.4,31.7,1.74285e+07
24.4,31.8,1.91475e+07
24.4,31.9,2.09508e+07
24.4,32,2.28387e+07
24.4,32.1,2.48116e+07
24.4,32.2,2.687e+07
24.4,32.3,2.90143e+07
24.4,32.4,3.1245e+07
24.4,32.5,3.35623e+07
24.4,32.6,3.59669e+07
24.4,32.7,3.8459e+07
24.4,32.8,4.10392e+07
24.4,32.9,4.37078e+07
24.4,33,4.64654e+07
24.4,33.1,4.93122e+07
24.4,33.2,5.22488e+07
24.4,33.3,5.52756e+07
24.4,33.4,5.83929e+07
24.4,33.5,6.16014e+07
24.4,33.6,6.49013e+07
24.4,33.7,6.82931e+07
24.4,33.8,7.17773e+07
24.4,33.9,7.53542e+07
24.4,34,7.90244e+07
24.4,34.1,8.27882e+07
24.4,34.2,8.66462e+07
24.4,34.3,9.05986e+07
24.4,34.4,9.46461e+07
24.4,34.5,9.87889e+07
24.4,34.6,1.03028e+08
24.4,34.7,1.07363e+08
24.4,34.8,1.11794e+08
24.4,34.9,1.16323e+08
24.4,35,1.2095e+08
24.4,35.1,1.25675e+08
24.4,35.2,1.30498e+08
24.4,35.3,1.3542e+08
24.4,35.4,1.40442e+08
24.4,35.5,1.45563e+08
24.4,35.6,1.50785e+08
24.4,35.7,1.56107e+08
24.4,35.8,1.61531e+08
24.4,35.9,1.67056e+08
24.4,36,1.72684e+08
24.4,36.1,1.78414e+08
24.4,36.2,1.84247e+08
24.4,36.3,1.90183e+08
24.4,36.4,1.96224e+08
24.4,36.5,2.02369e+08
24.4,36.6,2.08618e+08
24.4,36.7,2.14973e+08
24.4,36.8,2.21434e+08
24.4,36.9,2.28001e+08
24.4,37,2.34675e+08
24.4,37.1,2.41455e+08
24.4,37.2,2.48344e+08
24.4,37.3,2.5534e+08
24.4,37.4,2.62445e+08
24.4,37.5,2.69659e+08
24.4,37.6,2.76982e+08
24.4,37.7,2.84415e+08
24.4,37.8,2.91959e+08
24.4,37.9,2.99613e+08
24.4,38,3.07379e+08
24.4,38.1,3.15256e+08
24.4,38.2,3.23246e+08
24.4,38.3,3.31348e+08
24.4,38.4,3.39564e+08
24.4,38.5,3.47893e+08
24.4,38.6,3.56336e+08
24.4,38.7,3.64894e+08
24.4,38.8,3.73567e+08
24.4,38.9,3.82355e+08
24.4,39,3.9126e+08
24.4,39.1,4.00281e+08
24.4,39.2,4.09418e+08
24.4,39.3,4.18674e+08
24.4,39.4,4.28047e+08
24.4,39.5,4.37538e+08
24.4,39.6,4.47149e+08
24.4,39.7,4.56878e+08
24.4,39.8,4.66728e+08
24.4,39.9,4.76698e+08
24.5,20,6.87844e+08
24.5,20.1,6.72169e+08
24.5,20.2,6.56621e+08
24.5,20.3,6.41202e+08
24.5,20.4,6.25913e+08
24.5,20.5,6.10758e+08
24.5,20.6,5.95737e+08
24.5,20.7,5.80852e+08
24.5,20.8,5.66106e+08
24.5,20.9,5.51501e+08
24.5,21,5.37037e+08
24.5,21.1,5.22718e+08
24.5,21.2,5.08546e+08
24.5,21.3,4.94521e+08
24.5,21.4,4.80647e+08
24.5,21.5,4.66925e+08
24.5,21.6,4.53357e+08
24.5,21.7,4.39945e+08
24.5,21.8,4.26691e+08
24.5,21.9,4.13598e+08
24.5,22,4.00666e+08
24.5,22.1,3.87899e+08
24.5,22.2,3.75298e+08
24.5,22.3,3.62865e+08
24.5,22.4,3.50602e+08
24.5,22.5,3.38511e+08
24.5,22.6,3.26595e+08
24.5,22.7,3.14855e+08
24.5,22.8,3.03294e+08
24.5,22.9,2.91913e+08
24.5,23,2.80714e+08
24.5,23.1,2.69701e+08
24.5,23.2,2.58873e+08
24.5,23.3,2.48235e+08
24.5,23.4,2.37788e+08
24.5,23.5,2.27534e+08
24.5,23.6,2.17474e+08
24.5,23.7,2.07612e+08
24.5,23.8,1.9795e+08
24.5,23.9,1.88489e+08
24.5,24,1.79231e+08
24.5,24.1,1.7018e+08
24.5,24.2,1.61336e+08
24.5,24.3,1.52702e+08
24.5,24.4,1.44281e+08
24.5,24.5,1.36074e+08
24.5,24.6,1.30031e+08
24.5,24.7,1.24109e+08
24.5,24.8,1.1831e+08
24.5,24.9,1.12636e+08
24.5,25,1.07086e+08
24.5,25.1,1.01662e+08
24.5,25.2,9.63658e+07
24.5,25.3,9.11978e+07
24.5,25.4,8.61594e+07
24.5,25.5,8.12516e+07
24.5,25.6,7.64756e+07
24.5,25.7,7.18324e+07
24.5,25.8,6.73232e+07
24.5,25.9,6.29492e+07
24.5,26,5.87115e+07
24.5,26.1,5.46111e+07
24.5,26.2,5.06494e+07
24.5,26.3,4.68273e+07
24.5,26.4,4.31461e+07
24.5,26.5,3.96069e+07
24.5,26.6,3.62108e+07
24.5,26.7,3.29591e+07
24.5,26.8,2.98528e+07
24.5,26.9,2.68931e+07
24.5,27,2.40812e+07
24.5,27.1,2.14183e+07
24.5,27.2,1.89056e+07
24.5,27.3,1.65441e+07
24.5,27.4,1.75027e+07
24.5,27.5,1.29599e+07
24.5,27.6,1.16519e+07
24.5,27.7,1.04113e+07
24.5,27.8,9.23872e+06
24.5,27.9,8.13441e+06
24.5,28,7.0988e+06
24.5,28.1,6.13228e+06
24.5,28.2,5.23525e+06
24.5,28.3,4.4081e+06
24.5,28.4,3.65123e+06
24.5,28.5,2.96504e+06
24.5,28.6,2.34992e+06
24.5,28.7,1.80627e+06
24.5,28.8,1.3345e+06
24.5,28.9,935000
24.5,29,608171
24.5,29.1,354415
24.5,29.2,174135
24.5,29.3,67734.6
24.5,29.4,35615.9
24.5,29.5,78183.7
24.5,29.6,195843
24.5,29.7,389000
24.5,29.8,658060
24.5,29.9,1.00343e+06
24.5,30,1.42552e+06
24.5,30.1,1.92474e+06
24.5,30.2,2.5015e+06
24.5,30.3,3.1562e+06
24.5,30.4,3.88926e+06
24.5,30.5,4.70109e+06
24.5,30.6,5.5921e+06
24.5,30.7,6.56271e+06
24.5,30.8,7.61332e+06
24.5,30.9,8.74436e+06
24.5,31,9.95624e+06
24.5,31.1,1.12494e+07
24.5,31.2,1.26242e+07
24.5,31.3,1.40811e+07
24.5,31.4,1.56205e+07
24.5,31.5,1.72428e+07
24.5,31.6,1.89485e+07
24.5,31.7,2.07379e+07
24.5,31.8,2.26115e+07
24.5,31.9,2.45698e+07
24.5,32,2.6613e+07
24.5,32.1,2.87417e+07
24.5,32.2,3.09563e+07
24.5,32.3,3.32572e+07
24.5,32.4,3.56449e+07
24.5,32.5,3.81196e+07
24.5,32.6,4.0682e+07
24.5,32.7,4.33324e+07
24.5,32.8,4.60712e+07
24.5,32.9,4.88989e+07
24.5,33,5.18159e+07
24.5,33.1,5.48226e+07
24.5,33.2,5.79194e+07
24.5,33.3,6.11069e+07
24.5,33.4,6.43854e+07
24.5,33.5,6.77553e+07
24.5,33.6,7.12171e+07
24.5,33.7,7.47713e+07
24.5,33.8,7.84182e+07
24.5,33.9,8.21583e+07
24.5,34,8.59921e+07
24.5,34.1,8.99199e+07
24.5,34.2,9.39423e+07
24.5,34.3,9.80596e+07
24.5,34.4,1.02272e+08
24.5,34.5,1.06581e+08
24.5,34.6,1.10986e+08
24.5,34.7,1.15487e+08
24.5,34.8,1.20086e+08
24.5,34.9,1.24782e+08
24.5,35,1.29576e+08
24.5,35.1,1.34469e+08
24.5,35.2,1.39461e+08
24.5,35.3,1.44552e+08
24.5,35.4,1.49743e+08
24.5,35.5,1.55034e+08
24.5,35.6,1.60426e+08
24.5,35.7,1.65919e+08
24.5,35.8,1.71514e+08
24.5,35.9,1.77211e+08
24.5,36,1.83011e+08
24.5,36.1,1.88913e+08
24.5,36.2,1.94919e+08
24.5,36.3,2.01029e+08
24.5,36.4,2.07243e+08
24.5,36.5,2.13561e+08
24.5,36.6,2.19986e+08
24.5,36.7,2.26515e+08
24.5,36.8,2.33152e+08
24.5,36.9,2.39894e+08
24.5,37,2.46744e+08
24.5,37.1,2.53701e+08
24.5,37.2,2.60767e+08
24.5,37.3,2.6794e+08
24.5,37.4,2.75223e+08
24.5,37.5,2.82615e+08
24.5,37.6,2.90117e+08
24.5,37.7,2.9773e+08
24.5,37.8,3.05453e+08
24.5,37.9,3.13287e+08
24.5,38,3.21233e+08
24.5,38.1,3.29291e+08
24.5,38.2,3.37462e+08
24.5,38.3,3.45746e+08
24.5,38.4,3.54144e+08
24.5,38.5,3.62656e+08
24.5,38.6,3.71282e+08
24.5,38.7,3.80023e+08
24.5,38.8,3.8888e+08
24.5,38.9,3.97853e+08
24.5,39,4.06942e+08
24.5,39.1,4.16148e+08
24.5,39.2,4.25471e+08
24.5,39.3,4.34913e+08
24.5,39.4,4.44472e+08
24.5,39.5,4.54151e+08
24.5,39.6,4.63948e+08
24.5,39.7,4.73866e+08
24.5,39.8,4.83903e+08
24.5,39.9,4.94062e+08
24.6,20,6.73501e+08
24.6,20.1,6.57983e+08
24.6,20.2,6.42591e+08
24.6,20.3,6.2733e+08
24.6,20.4,6.122e+08
24.6,20.5,5.97204e+08
24.6,20.6,5.82343e+08
24.6,20.7,5.6762e+08
24.6,20.8,5.53036e+08
24.6,20.9,5.38593e+08
24.6,21,5.24293e+08
24.6,21.1,5.10138e+08
24.6,21.2,4.96131e+08
24.6,21.3,4.82272e+08
24.6,21.4,4.68564e+08
24.6,21.5,4.55009e+08
24.6,21.6,4.4161e+08
24.6,21.7,4.28367e+08
24.6,21.8,4.15283e+08
24.6,21.9,4.0236e+08
24.6,22,3.896e+08
24.6,22.1,3.77005e+08
24.6,22.2,3.64576e+08
24.6,22.3,3.52317e+08
24.6,22.4,3.40229e+08
24.6,22.5,3.28314e+08
24.6,22.6,3.16574e+08
24.6,22.7,3.05011e+08
24.6,22.8,2.93628e+08
24.6,22.9,2.82425e+08
24.6,23,2.71407e+08
24.6,23.1,2.60573e+08
24.6,23.2,2.49927e+08
24.6,23.3,2.39471e+08
24.6,23.4,2.29206e+08
24.6,23.5,2.19136e+08
24.6,23.6,2.09261e+08
24.6,23.7,1.99584e+08
24.6,23.8,1.90108e+08
24.6,23.9,1.80834e+08
24.6,24,1.71764e+08
24.6,24.1,1.62901e+08
24.6,24.2,1.54247e+08
24.6,24.3,1.45803e+08
24.6,24.4,1.37573e+08
24.6,24.5,1.29558e+08
24.6,24.6,1.21761e+08
24.6,24.7,1.16029e+08
24.6,24.8,1.10421e+08
24.6,24.9,1.04937e+08
24.6,25,9.95792e+07
24.6,25.1,9.43483e+07
24.6,25.2,8.92453e+07
24.6,25.3,8.42714e+07
24.6,25.4,7.94278e+07
24.6,25.5,7.47154e+07
24.6,25.6,7.01356e+07
24.6,25.7,6.56893e+07
24.6,25.8,6.13777e+07
24.6,25.9,5.7202e+07
24.6,26,5.31633e+07
24.6,26.1,4.92627e+07
24.6,26.2,4.55013e+07
24.6,26.3,4.18804e+07
24.6,26.4,3.8401e+07
24.6,26.5,3.50644e+07
24.6,26.6,3.18716e+07
24.6,26.7,2.88238e+07
24.6,26.8,2.59222e+07
24.6,26.9,2.3168e+07
24.6,27,2.05622e+07
24.6,27.1,1.81061e+07
24.6,27.2,1.58009e+07
24.6,27.3,1.36477e+07
24.6,27.4,1.45182e+07
24.6,27.5,1.04106e+07
24.6,27.6,9.24106e+06
24.6,27.7,8.13941e+06
24.6,27.8,7.10607e+06
24.6,27.9,6.14142e+06
24.6,28,5.24586e+06
24.6,28.1,4.41979e+06
24.6,28.2,3.6636e+06
24.6,28.3,2.97769e+06
24.6,28.4,2.36245e+06
24.6,28.5,1.81828e+06
24.6,28.6,1.34559e+06
24.6,28.7,944756
24.6,28.8,616193
24.6,28.9,360298
24.6,29,177472
24.6,29.1,68115.5
24.6,29.2,32632.4
24.6,29.3,71425.4
24.6,29.4,184898
24.6,29.5,373456
24.6,29.6,637504
24.6,29.7,977448
24.6,29.8,1.39369e+06
24.6,29.9,1.88665e+06
24.6,30,2.45673e+06
24.6,30.1,3.10433e+06
24.6,30.2,3.82987e+06
24.6,30.3,4.63376e+06
24.6,30.4,5.51641e+06
24.6,30.5,6.47824e+06
24.6,30.6,7.51964e+06
24.6,30.7,8.64104e+06
24.6,30.8,9.84286e+06
24.6,30.9,1.11255e+07
24.6,31,1.24894e+07
24.6,31.1,1.39349e+07
24.6,31.2,1.54625e+07
24.6,31.3,1.70727e+07
24.6,31.4,1.87657e+07
24.6,31.5,2.0542e+07
24.6,31.6,2.24021e+07
24.6,31.7,2.43464e+07
24.6,31.8,2.63753e+07
24.6,31.9,2.84892e+07
24.6,32,3.06885e+07
24.6,32.1,3.29737e+07
24.6,32.2,3.53452e+07
24.6,32.3,3.78033e+07
24.6,32.4,4.03487e+07
24.6,32.5,4.29816e+07
24.6,32.6,4.57024e+07
24.6,32.7,4.85117e+07
24.6,32.8,5.14099e+07
24.6,32.9,5.43973e+07
24.6,33,5.74744e+07
24.6,33.1,6.06417e+07
24.6,33.2,6.38996e+07
24.6,33.3,6.72484e+07
24.6,33.4,7.06887e+07
24.6,33.5,7.42208e+07
24.6,33.6,7.78453e+07
24.6,33.7,8.15625e+07
24.6,33.8,8.53729e+07
24.6,33.9,8.92769e+07
24.6,34,9.32749e+07
24.6,34.1,9.73674e+07
24.6,34.2,1.01555e+08
24.6,34.3,1.05838e+08
24.6,34.4,1.10216e+08
24.6,34.5,1.14691e+08
24.6,34.6,1.19263e+08
24.6,34.7,1.23932e+08
24.6,34.8,1.28698e+08
24.6,34.9,1.33562e+08
24.6,35,1.38525e+08
24.6,35.1,1.43587e+08
24.6,35.2,1.48748e+08
24.6,35.3,1.54008e+08
24.6,35.4,1.5937e+08
24.6,35.5,1.64831e+08
24.6,35.6,1.70394e+08
24.6,35.7,1.76059e+08
24.6,35.8,1.81825e+08
24.6,35.9,1.87695e+08
24.6,36,1.93667e+08
24.6,36.1,1.99742e+08
24.6,36.2,2.05921e+08
24.6,36.3,2.12205e+08
24.6,36.4,2.18594e+08
24.6,36.5,2.25087e+08
24.6,36.6,2.31687e+08
24.6,36.7,2.38392e+08
24.6,36.8,2.45204e+08
24.6,36.9,2.52123e+08
24.6,37,2.5915e+08
24.6,37.1,2.66284e+08
24.6,37.2,2.73528e+08
24.6,37.3,2.8088e+08
24.6,37.4,2.88341e+08
24.6,37.5,2.95912e+08
24.6,37.6,3.03593e+08
24.6,37.7,3.11386e+08
24.6,37.8,3.19289e+08
24.6,37.9,3.27304e+08
24.6,38,3.35431e+08
24.6,38.1,3.43671e+08
24.6,38.2,3.52024e+08
24.6,38.3,3.60491e+08
24.6,38.4,3.69071e+08
24.6,38.5,3.77766e+08
24.6,38.6,3.86576e+08
24.6,38.7,3.95502e+08
24.6,38.8,4.04543e+08
24.6,38.9,4.13701e+08
24.6,39,4.22976e+08
24.6,39.1,4.32368e+08
24.6,39.2,4.41877e+08
24.6,39.3,4.51505e+08
24.6,39.4,4.61252e+08
24.6,39.5,4.71118e+08
24.6,39.6,4.81104e+08
24.6,39.7,4.9121e+08
24.6,39.8,5.01437e+08
24.6,39.9,5.11784e+08
24.7,20,6.59274e+08
24.7,20.1,6.43912e+08
24.7,20.2,6.28679e+08
24.7,20.3,6.13576e+08
24.7,20.4,5.98605e+08
24.7,20.5,5.83769e+08
24.7,20.6,5.69069e+08
24.7,20.7,5.54507e+08
24.7,20.8,5.40086e+08
24.7,20.9,5.25806e+08
24.7,21,5.1167e+08
24.7,21.1,4.9768e+08
24.7,21.2,4.83838e+08
24.7,21.3,4.70146e+08
24.7,21.4,4.56605e+08
24.7,21.5,4.43219e+08
24.7,21.6,4.29988e+08
24.7,21.7,4.16914e+08
24.7,21.8,4.04001e+08
24.7,21.9,3.91249e+08
24.7,22,3.78661e+08
24.7,22.1,3.66239e+08
24.7,22.2,3.53984e+08
24.7,22.3,3.419e+08
24.7,22.4,3.29987e+08
24.7,22.5,3.18248e+08
24.7,22.6,3.06685e+08
24.7,22.7,2.953e+08
24.7,22.8,2.84095e+08
24.7,22.9,2.73072e+08
24.7,23,2.62233e+08
24.7,23.1,2.51581e+08
24.7,23.2,2.41117e+08
24.7,23.3,2.30843e+08
24.7,23.4,2.20762e+08
24.7,23.5,2.10876e+08
24.7,23.6,2.01186e+08
24.7,23.7,1.91695e+08
24.7,23.8,1.82406e+08
24.7,23.9,1.73319e+08
24.7,24,1.64438e+08
24.7,24.1,1.55764e+08
24.7,24.2,1.473e+08
24.7,24.3,1.39047e+08
24.7,24.4,1.31009e+08
24.7,24.5,1.23186e+08
24.7,24.6,1.15582e+08
24.7,24.7,1.08199e+08
24.7,24.8,1.02782e+08
24.7,24.9,9.74904e+07
24.7,25,9.23254e+07
24.7,25.1,8.72879e+07
24.7,25.2,8.23791e+07
24.7,25.3,7.76001e+07
24.7,25.4,7.29521e+07
24.7,25.5,6.8436e+07
24.7,25.6,6.40532e+07
24.7,25.7,5.98046e+07
24.7,25.8,5.56915e+07
24.7,25.9,5.17149e+07
24.7,26,4.7876e+07
24.7,26.1,4.41759e+07
24.7,26.2,4.06158e+07
24.7,26.3,3.71969e+07
24.7,26.4,3.39202e+07
24.7,26.5,3.07869e+07
24.7,26.6,2.77982e+07
24.7,26.7,2.49553e+07
24.7,26.8,2.22592e+07
24.7,26.9,1.97112e+07
24.7,27,1.73124e+07
24.7,27.1,1.50641e+07
24.7,27.2,1.29672e+07
24.7,27.3,1.10231e+07
24.7,27.4,1.18055e+07
24.7,27.5,8.13465e+06
24.7,27.6,7.10423e+06
24.7,27.7,6.14211e+06
24.7,27.8,5.24869e+06
24.7,27.9,4.42436e+06
24.7,28,3.66952e+06
24.7,28.1,2.98455e+06
24.7,28.2,2.36986e+06
24.7,28.3,1.82585e+06
24.7,28.4,1.3529e+06
24.7,28.5,951416
24.7,28.6,621799
24.7,28.7,364446
24.7,28.8,179756
24.7,28.9,68131.6
24.7,29,29972.7
24.7,29.1,65681.8
24.7,29.2,175662
24.7,29.3,360316
24.7,29.4,620049
24.7,29.5,955265
24.7,29.6,1.36637e+06
24.7,29.7,1.85377e+06
24.7,29.8,2.41788e+06
24.7,29.9,3.05909e+06
24.7,30,3.77783e+06
24.7,30.1,4.57449e+06
24.7,30.2,5.4495e+06
24.7,30.3,6.40325e+06
24.7,30.4,7.43617e+06
24.7,30.5,8.54866e+06
24.7,30.6,9.74113e+06
24.7,30.7,1.1014e+07
24.7,30.8,1.23677e+07
24.7,30.9,1.38026e+07
24.7,31,1.53192e+07
24.7,31.1,1.69178e+07
24.7,31.2,1.85989e+07
24.7,31.3,2.0363e+07
24.7,31.4,2.22103e+07
24.7,31.5,2.41414e+07
24.7,31.6,2.61566e+07
24.7,31.7,2.82564e+07
24.7,31.8,3.04412e+07
24.7,31.9,3.27114e+07
24.7,32,3.50675e+07
24.7,32.1,3.75099e+07
24.7,32.2,4.00389e+07
24.7,32.3,4.26551e+07
24.7,32.4,4.53588e+07
24.7,32.5,4.81505e+07
24.7,32.6,5.10306e+07
24.7,32.7,5.39995e+07
24.7,32.8,5.70577e+07
24.7,32.9,6.02055e+07
24.7,33,6.34435e+07
24.7,33.1,6.6772e+07
24.7,33.2,7.01916e+07
24.7,33.3,7.37025e+07
24.7,33.4,7.73053e+07
24.7,33.5,8.10004e+07
24.7,33.6,8.47882e+07
24.7,33.7,8.86691e+07
24.7,33.8,9.26436e+07
24.7,33.9,9.67122e+07
24.7,34,1.00875e+08
24.7,34.1,1.05133e+08
24.7,34.2,1.09486e+08
24.7,34.3,1.13936e+08
24.7,34.4,1.18481e+08
24.7,34.5,1.23123e+08
24.7,34.6,1.27862e+08
24.7,34.7,1.32698e+08
24.7,34.8,1.37633e+08
24.7,34.9,1.42666e+08
24.7,35,1.47798e+08
24.7,35.1,1.53029e+08
24.7,35.2,1.5836e+08
24.7,35.3,1.63792e+08
24.7,35.4,1.69324e+08
24.7,35.5,1.74957e+08
24.7,35.6,1.80691e+08
24.7,35.7,1.86528e+08
24.7,35.8,1.92467e+08
24.7,35.9,1.98509e+08
24.7,36,2.04655e+08
24.7,36.1,2.10904e+08
24.7,36.2,2.17257e+08
24.7,36.3,2.23716e+08
24.7,36.4,2.30279e+08
24.7,36.5,2.36948e+08
24.7,36.6,2.43724e+08
24.7,36.7,2.50605e+08
24.7,36.8,2.57594e+08
24.7,36.9,2.64691e+08
24.7,37,2.71895e+08
24.7,37.1,2.79208e+08
24.7,37.2,2.86629e+08
24.7,37.3,2.9416e+08
24.7,37.4,3.01801e+08
24.7,37.5,3.09552e+08
24.7,37.6,3.17413e+08
24.7,37.7,3.25386e+08
24.7,37.8,3.33471e+08
24.7,37.9,3.41667e+08
24.7,38,3.49976e+08
24.7,38.1,3.58399e+08
24.7,38.2,3.66934e+08
24.7,38.3,3.75584e+08
24.7,38.4,3.84348e+08
24.7,38.5,3.93227e+08
24.7,38.6,4.02222e+08
24.7,38.7,4.11332e+08
24.7,38.8,4.20559e+08
24.7,38.9,4.29902e+08
24.7,39,4.39363e+08
24.7,39.1,4.48942e+08
24.7,39.2,4.58639e+08
24.7,39.3,4.68454e+08
24.7,39.4,4.78389e+08
24.7,39.5,4.88444e+08
24.7,39.6,4.98618e+08
24.7,39.7,5.08913e+08
24.7,39.8,5.1933e+08
24.7,39.9,5.29868e+08
24.8,20,6.45163e+08
24.8,20.1,6.29959e+08
24.8,20.2,6.14884e+08
24.8,20.3,5.9994e+08
24.8,20.4,5.85129e+08
24.8,20.5,5.70454e+08
24.8,20.6,5.55915e+08
24.8,20.7,5.41516e+08
24.8,20.8,5.27257e+08
24.8,20.9,5.13141e+08
24.8,21,4.9917e+08
24.8,21.1,4.85345e+08
24.8,21.2,4.7167e+08
24.8,21.3,4.58144e+08
24.8,21.4,4.44772e+08
24.8,21.5,4.31554e+08
24.8,21.6,4.18492e+08
24.8,21.7,4.05589e+08
24.8,21.8,3.92847e+08
24.8,21.9,3.80267e+08
24.8,22,3.67852e+08
24.8,22.1,3.55603e+08
24.8,22.2,3.43523e+08
24.8,22.3,3.31613e+08
24.8,22.4,3.19876e+08
24.8,22.5,3.08314e+08
24.8,22.6,2.96928e+08
24.8,22.7,2.85722e+08
24.8,22.8,2.74696e+08
24.8,22.9,2.63853e+08
24.8,23,2.53195e+08
24.8,23.1,2.42724e+08
24.8,23.2,2.32443e+08
24.8,23.3,2.22353e+08
24.8,23.4,2.12456e+08
24.8,23.5,2.02754e+08
24.8,23.6,1.9325e+08
24.8,23.7,1.83946e+08
24.8,23.8,1.74844e+08
24.8,23.9,1.65946e+08
24.8,24,1.57254e+08
24.8,24.1,1.4877e+08
24.8,24.2,1.40496e+08
24.8,24.3,1.32436e+08
24.8,24.4,1.2459e+08
24.8,24.5,1.1696e+08
24.8,24.6,1.0955e+08
24.8,24.7,1.02362e+08
24.8,24.8,9.53966e+07
24.8,24.9,9.0298e+07
24.8,25,8.53265e+07
24.8,25.1,8.04834e+07
24.8,25.2,7.57696e+07
24.8,25.3,7.11863e+07
24.8,25.4,6.67347e+07
24.8,25.5,6.24158e+07
24.8,25.6,5.82307e+07
24.8,25.7,5.41807e+07
24.8,25.8,5.02668e+07
24.8,25.9,4.64902e+07
24.8,26,4.28519e+07
24.8,26.1,3.93532e+07
24.8,26.2,3.59952e+07
24.8,26.3,3.27791e+07
24.8,26.4,2.97059e+07
24.8,26.5,2.67769e+07
24.8,26.6,2.39931e+07
24.8,26.7,2.13558e+07
24.8,26.8,1.88662e+07
24.8,26.9,1.65253e+07
24.8,27,1.43343e+07
24.8,27.1,1.22944e+07
24.8,27.2,1.04069e+07
24.8,27.3,8.67275e+06
24.8,27.4,9.36709e+06
24.8,27.5,6.13435e+06
24.8,27.6,5.24372e+06
24.8,27.7,4.42179e+06
24.8,27.8,3.66895e+06
24.8,27.9,2.9856e+06
24.8,28,2.37212e+06
24.8,28.1,1.82892e+06
24.8,28.2,1.35639e+06
24.8,28.3,954930
24.8,28.4,624933
24.8,28.5,366798
24.8,28.6,180924
24.8,28.7,67711.6
24.8,28.8,27560
24.8,28.9,60870.6
24.8,29,168045
24.8,29.1,349486
24.8,29.2,605596
24.8,29.3,936780
24.8,29.4,1.34344e+06
24.8,29.5,1.82599e+06
24.8,29.6,2.38482e+06
24.8,29.7,3.02035e+06
24.8,29.8,3.73299e+06
24.8,29.9,4.52314e+06
24.8,30,5.39121e+06
24.8,30.1,6.33761e+06
24.8,30.2,7.36275e+06
24.8,30.3,8.46704e+06
24.8,30.4,9.6509e+06
24.8,30.5,1.09147e+07
24.8,30.6,1.2259e+07
24.8,30.7,1.3684e+07
24.8,30.8,1.51903e+07
24.8,30.9,1.67781e+07
24.8,31,1.84481e+07
24.8,31.1,2.02005e+07
24.8,31.2,2.20358e+07
24.8,31.3,2.39544e+07
24.8,31.4,2.59567e+07
24.8,31.5,2.80432e+07
24.8,31.6,3.02142e+07
24.8,31.7,3.24703e+07
24.8,31.8,3.48117e+07
24.8,31.9,3.7239e+07
24.8,32,3.97525e+07
24.8,32.1,4.23527e+07
24.8,32.2,4.504e+07
24.8,32.3,4.78148e+07
24.8,32.4,5.06776e+07
24.8,32.5,5.36288e+07
24.8,32.6,5.66688e+07
24.8,32.7,5.9798e+07
24.8,32.8,6.30169e+07
24.8,32.9,6.63259e+07
24.8,33,6.97255e+07
24.8,33.1,7.3216e+07
24.8,33.2,7.67979e+07
24.8,33.3,8.04716e+07
24.8,33.4,8.42376e+07
24.8,33.5,8.80963e+07
24.8,33.6,9.20481e+07
24.8,33.7,9.60935e+07
24.8,33.8,1.00233e+08
24.8,33.9,1.04467e+08
24.8,34,1.08796e+08
24.8,34.1,1.1322e+08
24.8,34.2,1.17739e+08
24.8,34.3,1.22355e+08
24.8,34.4,1.27068e+08
24.8,34.5,1.31878e+08
24.8,34.6,1.36785e+08
24.8,34.7,1.4179e+08
24.8,34.8,1.46894e+08
24.8,34.9,1.52096e+08
24.8,35,1.57398e+08
24.8,35.1,1.628e+08
24.8,35.2,1.68302e+08
24.8,35.3,1.73904e+08
24.8,35.4,1.79608e+08
24.8,35.5,1.85413e+08
24.8,35.6,1.9132e+08
24.8,35.7,1.97329e+08
24.8,35.8,2.03442e+08
24.8,35.9,2.09657e+08
24.8,36,2.15977e+08
24.8,36.1,2.22401e+08
24.8,36.2,2.28929e+08
24.8,36.3,2.35563e+08
24.8,36.4,2.42302e+08
24.8,36.5,2.49148e+08
24.8,36.6,2.56099e+08
24.8,36.7,2.63158e+08
24.8,36.8,2.70325e+08
24.8,36.9,2.77599e+08
24.8,37,2.84982e+08
24.8,37.1,2.92473e+08
24.8,37.2,3.00074e+08
24.8,37.3,3.07784e+08
24.8,37.4,3.15605e+08
24.8,37.5,3.23537e+08
24.8,37.6,3.31579e+08
24.8,37.7,3.39733e+08
24.8,37.8,3.48e+08
24.8,37.9,3.56378e+08
24.8,38,3.6487e+08
24.8,38.1,3.73475e+08
24.8,38.2,3.82195e+08
24.8,38.3,3.91028e+08
24.8,38.4,3.99977e+08
24.8,38.5,4.09041e+08
24.8,38.6,4.18221e+08
24.8,38.7,4.27517e+08
24.8,38.8,4.36929e+08
24.8,38.9,4.4646e+08
24.8,39,4.56107e+08
24.8,39.1,4.65873e+08
24.8,39.2,4.75758e+08
24.8,39.3,4.85762e+08
24.8,39.4,4.95886e+08
24.8,39.5,5.06129e+08
24.8,39.6,5.16493e+08
24.8,39.7,5.26979e+08
24.8,39.8,5.37585e+08
24.8,39.9,5.48314e+08
24.9,20,6.3117e+08
24.9,20.1,6.16123e+08
24.9,20.2,6.01207e+08
24.9,20.3,5.86423e+08
24.9,20.4,5.71773e+08
24.9,20.5,5.57259e+08
24.9,20.6,5.42882e+08
24.9,20.7,5.28646e+08
24.9,20.8,5.14551e+08
24.9,20.9,5.00599e+08
24.9,21,4.86793e+08
24.9,21.1,4.73135e+08
24.9,21.2,4.59626e+08
24.9,21.3,4.46269e+08
24.9,21.4,4.33064e+08
24.9,21.5,4.20016e+08
24.9,21.6,4.07124e+08
24.9,21.7,3.94392e+08
24.9,21.8,3.81821e+08
24.9,21.9,3.69414e+08
24.9,22,3.57172e+08
24.9,22.1,3.45097e+08
24.9,22.2,3.33192e+08
24.9,22.3,3.21458e+08
24.9,22.4,3.09898e+08
24.9,22.5,2.98513e+08
24.9,22.6,2.87306e+08
24.9,22.7,2.76278e+08
24.9,22.8,2.65433e+08
24.9,22.9,2.5477e+08
24.9,23,2.44294e+08
24.9,23.1,2.34006e+08
24.9,23.2,2.23907e+08
24.9,23.3,2.14001e+08
24.9,23.4,2.04289e+08
24.9,23.5,1.94773e+08
24.9,23.6,1.85455e+08
24.9,23.7,1.76339e+08
24.9,23.8,1.67425e+08
24.9,23.9,1.58715e+08
24.9,24,1.50213e+08
24.9,24.1,1.4192e+08
24.9,24.2,1.33838e+08
24.9,24.3,1.25969e+08
24.9,24.4,1.18316e+08
24.9,24.5,1.10881e+08
24.9,24.6,1.03666e+08
24.9,24.7,9.66729e+07
24.9,24.8,8.99042e+07
24.9,24.9,8.33621e+07
24.9,25,7.8585e+07
24.9,25.1,7.3937e+07
24.9,25.2,6.9419e+07
24.9,25.3,6.50323e+07
24.9,25.4,6.07779e+07
24.9,25.5,5.66569e+07
24.9,25.6,5.26705e+07
24.9,25.7,4.88198e+07
24.9,25.8,4.5106e+07
24.9,25.9,4.15302e+07
24.9,26,3.80934e+07
24.9,26.1,3.4797e+07
24.9,26.2,3.16419e+07
24.9,26.3,2.86294e+07
24.9,26.4,2.57606e+07
24.9,26.5,2.30366e+07
24.9,26.6,2.04586e+07
24.9,26.7,1.80279e+07
24.9,26.8,1.57454e+07
24.9,26.9,1.36124e+07
24.9,27,1.16301e+07
24.9,27.1,9.79964e+06
24.9,27.2,8.12217e+06
24.9,27.3,6.59888e+06
24.9,27.4,7.20519e+06
24.9,27.5,4.41208e+06
24.9,27.6,3.6619e+06
24.9,27.7,2.98081e+06
24.9,27.8,2.36921e+06
24.9,27.9,1.82749e+06
24.9,28,1.35604e+06
24.9,28.1,955268
24.9,28.2,625559
24.9,28.3,367313
24.9,28.4,180928
24.9,28.5,66802.4
24.9,28.6,25335.8
24.9,28.7,56927.8
24.9,28.8,161979
24.9,28.9,340891
24.9,29,594066
24.9,29.1,921906
24.9,29.2,1.32482e+06
24.9,29.3,1.8032e+06
24.9,29.4,2.35746e+06
24.9,29.5,2.98801e+06
24.9,29.6,3.69524e+06
24.9,29.7,4.47958e+06
24.9,29.8,5.34142e+06
24.9,29.9,6.28117e+06
24.9,30,7.29925e+06
24.9,30.1,8.39606e+06
24.9,30.2,9.57202e+06
24.9,30.3,1.08275e+07
24.9,30.4,1.2163e+07
24.9,30.5,1.35789e+07
24.9,30.6,1.50755e+07
24.9,30.7,1.66534e+07
24.9,30.8,1.83129e+07
24.9,30.9,2.00544e+07
24.9,31,2.18784e+07
24.9,31.1,2.37853e+07
24.9,31.2,2.57755e+07
24.9,31.3,2.78494e+07
24.9,31.4,3.00074e+07
24.9,31.5,3.22499e+07
24.9,31.6,3.45775e+07
24.9,31.7,3.69904e+07
24.9,31.8,3.94891e+07
24.9,31.9,4.20741e+07
24.9,32,4.47458e+07
24.9,32.1,4.75045e+07
24.9,32.2,5.03508e+07
24.9,32.3,5.3285e+07
24.9,32.4,5.63076e+07
24.9,32.5,5.9419e+07
24.9,32.6,6.26196e+07
24.9,32.7,6.59098e+07
24.9,32.8,6.92901e+07
24.9,32.9,7.2761e+07
24.9,33,7.63228e+07
24.9,33.1,7.9976e+07
24.9,33.2,8.37209e+07
24.9,33.3,8.75582e+07
24.9,33.4,9.14881e+07
24.9,33.5,9.55111e+07
24.9,33.6,9.96277e+07
24.9,33.7,1.03838e+08
24.9,33.8,1.08143e+08
24.9,33.9,1.12543e+08
24.9,34,1.17038e+08
24.9,34.1,1.21629e+08
24.9,34.2,1.26316e+08
24.9,34.3,1.311e+08
24.9,34.4,1.35981e+08
24.9,34.5,1.40959e+08
24.9,34.6,1.46035e+08
24.9,34.7,1.5121e+08
24.9,34.8,1.56483e+08
24.9,34.9,1.61856e+08
24.9,35,1.67328e+08
24.9,35.1,1.72901e+08
24.9,35.2,1.78574e+08
24.9,35.3,1.84348e+08
24.9,35.4,1.90224e+08
24.9,35.5,1.96202e+08
24.9,35.6,2.02282e+08
24.9,35.7,2.08465e+08
24.9,35.8,2.14751e+08
24.9,35.9,2.21142e+08
24.9,36,2.27636e+08
24.9,36.1,2.34235e+08
24.9,36.2,2.40939e+08
24.9,36.3,2.47749e+08
24.9,36.4,2.54665e+08
24.9,36.5,2.61687e+08
24.9,36.6,2.68816e+08
24.9,36.7,2.76053e+08
24.9,36.8,2.83398e+08
24.9,36.9,2.90851e+08
24.9,37,2.98412e+08
24.9,37.1,3.06083e+08
24.9,37.2,3.13864e+08
24.9,37.3,3.21755e+08
24.9,37.4,3.29756e+08
24.9,37.5,3.37869e+08
24.9,37.6,3.46093e+08
24.9,37.7,3.5443e+08
24.9,37.8,3.62878e+08
24.9,37.9,3.7144e+08
24.9,38,3.80115e+08
24.9,38.1,3.88905e+08
24.9,38.2,3.97808e+08
24.9,38.3,4.06826e+08
24.9,38.4,4.1596e+08
24.9,38.5,4.2521e+08
24.9,38.6,4.34575e+08
24.9,38.7,4.44058e+08
24.9,38.8,4.53658e+08
24.9,38.9,4.63375e+08
24.9,39,4.73211e+08
24.9,39.1,4.83165e+08
24.9,39.2,4.93238e+08
24.9,39.3,5.03431e+08
24.9,39.4,5.13744e+08
24.9,39.5,5.24177e+08
24.9,39.6,5.34732e+08
24.9,39.7,5.45408e+08
24.9,39.8,5.56206e+08
24.9,39.9,5.67127e+08
25,20,6.17295e+08
25,20.1,6.02407e+08
25,20.2,5.87651e+08
25,20.3,5.73027e+08
25,20.4,5.58538e+08
25,20.5,5.44186e+08
25,20.6,5.29972e+08
25,20.7,5.15899e+08
25,20.8,5.01968e+08
25,20.9,4.88182e+08
25,21,4.74542e+08
25,21.1,4.6105e+08
25,21.2,4.47709e+08
25,21.3,4.3452e+08
25,21.4,4.21485e+08
25,21.5,4.08606e+08
25,21.6,3.95885e+08
25,21.7,3.83325e+08
25,21.8,3.70926e+08
25,21.9,3.58692e+08
25,22,3.46624e+08
25,22.1,3.34724e+08
25,22.2,3.22995e+08
25,22.3,3.11437e+08
25,22.4,3.00054e+08
25,22.5,2.88847e+08
25,22.6,2.77819e+08
25,22.7,2.66971e+08
25,22.8,2.56306e+08
25,22.9,2.45825e+08
25,23,2.35531e+08
25,23.1,2.25425e+08
25,23.2,2.15511e+08
25,23.3,2.05789e+08
25,23.4,1.96262e+08
25,23.5,1.86933e+08
25,23.6,1.77802e+08
25,23.7,1.68874e+08
25,23.8,1.60148e+08
25,23.9,1.51629e+08
25,24,1.43317e+08
25,24.1,1.35215e+08
25,24.2,1.27325e+08
25,24.3,1.19649e+08
25,24.4,1.1219e+08
25,24.5,1.0495e+08
25,24.6,9.79301e+07
25,24.7,9.11334e+07
25,24.8,8.45619e+07
25,24.9,7.82177e+07
25,25,7.21032e+07
25,25.1,6.76511e+07
25,25.2,6.33298e+07
25,25.3,5.91404e+07
25,25.4,5.5084e+07
25,25.5,5.11618e+07
25,25.6,4.73749e+07
25,25.7,4.37244e+07
25,25.8,4.02115e+07
25,25.9,3.68373e+07
25,26,3.36029e+07
25,26.1,3.05095e+07
25,26.2,2.75582e+07
25,26.3,2.47501e+07
25,26.4,2.20865e+07
25,26.5,1.95684e+07
25,26.6,1.71971e+07
25,26.7,1.49737e+07
25,26.8,1.28993e+07
25,26.9,1.09751e+07
25,27,9.20229e+06
25,27.1,7.58204e+06
25,27.2,6.11552e+06
25,27.3,4.80391e+06
25,27.4,5.32219e+06
25,27.5,2.97021e+06
25,27.6,2.36114e+06
25,27.7,1.82155e+06
25,27.8,1.35185e+06
25,27.9,952417
25,28,623658
25,28.1,365966
25,28.2,179737
25,28.3,65369.3
25,28.4,23259.8
25,28.5,53807.9
25,28.6,157413
25,28.7,334475
25,28.8,585396
25,28.9,910576
25,29,1.31042e+06
25,29.1,1.78533e+06
25,29.2,2.33571e+06
25,29.3,2.96196e+06
25,29.4,3.66449e+06
25,29.5,4.44371e+06
25,29.6,5.30002e+06
25,29.7,6.23383e+06
25,29.8,7.24555e+06
25,29.9,8.33559e+06
25,30,9.50435e+06
25,30.1,1.07523e+07
25,30.2,1.20797e+07
25,30.3,1.34871e+07
25,30.4,1.49749e+07
25,30.5,1.65435e+07
25,30.6,1.81932e+07
25,30.7,1.99246e+07
25,30.8,2.17381e+07
25,30.9,2.36339e+07
25,31,2.56127e+07
25,31.1,2.76747e+07
25,31.2,2.98204e+07
25,31.3,3.20502e+07
25,31.4,3.43646e+07
25,31.5,3.6764e+07
25,31.6,3.92487e+07
25,31.7,4.18192e+07
25,31.8,4.4476e+07
25,31.9,4.72194e+07
25,32,5.00499e+07
25,32.1,5.29679e+07
25,32.2,5.59738e+07
25,32.3,5.90681e+07
25,32.4,6.22511e+07
25,32.5,6.55234e+07
25,32.6,6.88853e+07
25,32.7,7.23372e+07
25,32.8,7.58797e+07
25,32.9,7.95131e+07
25,33,8.32378e+07
25,33.1,8.70544e+07
25,33.2,9.09631e+07
25,33.3,9.49646e+07
25,33.4,9.90591e+07
25,33.5,1.03247e+08
25,33.6,1.07529e+08
25,33.7,1.11906e+08
25,33.8,1.16377e+08
25,33.9,1.20943e+08
25,34,1.25606e+08
25,34.1,1.30364e+08
25,34.2,1.35219e+08
25,34.3,1.40171e+08
25,34.4,1.45221e+08
25,34.5,1.50368e+08
25,34.6,1.55614e+08
25,34.7,1.60959e+08
25,34.8,1.66403e+08
25,34.9,1.71946e+08
25,35,1.7759e+08
25,35.1,1.83334e+08
25,35.2,1.8918e+08
25,35.3,1.95126e+08
25,35.4,2.01175e+08
25,35.5,2.07326e+08
25,35.6,2.13581e+08
25,35.7,2.19938e+08
25,35.8,2.26399e+08
25,35.9,2.32964e+08
25,36,2.39634e+08
25,36.1,2.46409e+08
25,36.2,2.5329e+08
25,36.3,2.60276e+08
25,36.4,2.67369e+08
25,36.5,2.7457e+08
25,36.6,2.81877e+08
25,36.7,2.89292e+08
25,36.8,2.96816e+08
25,36.9,3.04448e+08
25,37,3.1219e+08
25,37.1,3.20041e+08
25,37.2,3.28002e+08
25,37.3,3.36074e+08
25,37.4,3.44257e+08
25,37.5,3.52552e+08
25,37.6,3.60959e+08
25,37.7,3.69478e+08
25,37.8,3.7811e+08
25,37.9,3.86855e+08
25,38,3.95715e+08
25,38.1,4.04688e+08
25,38.2,4.13777e+08
25,38.3,4.22981e+08
25,38.4,4.323e+08
25,38.5,4.41736e+08
25,38.6,4.51289e+08
25,38.7,4.60958e+08
25,38.8,4.70746e+08
25,38.9,4.80651e+08
25,39,4.90675e+08
25,39.1,5.00818e+08
25,39.2,5.11081e+08
25,39.3,5.21464e+08
25,39.4,5.31967e+08
25,39.5,5.42591e+08
25,39.6,5.53337e+08
25,39.7,5.64204e+08
25,39.8,5.75194e+08
25,39.9,5.86307e+08
25.1,20,6.0354e+08
25.1,20.1,5.88812e+08
25.1,20.2,5.74216e+08
25.1,20.3,5.59753e+08
25.1,20.4,5.45426e+08
25.1,20.5,5.31236e+08
25.1,20.6,5.17185e+08
25.1,20.7,5.03276e+08
25.1,20.8,4.89511e+08
25.1,20.9,4.7589e+08
25.1,21,4.62417e+08
25.1,21.1,4.49092e+08
25.1,21.2,4.35919e+08
25.1,21.3,4.22899e+08
25.1,21.4,4.10033e+08
25.1,21.5,3.97325e+08
25.1,21.6,3.84776e+08
25.1,21.7,3.72388e+08
25.1,21.8,3.60162e+08
25.1,21.9,3.48102e+08
25.1,22,3.36208e+08
25.1,22.1,3.24484e+08
25.1,22.2,3.12931e+08
25.1,22.3,3.0155e+08
25.1,22.4,2.90345e+08
25.1,22.5,2.79317e+08
25.1,22.6,2.68468e+08
25.1,22.7,2.57801e+08
25.1,22.8,2.47316e+08
25.1,22.9,2.37018e+08
25.1,23,2.26906e+08
25.1,23.1,2.16984e+08
25.1,23.2,2.07254e+08
25.1,23.3,1.97718e+08
25.1,23.4,1.88377e+08
25.1,23.5,1.79235e+08
25.1,23.6,1.70292e+08
25.1,23.7,1.61552e+08
25.1,23.8,1.53016e+08
25.1,23.9,1.44687e+08
25.1,24,1.36566e+08
25.1,24.1,1.28656e+08
25.1,24.2,1.20959e+08
25.1,24.3,1.13477e+08
25.1,24.4,1.06213e+08
25.1,24.5,9.91676e+07
25.1,24.6,9.23441e+07
25.1,24.7,8.57444e+07
25.1,24.8,7.93707e+07
25.1,24.9,7.32253e+07
25.1,25,6.73104e+07
25.1,25.1,6.16281e+07
25.1,25.2,5.75042e+07
25.1,25.3,5.3513e+07
25.1,25.4,4.96555e+07
25.1,25.5,4.59329e+07
25.1,25.6,4.23463e+07
25.1,25.7,3.88968e+07
25.1,25.8,3.55857e+07
25.1,25.9,3.24139e+07
25.1,26,2.93826e+07
25.1,26.1,2.64931e+07
25.1,26.2,2.37464e+07
25.1,26.3,2.11436e+07
25.1,26.4,1.8686e+07
25.1,26.5,1.63747e+07
25.1,26.6,1.42109e+07
25.1,26.7,1.21956e+07
25.1,26.8,1.03301e+07
25.1,26.9,8.6156e+06
25.1,27,7.05316e+06
25.1,27.1,5.64399e+06
25.1,27.2,4.38928e+06
25.1,27.3,3.2902e+06
25.1,27.4,3.72049e+06
25.1,27.5,1.81112e+06
25.1,27.6,1.34381e+06
25.1,27.7,946381
25.1,27.8,619231
25.1,27.9,362753
25.1,28,177342
25.1,28.1,63395.9
25.1,28.2,21310.3
25.1,28.3,51483.3
25.1,28.4,154313
25.1,28.5,330200
25.1,28.6,579542
25.1,28.7,902741
25.1,28.8,1.3002e+06
25.1,28.9,1.77232e+06
25.1,29,2.3195e+06
25.1,29.1,2.94214e+06
25.1,29.2,3.64066e+06
25.1,29.3,4.41545e+06
25.1,29.4,5.26693e+06
25.1,29.5,6.19549e+06
25.1,29.6,7.20155e+06
25.1,29.7,8.28552e+06
25.1,29.8,9.44779e+06
25.1,29.9,1.06888e+07
25.1,30,1.20089e+07
25.1,30.1,1.34086e+07
25.1,30.2,1.48882e+07
25.1,30.3,1.64482e+07
25.1,30.4,1.8089e+07
25.1,30.5,1.98109e+07
25.1,30.6,2.16145e+07
25.1,30.7,2.35001e+07
25.1,30.8,2.54681e+07
25.1,30.9,2.7519e+07
25.1,31,2.96532e+07
25.1,31.1,3.1871e+07
25.1,31.2,3.4173e+07
25.1,31.3,3.65595e+07
25.1,31.4,3.90309e+07
25.1,31.5,4.15877e+07
25.1,31.6,4.42303e+07
25.1,31.7,4.69592e+07
25.1,31.8,4.97746e+07
25.1,31.9,5.26771e+07
25.1,32,5.56672e+07
25.1,32.1,5.87451e+07
25.1,32.2,6.19113e+07
25.1,32.3,6.51664e+07
25.1,32.4,6.85106e+07
25.1,32.5,7.19444e+07
25.1,32.6,7.54683e+07
25.1,32.7,7.90827e+07
25.1,32.8,8.2788e+07
25.1,32.9,8.65847e+07
25.1,33,9.04731e+07
25.1,33.1,9.44537e+07
25.1,33.2,9.8527e+07
25.1,33.3,1.02693e+08
25.1,33.4,1.06953e+08
25.1,33.5,1.11307e+08
25.1,33.6,1.15755e+08
25.1,33.7,1.20298e+08
25.1,33.8,1.24936e+08
25.1,33.9,1.2967e+08
25.1,34,1.345e+08
25.1,34.1,1.39427e+08
25.1,34.2,1.44451e+08
25.1,34.3,1.49572e+08
25.1,34.4,1.54791e+08
25.1,34.5,1.60108e+08
25.1,34.6,1.65525e+08
25.1,34.7,1.7104e+08
25.1,34.8,1.76655e+08
25.1,34.9,1.8237e+08
25.1,35,1.88186e+08
25.1,35.1,1.94103e+08
25.1,35.2,2.00121e+08
25.1,35.3,2.06241e+08
25.1,35.4,2.12464e+08
25.1,35.5,2.18789e+08
25.1,35.6,2.25218e+08
25.1,35.7,2.3175e+08
25.1,35.8,2.38387e+08
25.1,35.9,2.45128e+08
25.1,36,2.51974e+08
25.1,36.1,2.58926e+08
25.1,36.2,2.65984e+08
25.1,36.3,2.73148e+08
25.1,36.4,2.80419e+08
25.1,36.5,2.87797e+08
25.1,36.6,2.95284e+08
25.1,36.7,3.02878e+08
25.1,36.8,3.10581e+08
25.1,36.9,3.18394e+08
25.1,37,3.26316e+08
25.1,37.1,3.34348e+08
25.1,37.2,3.42491e+08
25.1,37.3,3.50745e+08
25.1,37.4,3.5911e+08
25.1,37.5,3.67588e+08
25.1,37.6,3.76177e+08
25.1,37.7,3.8488e+08
25.1,37.8,3.93696e+08
25.1,37.9,4.02626e+08
25.1,38,4.1167e+08
25.1,38.1,4.20829e+08
25.1,38.2,4.30104e+08
25.1,38.3,4.39494e+08
25.1,38.4,4.49e+08
25.1,38.5,4.58623e+08
25.1,38.6,4.68363e+08
25.1,38.7,4.7822e+08
25.1,38.8,4.88196e+08
25.1,38.9,4.9829e+08
25.1,39,5.08503e+08
25.1,39.1,5.18836e+08
25.1,39.2,5.29289e+08
25.1,39.3,5.39862e+08
25.1,39.4,5.50557e+08
25.1,39.5,5.61372e+08
25.1,39.6,5.7231e+08
25.1,39.7,5.8337e+08
25.1,39.8,5.94552e+08
25.1,39.9,6.05859e+08
25.2,20,5.89907e+08
25.2,20.1,5.75338e+08
25.2,20.2,5.60903e+08
25.2,20.3,5.46601e+08
25.2,20.4,5.32437e+08
25.2,20.5,5.1841e+08
25.2,20.6,5.04524e+08
25.2,20.7,4.90779e+08
25.2,20.8,4.77179e+08
25.2,20.9,4.63725e+08
25.2,21,4.50419e+08
25.2,21.1,4.37262e+08
25.2,21.2,4.24258e+08
25.2,21.3,4.11407e+08
25.2,21.4,3.98712e+08
25.2,21.5,3.86175e+08
25.2,21.6,3.73798e+08
25.2,21.7,3.61582e+08
25.2,21.8,3.49531e+08
25.2,21.9,3.37645e+08
25.2,22,3.25927e+08
25.2,22.1,3.14378e+08
25.2,22.2,3.03002e+08
25.2,22.3,2.91799e+08
25.2,22.4,2.80773e+08
25.2,22.5,2.69924e+08
25.2,22.6,2.59255e+08
25.2,22.7,2.48769e+08
25.2,22.8,2.38466e+08
25.2,22.9,2.2835e+08
25.2,23,2.18422e+08
25.2,23.1,2.08685e+08
25.2,23.2,1.9914e+08
25.2,23.3,1.89789e+08
25.2,23.4,1.80636e+08
25.2,23.5,1.71681e+08
25.2,23.6,1.62927e+08
25.2,23.7,1.54376e+08
25.2,23.8,1.4603e+08
25.2,23.9,1.37892e+08
25.2,24,1.29963e+08
25.2,24.1,1.22245e+08
25.2,24.2,1.14742e+08
25.2,24.3,1.07454e+08
25.2,24.4,1.00385e+08
25.2,24.5,9.35358e+07
25.2,24.6,8.69091e+07
25.2,24.7,8.05072e+07
25.2,24.8,7.43321e+07
25.2,24.9,6.8386e+07
25.2,25,6.26713e+07
25.2,25.1,5.71901e+07
25.2,25.2,5.19446e+07
25.2,25.3,4.81524e+07
25.2,25.4,4.44946e+07
25.2,25.5,4.09725e+07
25.2,25.6,3.7587e+07
25.2,25.7,3.43394e+07
25.2,25.8,3.12308e+07
25.2,25.9,2.82623e+07
25.2,26,2.5435e+07
25.2,26.1,2.27502e+07
25.2,26.2,2.02089e+07
25.2,26.3,1.78123e+07
25.2,26.4,1.55616e+07
25.2,26.5,1.34579e+07
25.2,26.6,1.15024e+07
25.2,26.7,9.69614e+06
25.2,26.8,8.04042e+06
25.2,26.9,6.53635e+06
25.2,27,5.18512e+06
25.2,27.1,3.98788e+06
25.2,27.2,2.94583e+06
25.2,27.3,2.06013e+06
25.2,27.4,2.40245e+06
25.2,27.5,937186
25.2,27.6,612296
25.2,27.7,357686
25.2,27.8,173750
25.2,27.9,60884
25.2,28,19483.4
25.2,28.1,49944.9
25.2,28.2,152666
25.2,28.3,328044
25.2,28.4,576479
25.2,28.5,898369
25.2,28.6,1.29412e+06
25.2,28.7,1.76412e+06
25.2,28.8,2.30878e+06
25.2,28.9,2.92851e+06
25.2,29,3.62369e+06
25.2,29.1,4.39475e+06
25.2,29.2,5.24208e+06
25.2,29.3,6.16609e+06
25.2,29.4,7.16718e+06
25.2,29.5,8.24576e+06
25.2,29.6,9.40225e+06
25.2,29.7,1.0637e+07
25.2,29.8,1.19505e+07
25.2,29.9,1.33432e+07
25.2,30,1.48153e+07
25.2,30.1,1.63675e+07
25.2,30.2,1.79999e+07
25.2,30.3,1.97132e+07
25.2,30.4,2.15076e+07
25.2,30.5,2.33837e+07
25.2,30.6,2.53417e+07
25.2,30.7,2.73822e+07
25.2,30.8,2.95055e+07
25.2,30.9,3.17121e+07
25.2,31,3.40024e+07
25.2,31.1,3.63768e+07
25.2,31.2,3.88356e+07
25.2,31.3,4.13795e+07
25.2,31.4,4.40087e+07
25.2,31.5,4.67237e+07
25.2,31.6,4.95248e+07
25.2,31.7,5.24126e+07
25.2,31.8,5.53875e+07
25.2,31.9,5.84498e+07
25.2,32,6.16001e+07
25.2,32.1,6.48386e+07
25.2,32.2,6.81659e+07
25.2,32.3,7.15824e+07
25.2,32.4,7.50885e+07
25.2,32.5,7.86847e+07
25.2,32.6,8.23713e+07
25.2,32.7,8.61488e+07
25.2,32.8,9.00176e+07
25.2,32.9,9.39782e+07
25.2,33,9.80309e+07
25.2,33.1,1.02176e+08
25.2,33.2,1.06415e+08
25.2,33.3,1.10747e+08
25.2,33.4,1.15173e+08
25.2,33.5,1.19693e+08
25.2,33.6,1.24308e+08
25.2,33.7,1.29018e+08
25.2,33.8,1.33824e+08
25.2,33.9,1.38726e+08
25.2,34,1.43725e+08
25.2,34.1,1.48821e+08
25.2,34.2,1.54014e+08
25.2,34.3,1.59305e+08
25.2,34.4,1.64694e+08
25.2,34.5,1.70182e+08
25.2,34.6,1.75769e+08
25.2,34.7,1.81456e+08
25.2,34.8,1.87243e+08
25.2,34.9,1.93131e+08
25.2,35,1.99119e+08
25.2,35.1,2.05209e+08
25.2,35.2,2.11401e+08
25.2,35.3,2.17695e+08
25.2,35.4,2.24092e+08
25.2,35.5,2.30592e+08
25.2,35.6,2.37196e+08
25.2,35.7,2.43905e+08
25.2,35.8,2.50717e+08
25.2,35.9,2.57635e+08
25.2,36,2.64658e+08
25.2,36.1,2.71787e+08
25.2,36.2,2.79023e+08
25.2,36.3,2.86365e+08
25.2,36.4,2.93815e+08
25.2,36.5,3.01373e+08
25.2,36.6,3.09039e+08
25.2,36.7,3.16813e+08
25.2,36.8,3.24697e+08
25.2,36.9,3.3269e+08
25.2,37,3.40794e+08
25.2,37.1,3.49008e+08
25.2,37.2,3.57333e+08
25.2,37.3,3.65769e+08
25.2,37.4,3.74318e+08
25.2,37.5,3.82978e+08
25.2,37.6,3.91752e+08
25.2,37.7,4.00639e+08
25.2,37.8,4.0964e+08
25.2,37.9,4.18755e+08
25.2,38,4.27985e+08
25.2,38.1,4.3733e+08
25.2,38.2,4.46791e+08
25.2,38.3,4.56368e+08
25.2,38.4,4.66061e+08
25.2,38.5,4.75872e+08
25.2,38.6,4.858e+08
25.2,38.7,4.95847e+08
25.2,38.8,5.06011e+08
25.2,38.9,5.16295e+08
25.2,39,5.26698e+08
25.2,39.1,5.37222e+08
25.2,39.2,5.47865e+08
25.2,39.3,5.5863e+08
25.2,39.4,5.69516e+08
25.2,39.5,5.80524e+08
25.2,39.6,5.91654e+08
25.2,39.7,6.02907e+08
25.2,39.8,6.14283e+08
25.2,39.9,6.25783e+08
25.3,20,5.76395e+08
25.3,20.1,5.61988e+08
25.3,20.2,5.47713e+08
25.3,20.3,5.33574e+08
25.3,20.4,5.19572e+08
25.3,20.5,5.05709e+08
25.3,20.6,4.91988e+08
25.3,20.7,4.78409e+08
25.3,20.8,4.64975e+08
25.3,20.9,4.51687e+08
25.3,21,4.38549e+08
25.3,21.1,4.25561e+08
25.3,21.2,4.12726e+08
25.3,21.3,4.00046e+08
25.3,21.4,3.87522e+08
25.3,21.5,3.75157e+08
25.3,21.6,3.62952e+08
25.3,21.7,3.5091e+08
25.3,21.8,3.39033e+08
25.3,21.9,3.27322e+08
25.3,22,3.1578e+08
25.3,22.1,3.04408e+08
25.3,22.2,2.93209e+08
25.3,22.3,2.82185e+08
25.3,22.4,2.71337e+08
25.3,22.5,2.60669e+08
25.3,22.6,2.50181e+08
25.3,22.7,2.39876e+08
25.3,22.8,2.29756e+08
25.3,22.9,2.19823e+08
25.3,23,2.1008e+08
25.3,23.1,2.00527e+08
25.3,23.2,1.91168e+08
25.3,23.3,1.82004e+08
25.3,23.4,1.73038e+08
25.3,23.5,1.64271e+08
25.3,23.6,1.55706e+08
25.3,23.7,1.47346e+08
25.3,23.8,1.39191e+08
25.3,23.9,1.31244e+08
25.3,24,1.23507e+08
25.3,24.1,1.15983e+08
25.3,24.2,1.08674e+08
25.3,24.3,1.01582e+08
25.3,24.4,9.4708e+07
25.3,24.5,8.80555e+07
25.3,24.6,8.16264e+07
25.3,24.7,7.54228e+07
25.3,24.8,6.9447e+07
25.3,24.9,6.37011e+07
25.3,25,5.81873e+07
25.3,25.1,5.29079e+07
25.3,25.2,4.7865e+07
25.3,25.3,4.3061e+07
25.3,25.4,3.96038e+07
25.3,25.5,3.62829e+07
25.3,25.6,3.30994e+07
25.3,25.7,3.00545e+07
25.3,25.8,2.71492e+07
25.3,25.9,2.43848e+07
25.3,26,2.17624e+07
25.3,26.1,1.92832e+07
25.3,26.2,1.69482e+07
25.3,26.3,1.47586e+07
25.3,26.4,1.27156e+07
25.3,26.5,1.08203e+07
25.3,26.6,9.0739e+06
25.3,26.7,7.47757e+06
25.3,26.8,6.03245e+06
25.3,26.9,4.73972e+06
25.3,27,3.60054e+06
25.3,27.1,2.61609e+06
25.3,27.2,1.78755e+06
25.3,27.3,1.11608e+06
25.3,27.4,1.37046e+06
25.3,27.5,350795
25.3,27.6,168986
25.3,27.7,57853.7
25.3,27.8,17793.9
25.3,27.9,49201.9
25.3,28,152474
25.3,28.1,328007
25.3,28.2,576199
25.3,28.3,897448
25.3,28.4,1.29215e+06
25.3,28.5,1.76071e+06
25.3,28.6,2.30353e+06
25.3,28.7,2.92101e+06
25.3,28.8,3.61355e+06
25.3,28.9,4.38155e+06
25.3,29,5.22541e+06
25.3,29.1,6.14555e+06
25.3,29.2,7.14237e+06
25.3,29.3,8.21626e+06
25.3,29.4,9.36765e+06
25.3,29.5,1.05969e+07
25.3,29.6,1.19045e+07
25.3,29.7,1.32908e+07
25.3,29.8,1.47562e+07
25.3,29.9,1.63012e+07
25.3,30,1.79261e+07
25.3,30.1,1.96313e+07
25.3,30.2,2.14173e+07
25.3,30.3,2.32845e+07
25.3,30.4,2.52333e+07
25.3,30.5,2.72641e+07
25.3,30.6,2.93773e+07
25.3,30.7,3.15734e+07
25.3,30.8,3.38527e+07
25.3,30.9,3.62156e+07
25.3,31,3.86627e+07
25.3,31.1,4.11943e+07
25.3,31.2,4.38108e+07
25.3,31.3,4.65127e+07
25.3,31.4,4.93003e+07
25.3,31.5,5.21742e+07
25.3,31.6,5.51346e+07
25.3,31.7,5.81821e+07
25.3,31.8,6.1317e+07
25.3,31.9,6.45399e+07
25.3,32,6.7851e+07
25.3,32.1,7.12509e+07
25.3,32.2,7.474e+07
25.3,32.3,7.83186e+07
25.3,32.4,8.19873e+07
25.3,32.5,8.57464e+07
25.3,32.6,8.95964e+07
25.3,32.7,9.35377e+07
25.3,32.8,9.75708e+07
25.3,32.9,1.01696e+08
25.3,33,1.05914e+08
25.3,33.1,1.10225e+08
25.3,33.2,1.14629e+08
25.3,33.3,1.19127e+08
25.3,33.4,1.2372e+08
25.3,33.5,1.28407e+08
25.3,33.6,1.3319e+08
25.3,33.7,1.38068e+08
25.3,33.8,1.43043e+08
25.3,33.9,1.48114e+08
25.3,34,1.53282e+08
25.3,34.1,1.58547e+08
25.3,34.2,1.6391e+08
25.3,34.3,1.69372e+08
25.3,34.4,1.74932e+08
25.3,34.5,1.80591e+08
25.3,34.6,1.8635e+08
25.3,34.7,1.92209e+08
25.3,34.8,1.98169e+08
25.3,34.9,2.0423e+08
25.3,35,2.10392e+08
25.3,35.1,2.16655e+08
25.3,35.2,2.23022e+08
25.3,35.3,2.29491e+08
25.3,35.4,2.36063e+08
25.3,35.5,2.42739e+08
25.3,35.6,2.49519e+08
25.3,35.7,2.56403e+08
25.3,35.8,2.63393e+08
25.3,35.9,2.70488e+08
25.3,36,2.77689e+08
25.3,36.1,2.84996e+08
25.3,36.2,2.9241e+08
25.3,36.3,2.99932e+08
25.3,36.4,3.07561e+08
25.3,36.5,3.15299e+08
25.3,36.6,3.23145e+08
25.3,36.7,3.311e+08
25.3,36.8,3.39165e+08
25.3,36.9,3.4734e+08
25.3,37,3.55626e+08
25.3,37.1,3.64022e+08
25.3,37.2,3.7253e+08
25.3,37.3,3.8115e+08
25.3,37.4,3.89882e+08
25.3,37.5,3.98727e+08
25.3,37.6,4.07685e+08
25.3,37.7,4.16757e+08
25.3,37.8,4.25944e+08
25.3,37.9,4.35245e+08
25.3,38,4.44661e+08
25.3,38.1,4.54193e+08
25.3,38.2,4.63841e+08
25.3,38.3,4.73606e+08
25.3,38.4,4.83487e+08
25.3,38.5,4.93487e+08
25.3,38.6,5.03604e+08
25.3,38.7,5.13839e+08
25.3,38.8,5.24194e+08
25.3,38.9,5.34668e+08
25.3,39,5.45262e+08
25.3,39.1,5.55977e+08
25.3,39.2,5.66812e+08
25.3,39.3,5.77769e+08
25.3,39.4,5.88847e+08
25.3,39.5,6.00048e+08
25.3,39.6,6.11371e+08
25.3,39.7,6.22818e+08
25.3,39.8,6.34389e+08
25.3,39.9,6.46084e+08
25.4,20,5.63007e+08
25.4,20.1,5.48761e+08
25.4,20.2,5.34649e+08
25.4,20.3,5.20672e+08
25.4,20.4,5.06834e+08
25.4,20.5,4.93135e+08
25.4,20.6,4.79579e+08
25.4,20.7,4.66166e+08
25.4,20.8,4.52899e+08
25.4,20.9,4.39779e+08
25.4,21,4.26809e+08
25.4,21.1,4.13991e+08
25.4,21.2,4.01325e+08
25.4,21.3,3.88816e+08
25.4,21.4,3.76464e+08
25.4,21.5,3.64271e+08
25.4,21.6,3.5224e+08
25.4,21.7,3.40372e+08
25.4,21.8,3.28669e+08
25.4,21.9,3.17134e+08
25.4,22,3.05769e+08
25.4,22.1,2.94574e+08
25.4,22.2,2.83554e+08
25.4,22.3,2.72709e+08
25.4,22.4,2.62041e+08
25.4,22.5,2.51553e+08
25.4,22.6,2.41247e+08
25.4,22.7,2.31124e+08
25.4,22.8,2.21187e+08
25.4,22.9,2.11438e+08
25.4,23,2.0188e+08
25.4,23.1,1.92513e+08
25.4,23.2,1.8334e+08
25.4,23.3,1.74364e+08
25.4,23.4,1.65585e+08
25.4,23.5,1.57008e+08
25.4,23.6,1.48633e+08
25.4,23.7,1.40463e+08
25.4,23.8,1.32499e+08
25.4,23.9,1.24745e+08
25.4,24,1.17201e+08
25.4,24.1,1.09871e+08
25.4,24.2,1.02757e+08
25.4,24.3,9.58601e+07
25.4,24.4,8.91831e+07
25.4,24.5,8.2728e+07
25.4,24.6,7.64972e+07
25.4,24.7,7.04927e+07
25.4,24.8,6.47167e+07
25.4,24.9,5.91716e+07
25.4,25,5.38595e+07
25.4,25.1,4.87825e+07
25.4,25.2,4.39431e+07
25.4,25.3,3.93433e+07
25.4,25.4,3.49854e+07
25.4,25.5,3.18665e+07
25.4,25.6,2.88858e+07
25.4,25.7,2.60444e+07
25.4,25.8,2.33434e+07
25.4,25.9,2.0784e+07
25.4,26,1.83673e+07
25.4,26.1,1.60944e+07
25.4,26.2,1.39665e+07
25.4,26.3,1.19847e+07
25.4,26.4,1.01503e+07
25.4,26.5,8.46427e+06
25.4,26.6,6.92789e+06
25.4,26.7,5.54229e+06
25.4,26.8,4.30863e+06
25.4,26.9,3.22808e+06
25.4,27,2.30181e+06
25.4,27.1,1.531e+06
25.4,27.2,916826
25.4,27.3,460462
25.4,27.4,626916
25.4,27.5,54343.4
25.4,27.6,16274.6
25.4,27.7,49281.6
25.4,27.8,153760
25.4,27.9,330105
25.4,28,578713
25.4,28.1,899983
25.4,28.2,1.29431e+06
25.4,28.3,1.7621e+06
25.4,28.4,2.30374e+06
25.4,28.5,2.91964e+06
25.4,28.6,3.6102e+06
25.4,28.7,4.37582e+06
25.4,28.8,5.2169e+06
25.4,28.9,6.13385e+06
25.4,29,7.12707e+06
25.4,29.1,8.19696e+06
25.4,29.2,9.34394e+06
25.4,29.3,1.05684e+07
25.4,29.4,1.18707e+07
25.4,29.5,1.32514e+07
25.4,29.6,1.47108e+07
25.4,29.7,1.62492e+07
25.4,29.8,1.78672e+07
25.4,29.9,1.95652e+07
25.4,30,2.13435e+07
25.4,30.1,2.32025e+07
25.4,30.2,2.51428e+07
25.4,30.3,2.71646e+07
25.4,30.4,2.92684e+07
25.4,30.5,3.14546e+07
25.4,30.6,3.37237e+07
25.4,30.7,3.6076e+07
25.4,30.8,3.8512e+07
25.4,30.9,4.10321e+07
25.4,31,4.36366e+07
25.4,31.1,4.63261e+07
25.4,31.2,4.91009e+07
25.4,31.3,5.19615e+07
25.4,31.4,5.49083e+07
25.4,31.5,5.79417e+07
25.4,31.6,6.10621e+07
25.4,31.7,6.42699e+07
25.4,31.8,6.75657e+07
25.4,31.9,7.09497e+07
25.4,32,7.44225e+07
25.4,32.1,7.79844e+07
25.4,32.2,8.16359e+07
25.4,32.3,8.53774e+07
25.4,32.4,8.92094e+07
25.4,32.5,9.31322e+07
25.4,32.6,9.71463e+07
25.4,32.7,1.01252e+08
25.4,32.8,1.0545e+08
25.4,32.9,1.09741e+08
25.4,33,1.14124e+08
25.4,33.1,1.18601e+08
25.4,33.2,1.23172e+08
25.4,33.3,1.27838e+08
25.4,33.4,1.32598e+08
25.4,33.5,1.37453e+08
25.4,33.6,1.42404e+08
25.4,33.7,1.47451e+08
25.4,33.8,1.52595e+08
25.4,33.9,1.57835e+08
25.4,34,1.63173e+08
25.4,34.1,1.68609e+08
25.4,34.2,1.74143e+08
25.4,34.3,1.79775e+08
25.4,34.4,1.85507e+08
25.4,34.5,1.91339e+08
25.4,34.6,1.9727e+08
25.4,34.7,2.03302e+08
25.4,34.8,2.09435e+08
25.4,34.9,2.1567e+08
25.4,35,2.22006e+08
25.4,35.1,2.28444e+08
25.4,35.2,2.34986e+08
25.4,35.3,2.4163e+08
25.4,35.4,2.48378e+08
25.4,35.5,2.5523e+08
25.4,35.6,2.62187e+08
25.4,35.7,2.69249e+08
25.4,35.8,2.76416e+08
25.4,35.9,2.83689e+08
25.4,36,2.91069e+08
25.4,36.1,2.98555e+08
25.4,36.2,3.06149e+08
25.4,36.3,3.1385e+08
25.4,36.4,3.21659e+08
25.4,36.5,3.29577e+08
25.4,36.6,3.37605e+08
25.4,36.7,3.45741e+08
25.4,36.8,3.53988e+08
25.4,36.9,3.62346e+08
25.4,37,3.70814e+08
25.4,37.1,3.79393e+08
25.4,37.2,3.88085e+08
25.4,37.3,3.96889e+08
25.4,37.4,4.05806e+08
25.4,37.5,4.14836e+08
25.4,37.6,4.23979e+08
25.4,37.7,4.33237e+08
25.4,37.8,4.4261e+08
25.4,37.9,4.52098e+08
25.4,38,4.61701e+08
25.4,38.1,4.71421e+08
25.4,38.2,4.81257e+08
25.4,38.3,4.9121e+08
25.4,38.4,5.0128e+08
25.4,38.5,5.11469e+08
25.4,38.6,5.21776e+08
25.4,38.7,5.32202e+08
25.4,38.8,5.42747e+08
25.4,38.9,5.53412e+08
25.4,39,5.64198e+08
25.4,39.1,5.75104e+08
25.4,39.2,5.86132e+08
25.4,39.3,5.97281e+08
25.4,39.4,6.08553e+08
25.4,39.5,6.19947e+08
25.4,39.6,6.31465e+08
25.4,39.7,6.43107e+08
25.4,39.8,6.54872e+08
25.4,39.9,6.66763e+08
25.5,20,5.49744e+08
25.5,20.1,5.35659e+08
25.5,20.2,5.2171e+08
25.5,20.3,5.07897e+08
25.5,20.4,4.94223e+08
25.5,20.5,4.80689e+08
25.5,20.6,4.67298e+08
25.5,20.7,4.54052e+08
25.5,20.8,4.40952e+08
25.5,20.9,4.28001e+08
25.5,21,4.152e+08
25.5,21.1,4.02551e+08
25.5,21.2,3.90057e+08
25.5,21.3,3.77719e+08
25.5,21.4,3.65539e+08
25.5,21.5,3.53519e+08
25.5,21.6,3.41662e+08
25.5,21.7,3.29969e+08
25.5,21.8,3.18442e+08
25.5,21.9,3.07083e+08
25.5,22,2.95895e+08
25.5,22.1,2.84879e+08
25.5,22.2,2.74037e+08
25.5,22.3,2.63371e+08
25.5,22.4,2.52884e+08
25.5,22.5,2.42578e+08
25.5,22.6,2.32454e+08
25.5,22.7,2.22514e+08
25.5,22.8,2.12761e+08
25.5,22.9,2.03197e+08
25.5,23,1.93823e+08
25.5,23.1,1.84643e+08
25.5,23.2,1.75657e+08
25.5,23.3,1.66869e+08
25.5,23.4,1.5828e+08
25.5,23.5,1.49892e+08
25.5,23.6,1.41707e+08
25.5,23.7,1.33728e+08
25.5,23.8,1.25957e+08
25.5,23.9,1.18395e+08
25.5,24,1.11046e+08
25.5,24.1,1.03911e+08
25.5,24.2,9.69918e+07
25.5,24.3,9.02913e+07
25.5,24.4,8.38115e+07
25.5,24.5,7.75545e+07
25.5,24.6,7.15226e+07
25.5,24.7,6.57178e+07
25.5,24.8,6.01426e+07
25.5,24.9,5.47989e+07
25.5,25,4.96891e+07
25.5,25.1,4.48154e+07
25.5,25.2,4.01799e+07
25.5,25.3,3.5785e+07
25.5,25.4,3.16329e+07
25.5,25.5,2.77258e+07
25.5,25.6,2.49487e+07
25.5,25.7,2.23117e+07
25.5,25.8,1.98157e+07
25.5,25.9,1.74621e+07
25.5,26,1.52518e+07
25.5,26.1,1.31862e+07
25.5,26.2,1.12662e+07
25.5,26.3,9.49318e+06
25.5,26.4,7.86813e+06
25.5,26.5,6.39226e+06
25.5,26.6,5.06673e+06
25.5,26.7,3.89271e+06
25.5,26.8,2.87135e+06
25.5,26.9,2.00384e+06
25.5,27,1.29134e+06
25.5,27.1,735021
25.5,27.2,336067
25.5,27.3,95657.9
25.5,27.4,174219
25.5,27.5,50229.9
25.5,27.6,156563
25.5,27.7,334372
25.5,27.8,584051
25.5,27.9,905998
25.5,28,1.30061e+06
25.5,28.1,1.76828e+06
25.5,28.2,2.30941e+06
25.5,28.3,2.9244e+06
25.5,28.4,3.61365e+06
25.5,28.5,4.37756e+06
25.5,28.6,5.21653e+06
25.5,28.7,6.13097e+06
25.5,28.8,7.12127e+06
25.5,28.9,8.18784e+06
25.5,29,9.33108e+06
25.5,29.1,1.05514e+07
25.5,29.2,1.18492e+07
25.5,29.3,1.32249e+07
25.5,29.4,1.46789e+07
25.5,29.5,1.62116e+07
25.5,29.6,1.78234e+07
25.5,29.7,1.95148e+07
25.5,29.8,2.1286e+07
25.5,29.9,2.31377e+07
25.5,30,2.507e+07
25.5,30.1,2.70836e+07
25.5,30.2,2.91787e+07
25.5,30.3,3.13558e+07
25.5,30.4,3.36154e+07
25.5,30.5,3.59577e+07
25.5,30.6,3.83833e+07
25.5,30.7,4.08926e+07
25.5,30.8,4.3486e+07
25.5,30.9,4.61638e+07
25.5,31,4.89265e+07
25.5,31.1,5.17746e+07
25.5,31.2,5.47084e+07
25.5,31.3,5.77285e+07
25.5,31.4,6.08351e+07
25.5,31.5,6.40287e+07
25.5,31.6,6.73097e+07
25.5,31.7,7.06787e+07
25.5,31.8,7.41359e+07
25.5,31.9,7.76818e+07
25.5,32,8.13169e+07
25.5,32.1,8.50416e+07
25.5,32.2,8.88562e+07
25.5,32.3,9.27613e+07
25.5,32.4,9.67572e+07
25.5,32.5,1.00844e+08
25.5,32.6,1.05023e+08
25.5,32.7,1.09294e+08
25.5,32.8,1.13658e+08
25.5,32.9,1.18115e+08
25.5,33,1.22665e+08
25.5,33.1,1.27309e+08
25.5,33.2,1.32047e+08
25.5,33.3,1.3688e+08
25.5,33.4,1.41808e+08
25.5,33.5,1.46832e+08
25.5,33.6,1.51952e+08
25.5,33.7,1.57169e+08
25.5,33.8,1.62482e+08
25.5,33.9,1.67893e+08
25.5,34,1.73401e+08
25.5,34.1,1.79008e+08
25.5,34.2,1.84714e+08
25.5,34.3,1.90518e+08
25.5,34.4,1.96423e+08
25.5,34.5,2.02427e+08
25.5,34.6,2.08532e+08
25.5,34.7,2.14737e+08
25.5,34.8,2.21044e+08
25.5,34.9,2.27453e+08
25.5,35,2.33964e+08
25.5,35.1,2.40578e+08
25.5,35.2,2.47295e+08
25.5,35.3,2.54116e+08
25.5,35.4,2.61041e+08
25.5,35.5,2.6807e+08
25.5,35.6,2.75204e+08
25.5,35.7,2.82444e+08
25.5,35.8,2.8979e+08
25.5,35.9,2.97241e+08
25.5,36,3.048e+08
25.5,36.1,3.12466e+08
25.5,36.2,3.2024e+08
25.5,36.3,3.28121e+08
25.5,36.4,3.36112e+08
25.5,36.5,3.44211e+08
25.5,36.6,3.5242e+08
25.5,36.7,3.60739e+08
25.5,36.8,3.69169e+08
25.5,36.9,3.77709e+08
25.5,37,3.86361e+08
25.5,37.1,3.95125e+08
25.5,37.2,4.04001e+08
25.5,37.3,4.12989e+08
25.5,37.4,4.22091e+08
25.5,37.5,4.31307e+08
25.5,37.6,4.40637e+08
25.5,37.7,4.50081e+08
25.5,37.8,4.59641e+08
25.5,37.9,4.69316e+08
25.5,38,4.79108e+08
25.5,38.1,4.89015e+08
25.5,38.2,4.9904e+08
25.5,38.3,5.09182e+08
25.5,38.4,5.19443e+08
25.5,38.5,5.29821e+08
25.5,38.6,5.40319e+08
25.5,38.7,5.50936e+08
25.5,38.8,5.61672e+08
25.5,38.9,5.72529e+08
25.5,39,5.83507e+08
25.5,39.1,5.94606e+08
25.5,39.2,6.05827e+08
25.5,39.3,6.1717e+08
25.5,39.4,6.28636e+08
25.5,39.5,6.40225e+08
25.5,39.6,6.51937e+08
25.5,39.7,6.63774e+08
25.5,39.8,6.75736e+08
25.5,39.9,6.87822e+08
25.6,20,5.36606e+08
25.6,20.1,5.22684e+08
25.6,20.2,5.08898e+08
25.6,20.3,4.95249e+08
25.6,20.4,4.8174e+08
25.6,20.5,4.68372e+08
25.6,20.6,4.55147e+08
25.6,20.7,4.42068e+08
25.6,20.8,4.29137e+08
25.6,20.9,4.16354e+08
25.6,21,4.03723e+08
25.6,21.1,3.91245e+08
25.6,21.2,3.78922e+08
25.6,21.3,3.66756e+08
25.6,21.4,3.54749e+08
25.6,21.5,3.42903e+08
25.6,21.6,3.3122e+08
25.6,21.7,3.19703e+08
25.6,21.8,3.08352e+08
25.6,21.9,2.9717e+08
25.6,22,2.8616e+08
25.6,22.1,2.75322e+08
25.6,22.2,2.6466e+08
25.6,22.3,2.54175e+08
25.6,22.4,2.43869e+08
25.6,22.5,2.33744e+08
25.6,22.6,2.23803e+08
25.6,22.7,2.14047e+08
25.6,22.8,2.04478e+08
25.6,22.9,1.95099e+08
25.6,23,1.85912e+08
25.6,23.1,1.76919e+08
25.6,23.2,1.68121e+08
25.6,23.3,1.59521e+08
25.6,23.4,1.51121e+08
25.6,23.5,1.42924e+08
25.6,23.6,1.3493e+08
25.6,23.7,1.27143e+08
25.6,23.8,1.19565e+08
25.6,23.9,1.12197e+08
25.6,24,1.05042e+08
25.6,24.1,9.81024e+07
25.6,24.2,9.13797e+07
25.6,24.3,8.48763e+07
25.6,24.4,7.85944e+07
25.6,24.5,7.25362e+07
25.6,24.6,6.67038e+07
25.6,24.7,6.10996e+07
25.6,24.8,5.57256e+07
25.6,24.9,5.05841e+07
25.6,25,4.56774e+07
25.6,25.1,4.10075e+07
25.6,25.2,3.65768e+07
25.6,25.3,3.23875e+07
25.6,25.4,2.84419e+07
25.6,25.5,2.47421e+07
25.6,25.6,2.12905e+07
25.6,25.7,1.88586e+07
25.6,25.8,1.65685e+07
25.6,25.9,1.44215e+07
25.6,26,1.24186e+07
25.6,26.1,1.0561e+07
25.6,26.2,8.84989e+06
25.6,26.3,7.28634e+06
25.6,26.4,5.87153e+06
25.6,26.5,4.60664e+06
25.6,26.6,3.49281e+06
25.6,26.7,2.53122e+06
25.6,26.8,1.72302e+06
25.6,26.9,1.0694e+06
25.6,27,571511
25.6,27.1,230543
25.6,27.2,47671.4
25.6,27.3,24076.7
25.6,27.4,14773
25.6,27.5,340862
25.6,27.6,592261
25.6,27.7,915534
25.6,27.8,1.31108e+06
25.6,27.9,1.77929e+06
25.6,28,2.32057e+06
25.6,28.1,2.93531e+06
25.6,28.2,3.62391e+06
25.6,28.3,4.38678e+06
25.6,28.4,5.2243e+06
25.6,28.5,6.13689e+06
25.6,28.6,7.12494e+06
25.6,28.7,8.18886e+06
25.6,28.8,9.32905e+06
25.6,28.9,1.05459e+07
25.6,29,1.18399e+07
25.6,29.1,1.32113e+07
25.6,29.2,1.46606e+07
25.6,29.3,1.61882e+07
25.6,29.4,1.77945e+07
25.6,29.5,1.948e+07
25.6,29.6,2.12449e+07
25.6,29.7,2.30898e+07
25.6,29.8,2.5015e+07
25.6,29.9,2.7021e+07
25.6,30,2.91082e+07
25.6,30.1,3.12769e+07
25.6,30.2,3.35276e+07
25.6,30.3,3.58607e+07
25.6,30.4,3.82767e+07
25.6,30.5,4.07758e+07
25.6,30.6,4.33587e+07
25.6,30.7,4.60256e+07
25.6,30.8,4.8777e+07
25.6,30.9,5.16133e+07
25.6,31,5.45349e+07
25.6,31.1,5.75422e+07
25.6,31.2,6.06358e+07
25.6,31.3,6.38159e+07
25.6,31.4,6.7083e+07
25.6,31.5,7.04376e+07
25.6,31.6,7.388e+07
25.6,31.7,7.74107e+07
25.6,31.8,8.10301e+07
25.6,31.9,8.47386e+07
25.6,32,8.85367e+07
25.6,32.1,9.24248e+07
25.6,32.2,9.64033e+07
25.6,32.3,1.00473e+08
25.6,32.4,1.04633e+08
25.6,32.5,1.08886e+08
25.6,32.6,1.1323e+08
25.6,32.7,1.17667e+08
25.6,32.8,1.22197e+08
25.6,32.9,1.2682e+08
25.6,33,1.31538e+08
25.6,33.1,1.36349e+08
25.6,33.2,1.41256e+08
25.6,33.3,1.46257e+08
25.6,33.4,1.51354e+08
25.6,33.5,1.56547e+08
25.6,33.6,1.61837e+08
25.6,33.7,1.67224e+08
25.6,33.8,1.72708e+08
25.6,33.9,1.78289e+08
25.6,34,1.83969e+08
25.6,34.1,1.89748e+08
25.6,34.2,1.95626e+08
25.6,34.3,2.01603e+08
25.6,34.4,2.0768e+08
25.6,34.5,2.13858e+08
25.6,34.6,2.20137e+08
25.6,34.7,2.26517e+08
25.6,34.8,2.32999e+08
25.6,34.9,2.39583e+08
25.6,35,2.4627e+08
25.6,35.1,2.5306e+08
25.6,35.2,2.59953e+08
25.6,35.3,2.66951e+08
25.6,35.4,2.74053e+08
25.6,35.5,2.8126e+08
25.6,35.6,2.88573e+08
25.6,35.7,2.95991e+08
25.6,35.8,3.03516e+08
25.6,35.9,3.11147e+08
25.6,36,3.18886e+08
25.6,36.1,3.26732e+08
25.6,36.2,3.34686e+08
25.6,36.3,3.42749e+08
25.6,36.4,3.50922e+08
25.6,36.5,3.59203e+08
25.6,36.6,3.67595e+08
25.6,36.7,3.76097e+08
25.6,36.8,3.8471e+08
25.6,36.9,3.93434e+08
25.6,37,4.0227e+08
25.6,37.1,4.11218e+08
25.6,37.2,4.20279e+08
25.6,37.3,4.29454e+08
25.6,37.4,4.38742e+08
25.6,37.5,4.48144e+08
25.6,37.6,4.5766e+08
25.6,37.7,4.67292e+08
25.6,37.8,4.7704e+08
25.6,37.9,4.86903e+08
25.6,38,4.96883e+08
25.6,38.1,5.0698e+08
25.6,38.2,5.17194e+08
25.6,38.3,5.27526e+08
25.6,38.4,5.37977e+08
25.6,38.5,5.48546e+08
25.6,38.6,5.59235e+08
25.6,38.7,5.70044e+08
25.6,38.8,5.80973e+08
25.6,38.9,5.92022e+08
25.6,39,6.03193e+08
25.6,39.1,6.14486e+08
25.6,39.2,6.259e+08
25.6,39.3,6.37438e+08
25.6,39.4,6.49098e+08
25.6,39.5,6.60882e+08
25.6,39.6,6.72791e+08
25.6,39.7,6.84824e+08
25.6,39.8,6.96982e+08
25.6,39.9,7.09265e+08
25.7,20,5.23596e+08
25.7,20.1,5.09837e+08
25.7,20.2,4.96214e+08
25.7,20.3,4.8273e+08
25.7,20.4,4.69386e+08
25.7,20.5,4.56185e+08
25.7,20.6,4.43127e+08
25.7,20.7,4.30216e+08
25.7,20.8,4.17453e+08
25.7,20.9,4.0484e+08
25.7,21,3.92379e+08
25.7,21.1,3.80072e+08
25.7,21.2,3.67921e+08
25.7,21.3,3.55928e+08
25.7,21.4,3.44095e+08
25.7,21.5,3.32423e+08
25.7,21.6,3.20916e+08
25.7,21.7,3.09574e+08
25.7,21.8,2.984e+08
25.7,21.9,2.87396e+08
25.7,22,2.76564e+08
25.7,22.1,2.65906e+08
25.7,22.2,2.55424e+08
25.7,22.3,2.4512e+08
25.7,22.4,2.34995e+08
25.7,22.5,2.25053e+08
25.7,22.6,2.15296e+08
25.7,22.7,2.05724e+08
25.7,22.8,1.96341e+08
25.7,22.9,1.87148e+08
25.7,23,1.78147e+08
25.7,23.1,1.69341e+08
25.7,23.2,1.60732e+08
25.7,23.3,1.52322e+08
25.7,23.4,1.44112e+08
25.7,23.5,1.36105e+08
25.7,23.6,1.28304e+08
25.7,23.7,1.20709e+08
25.7,23.8,1.13325e+08
25.7,23.9,1.06151e+08
25.7,24,9.91915e+07
25.7,24.1,9.24477e+07
25.7,24.2,8.59219e+07
25.7,24.3,7.96162e+07
25.7,24.4,7.3533e+07
25.7,24.5,6.76742e+07
25.7,24.6,6.20422e+07
25.7,24.7,5.66391e+07
25.7,24.8,5.14672e+07
25.7,24.9,4.65285e+07
25.7,25,4.18255e+07
25.7,25.1,3.73602e+07
25.7,25.2,3.3135e+07
25.7,25.3,2.9152e+07
25.7,25.4,2.54135e+07
25.7,25.5,2.19217e+07
25.7,25.6,1.8679e+07
25.7,25.7,1.56875e+07
25.7,25.8,1.36042e+07
25.7,25.9,1.16647e+07
25.7,26,9.86997e+06
25.7,26.1,8.22129e+06
25.7,26.2,6.71978e+06
25.7,26.3,5.3666e+06
25.7,26.4,4.16289e+06
25.7,26.5,3.10981e+06
25.7,26.6,2.20853e+06
25.7,26.7,1.46022e+06
25.7,26.8,866036
25.7,26.9,427152
25.7,27,144741
25.7,27.1,19980.8
25.7,27.2,54049.7
25.7,27.3,248130
25.7,27.4,150990
25.7,27.5,928653
25.7,27.6,1.32578e+06
25.7,27.7,1.79518e+06
25.7,27.8,2.33726e+06
25.7,27.9,2.95241e+06
25.7,28,3.64102e+06
25.7,28.1,4.4035e+06
25.7,28.2,5.24024e+06
25.7,28.3,6.15165e+06
25.7,28.4,7.13812e+06
25.7,28.5,8.20006e+06
25.7,28.6,9.33786e+06
25.7,28.7,1.05519e+07
25.7,28.8,1.18427e+07
25.7,28.9,1.32105e+07
25.7,29,1.46559e+07
25.7,29.1,1.61791e+07
25.7,29.2,1.77806e+07
25.7,29.3,1.94608e+07
25.7,29.4,2.12201e+07
25.7,29.5,2.30589e+07
25.7,29.6,2.49777e+07
25.7,29.7,2.69768e+07
25.7,29.8,2.90567e+07
25.7,29.9,3.12177e+07
25.7,30,3.34603e+07
25.7,30.1,3.57849e+07
25.7,30.2,3.81919e+07
25.7,30.3,4.06817e+07
25.7,30.4,4.32547e+07
25.7,30.5,4.59114e+07
25.7,30.6,4.86521e+07
25.7,30.7,5.14774e+07
25.7,30.8,5.43875e+07
25.7,30.9,5.73829e+07
25.7,31,6.04641e+07
25.7,31.1,6.36315e+07
25.7,31.2,6.68854e+07
25.7,31.3,7.02263e+07
25.7,31.4,7.36547e+07
25.7,31.5,7.71709e+07
25.7,31.6,8.07753e+07
25.7,31.7,8.44685e+07
25.7,31.8,8.82508e+07
25.7,31.9,9.21226e+07
25.7,32,9.60844e+07
25.7,32.1,1.00137e+08
25.7,32.2,1.0428e+08
25.7,32.3,1.08514e+08
25.7,32.4,1.1284e+08
25.7,32.5,1.17258e+08
25.7,32.6,1.21769e+08
25.7,32.7,1.26372e+08
25.7,32.8,1.31069e+08
25.7,32.9,1.3586e+08
25.7,33,1.40746e+08
25.7,33.1,1.45726e+08
25.7,33.2,1.50801e+08
25.7,33.3,1.55971e+08
25.7,33.4,1.61238e+08
25.7,33.5,1.66601e+08
25.7,33.6,1.72061e+08
25.7,33.7,1.77619e+08
25.7,33.8,1.83274e+08
25.7,33.9,1.89027e+08
25.7,34,1.94879e+08
25.7,34.1,2.00831e+08
25.7,34.2,2.06881e+08
25.7,34.3,2.13032e+08
25.7,34.4,2.19283e+08
25.7,34.5,2.25635e+08
25.7,34.6,2.32089e+08
25.7,34.7,2.38644e+08
25.7,34.8,2.45301e+08
25.7,34.9,2.52061e+08
25.7,35,2.58925e+08
25.7,35.1,2.65891e+08
25.7,35.2,2.72962e+08
25.7,35.3,2.80138e+08
25.7,35.4,2.87418e+08
25.7,35.5,2.94803e+08
25.7,35.6,3.02295e+08
25.7,35.7,3.09892e+08
25.7,35.8,3.17597e+08
25.7,35.9,3.25409e+08
25.7,36,3.33328e+08
25.7,36.1,3.41355e+08
25.7,36.2,3.49491e+08
25.7,36.3,3.57736e+08
25.7,36.4,3.66091e+08
25.7,36.5,3.74555e+08
25.7,36.6,3.8313e+08
25.7,36.7,3.91816e+08
25.7,36.8,4.00613e+08
25.7,36.9,4.09522e+08
25.7,37,4.18543e+08
25.7,37.1,4.27676e+08
25.7,37.2,4.36923e+08
25.7,37.3,4.46284e+08
25.7,37.4,4.55759e+08
25.7,37.5,4.65348e+08
25.7,37.6,4.75053e+08
25.7,37.7,4.84872e+08
25.7,37.8,4.94808e+08
25.7,37.9,5.04861e+08
25.7,38,5.1503e+08
25.7,38.1,5.25317e+08
25.7,38.2,5.35721e+08
25.7,38.3,5.46244e+08
25.7,38.4,5.56886e+08
25.7,38.5,5.67647e+08
25.7,38.6,5.78528e+08
25.7,38.7,5.89529e+08
25.7,38.8,6.0065e+08
25.7,38.9,6.11893e+08
25.7,39,6.23258e+08
25.7,39.1,6.34745e+08
25.7,39.2,6.46354e+08
25.7,39.3,6.58087e+08
25.7,39.4,6.69943e+08
25.7,39.5,6.81923e+08
25.7,39.6,6.94028e+08
25.7,39.7,7.06258e+08
25.7,39.8,7.18613e+08
25.7,39.9,7.31094e+08
25.8,20,5.10713e+08
25.8,20.1,4.97118e+08
25.8,20.2,4.8366e+08
25.8,20.3,4.70341e+08
25.8,20.4,4.57163e+08
25.8,20.5,4.44128e+08
25.8,20.6,4.31239e+08
25.8,20.7,4.18496e+08
25.8,20.8,4.05903e+08
25.8,20.9,3.9346e+08
25.8,21,3.8117e+08
25.8,21.1,3.69035e+08
25.8,21.2,3.57056e+08
25.8,21.3,3.45236e+08
25.8,21.4,3.33577e+08
25.8,21.5,3.22081e+08
25.8,21.6,3.10749e+08
25.8,21.7,2.99584e+08
25.8,21.8,2.88588e+08
25.8,21.9,2.77762e+08
25.8,22,2.67109e+08
25.8,22.1,2.56631e+08
25.8,22.2,2.4633e+08
25.8,22.3,2.36207e+08
25.8,22.4,2.26266e+08
25.8,22.5,2.16507e+08
25.8,22.6,2.06933e+08
25.8,22.7,1.97547e+08
25.8,22.8,1.88349e+08
25.8,22.9,1.79343e+08
25.8,23,1.7053e+08
25.8,23.1,1.61912e+08
25.8,23.2,1.53492e+08
25.8,23.3,1.45271e+08
25.8,23.4,1.37253e+08
25.8,23.5,1.29438e+08
25.8,23.6,1.21829e+08
25.8,23.7,1.14428e+08
25.8,23.8,1.07237e+08
25.8,23.9,1.00259e+08
25.8,24,9.3495e+07
25.8,24.1,8.69479e+07
25.8,24.2,8.06197e+07
25.8,24.3,7.45125e+07
25.8,24.4,6.86285e+07
25.8,24.5,6.29699e+07
25.8,24.6,5.75389e+07
25.8,24.7,5.23376e+07
25.8,24.8,4.73684e+07
25.8,24.9,4.26333e+07
25.8,25,3.81347e+07
25.8,25.1,3.38747e+07
25.8,25.2,2.98556e+07
25.8,25.3,2.60796e+07
25.8,25.4,2.2549e+07
25.8,25.5,1.9266e+07
25.8,25.6,1.62329e+07
25.8,25.7,1.34518e+07
25.8,25.8,1.09252e+07
25.8,25.9,9.19396e+06
25.8,26,7.60829e+06
25.8,26.1,6.16937e+06
25.8,26.2,4.87834e+06
25.8,26.3,3.73636e+06
25.8,26.4,2.74459e+06
25.8,26.5,1.90419e+06
25.8,26.6,1.21631e+06
25.8,26.7,682131
25.8,26.8,302811
25.8,26.9,79523.9
25.8,27,13444.5
25.8,27.1,105749
25.8,27.2,357619
25.8,27.3,770236
25.8,27.4,585290
25.8,27.5,1.81602e+06
25.8,27.6,2.35955e+06
25.8,27.7,2.97574e+06
25.8,27.8,3.66502e+06
25.8,27.9,4.42776e+06
25.8,28,5.26438e+06
25.8,28.1,6.17526e+06
25.8,28.2,7.16082e+06
25.8,28.3,8.22144e+06
25.8,28.4,9.35753e+06
25.8,28.5,1.05695e+07
25.8,28.6,1.18577e+07
25.8,28.7,1.32226e+07
25.8,28.8,1.46646e+07
25.8,28.9,1.61841e+07
25.8,29,1.77815e+07
25.8,29.1,1.94571e+07
25.8,29.2,2.12115e+07
25.8,29.3,2.3045e+07
25.8,29.4,2.4958e+07
25.8,29.5,2.69509e+07
25.8,29.6,2.90242e+07
25.8,29.7,3.11782e+07
25.8,29.8,3.34134e+07
25.8,29.9,3.57302e+07
25.8,30,3.81289e+07
25.8,30.1,4.061e+07
25.8,30.2,4.3174e+07
25.8,30.3,4.58211e+07
25.8,30.4,4.8552e+07
25.8,30.5,5.13668e+07
25.8,30.6,5.42662e+07
25.8,30.7,5.72504e+07
25.8,30.8,6.032e+07
25.8,30.9,6.34753e+07
25.8,31,6.67167e+07
25.8,31.1,7.00448e+07
25.8,31.2,7.34598e+07
25.8,31.3,7.69622e+07
25.8,31.4,8.05525e+07
25.8,31.5,8.4231e+07
25.8,31.6,8.79982e+07
25.8,31.7,9.18546e+07
25.8,31.8,9.58004e+07
25.8,31.9,9.98363e+07
25.8,32,1.03962e+08
25.8,32.1,1.0818e+08
25.8,32.2,1.12488e+08
25.8,32.3,1.16888e+08
25.8,32.4,1.2138e+08
25.8,32.5,1.25965e+08
25.8,32.6,1.30642e+08
25.8,32.7,1.35413e+08
25.8,32.8,1.40278e+08
25.8,32.9,1.45237e+08
25.8,33,1.50291e+08
25.8,33.1,1.5544e+08
25.8,33.2,1.60684e+08
25.8,33.3,1.66025e+08
25.8,33.4,1.71462e+08
25.8,33.5,1.76996e+08
25.8,33.6,1.82627e+08
25.8,33.7,1.88356e+08
25.8,33.8,1.94183e+08
25.8,33.9,2.00109e+08
25.8,34,2.06134e+08
25.8,34.1,2.12258e+08
25.8,34.2,2.18483e+08
25.8,34.3,2.24808e+08
25.8,34.4,2.31234e+08
25.8,34.5,2.37761e+08
25.8,34.6,2.44389e+08
25.8,34.7,2.5112e+08
25.8,34.8,2.57954e+08
25.8,34.9,2.64891e+08
25.8,35,2.71931e+08
25.8,35.1,2.79076e+08
25.8,35.2,2.86324e+08
25.8,35.3,2.93678e+08
25.8,35.4,3.01137e+08
25.8,35.5,3.08702e+08
25.8,35.6,3.16373e+08
25.8,35.7,3.24151e+08
25.8,35.8,3.32036e+08
25.8,35.9,3.40029e+08
25.8,36,3.48129e+08
25.8,36.1,3.56338e+08
25.8,36.2,3.64657e+08
25.8,36.3,3.73084e+08
25.8,36.4,3.81622e+08
25.8,36.5,3.9027e+08
25.8,36.6,3.99029e+08
25.8,36.7,4.07899e+08
25.8,36.8,4.16881e+08
25.8,36.9,4.25975e+08
25.8,37,4.35182e+08
25.8,37.1,4.44502e+08
25.8,37.2,4.53936e+08
25.8,37.3,4.63483e+08
25.8,37.4,4.73146e+08
25.8,37.5,4.82923e+08
25.8,37.6,4.92816e+08
25.8,37.7,5.02824e+08
25.8,37.8,5.12949e+08
25.8,37.9,5.23192e+08
25.8,38,5.33551e+08
25.8,38.1,5.44028e+08
25.8,38.2,5.54624e+08
25.8,38.3,5.65338e+08
25.8,38.4,5.76172e+08
25.8,38.5,5.87125e+08
25.8,38.6,5.98199e+08
25.8,38.7,6.09393e+08
25.8,38.8,6.20708e+08
25.8,38.9,6.32145e+08
25.8,39,6.43705e+08
25.8,39.1,6.55386e+08
25.8,39.2,6.67191e+08
25.8,39.3,6.7912e+08
25.8,39.4,6.91172e+08
25.8,39.5,7.03349e+08
25.8,39.6,7.15651e+08
25.8,39.7,7.28079e+08
25.8,39.8,7.40632e+08
25.8,39.9,7.53312e+08
25.9,20,4.9796e+08
25.9,20.1,4.84529e+08
25.9,20.2,4.71236e+08
25.9,20.3,4.58083e+08
25.9,20.4,4.45072e+08
25.9,20.5,4.32205e+08
25.9,20.6,4.19484e+08
25.9,20.7,4.0691e+08
25.9,20.8,3.94486e+08
25.9,20.9,3.82214e+08
25.9,21,3.70096e+08
25.9,21.1,3.58133e+08
25.9,21.2,3.46328e+08
25.9,21.3,3.34682e+08
25.9,21.4,3.23198e+08
25.9,21.5,3.11877e+08
25.9,21.6,3.00722e+08
25.9,21.7,2.89734e+08
25.9,21.8,2.78916e+08
25.9,21.9,2.6827e+08
25.9,22,2.57797e+08
25.9,22.1,2.47499e+08
25.9,22.2,2.37379e+08
25.9,22.3,2.27439e+08
25.9,22.4,2.1768e+08
25.9,22.5,2.08106e+08
25.9,22.6,1.98717e+08
25.9,22.7,1.89516e+08
25.9,22.8,1.80505e+08
25.9,22.9,1.71686e+08
25.9,23,1.63061e+08
25.9,23.1,1.54632e+08
25.9,23.2,1.46402e+08
25.9,23.3,1.38372e+08
25.9,23.4,1.30545e+08
25.9,23.5,1.22922e+08
25.9,23.6,1.15506e+08
25.9,23.7,1.08299e+08
25.9,23.8,1.01304e+08
25.9,23.9,9.4521e+07
25.9,24,8.79538e+07
25.9,24.1,8.16042e+07
25.9,24.2,7.54742e+07
25.9,24.3,6.95662e+07
25.9,24.4,6.38821e+07
25.9,24.5,5.84244e+07
25.9,24.6,5.3195e+07
25.9,24.7,4.81964e+07
25.9,24.8,4.34305e+07
25.9,24.9,3.88997e+07
25.9,25,3.46062e+07
25.9,25.1,3.05523e+07
25.9,25.2,2.674e+07
25.9,25.3,2.31717e+07
25.9,25.4,1.98497e+07
25.9,25.5,1.67761e+07
25.9,25.6,1.39532e+07
25.9,25.7,1.13834e+07
25.9,25.8,9.06882e+06
25.9,25.9,7.0118e+06
25.9,26,5.636e+06
25.9,26.1,4.40768e+06
25.9,26.2,3.32798e+06
25.9,26.3,2.39806e+06
25.9,26.4,1.61907e+06
25.9,26.5,992188
25.9,26.6,518564
25.9,26.7,199367
25.9,26.8,35765.7
25.9,26.9,28932.3
25.9,27,180042
25.9,27.1,490272
25.9,27.2,960803
25.9,27.3,1.59282e+06
25.9,27.4,1.3201e+06
25.9,27.5,3.0054e+06
25.9,27.6,3.69598e+06
25.9,27.7,4.45964e+06
25.9,27.8,5.29678e+06
25.9,27.9,6.2078e+06
25.9,28,7.19308e+06
25.9,28.1,8.25305e+06
25.9,28.2,9.38808e+06
25.9,28.3,1.05986e+07
25.9,28.4,1.1885e+07
25.9,28.5,1.32476e+07
25.9,28.6,1.4687e+07
25.9,28.7,1.62034e+07
25.9,28.8,1.77973e+07
25.9,28.9,1.94691e+07
25.9,29,2.12192e+07
25.9,29.1,2.3048e+07
25.9,29.2,2.49559e+07
25.9,29.3,2.69434e+07
25.9,29.4,2.90107e+07
25.9,29.5,3.11584e+07
25.9,29.6,3.33869e+07
25.9,29.7,3.56965e+07
25.9,29.8,3.80877e+07
25.9,29.9,4.05608e+07
25.9,30,4.31164e+07
25.9,30.1,4.57548e+07
25.9,30.2,4.84764e+07
25.9,30.3,5.12816e+07
25.9,30.4,5.41709e+07
25.9,30.5,5.71446e+07
25.9,30.6,6.02033e+07
25.9,30.7,6.33473e+07
25.9,30.8,6.65769e+07
25.9,30.9,6.98928e+07
25.9,31,7.32952e+07
25.9,31.1,7.67846e+07
25.9,31.2,8.03614e+07
25.9,31.3,8.4026e+07
25.9,31.4,8.77789e+07
25.9,31.5,9.16204e+07
25.9,31.6,9.55511e+07
25.9,31.7,9.95713e+07
25.9,31.8,1.03681e+08
25.9,31.9,1.07882e+08
25.9,32,1.12173e+08
25.9,32.1,1.16556e+08
25.9,32.2,1.2103e+08
25.9,32.3,1.25597e+08
25.9,32.4,1.30255e+08
25.9,32.5,1.35007e+08
25.9,32.6,1.39853e+08
25.9,32.7,1.44792e+08
25.9,32.8,1.49825e+08
25.9,32.9,1.54953e+08
25.9,33,1.60176e+08
25.9,33.1,1.65495e+08
25.9,33.2,1.70909e+08
25.9,33.3,1.76421e+08
25.9,33.4,1.82029e+08
25.9,33.5,1.87734e+08
25.9,33.6,1.93537e+08
25.9,33.7,1.99438e+08
25.9,33.8,2.05438e+08
25.9,33.9,2.11537e+08
25.9,34,2.17736e+08
25.9,34.1,2.24034e+08
25.9,34.2,2.30433e+08
25.9,34.3,2.36933e+08
25.9,34.4,2.43534e+08
25.9,34.5,2.50237e+08
25.9,34.6,2.57041e+08
25.9,34.7,2.63949e+08
25.9,34.8,2.7096e+08
25.9,34.9,2.78074e+08
25.9,35,2.85292e+08
25.9,35.1,2.92615e+08
25.9,35.2,3.00042e+08
25.9,35.3,3.07575e+08
25.9,35.4,3.15214e+08
25.9,35.5,3.22958e+08
25.9,35.6,3.3081e+08
25.9,35.7,3.38769e+08
25.9,35.8,3.46835e+08
25.9,35.9,3.55009e+08
25.9,36,3.63292e+08
25.9,36.1,3.71684e+08
25.9,36.2,3.80185e+08
25.9,36.3,3.88797e+08
25.9,36.4,3.97518e+08
25.9,36.5,4.0635e+08
25.9,36.6,4.15294e+08
25.9,36.7,4.24349e+08
25.9,36.8,4.33517e+08
25.9,36.9,4.42797e+08
25.9,37,4.5219e+08
25.9,37.1,4.61697e+08
25.9,37.2,4.71318e+08
25.9,37.3,4.81054e+08
25.9,37.4,4.90904e+08
25.9,37.5,5.0087e+08
25.9,37.6,5.10952e+08
25.9,37.7,5.21151e+08
25.9,37.8,5.31466e+08
25.9,37.9,5.41898e+08
25.9,38,5.52449e+08
25.9,38.1,5.63117e+08
25.9,38.2,5.73904e+08
25.9,38.3,5.84811e+08
25.9,38.4,5.95837e+08
25.9,38.5,6.06984e+08
25.9,38.6,6.18251e+08
25.9,38.7,6.29639e+08
25.9,38.8,6.41149e+08
25.9,38.9,6.52781e+08
25.9,39,6.64535e+08
25.9,39.1,6.76413e+08
25.9,39.2,6.88414e+08
25.9,39.3,7.00539e+08
25.9,39.4,7.12789e+08
25.9,39.5,7.25163e+08
25.9,39.6,7.37663e+08
25.9,39.7,7.50289e+08
25.9,39.8,7.63041e+08
25.9,39.9,7.75921e+08
26,20,4.85337e+08
26,20.1,4.72071e+08
26,20.2,4.58944e+08
26,20.3,4.45957e+08
26,20.4,4.33114e+08
26,20.5,4.20415e+08
26,20.6,4.07863e+08
26,20.7,3.95459e+08
26,20.8,3.83206e+08
26,20.9,3.71105e+08
26,21,3.59159e+08
26,21.1,3.47369e+08
26,21.2,3.35738e+08
26,21.3,3.24267e+08
26,21.4,3.12958e+08
26,21.5,3.01814e+08
26,21.6,2.90836e+08
26,21.7,2.80026e+08
26,21.8,2.69387e+08
26,21.9,2.5892e+08
26,22,2.48627e+08
26,22.1,2.38511e+08
26,22.2,2.28573e+08
26,22.3,2.18816e+08
26,22.4,2.09241e+08
26,22.5,1.99851e+08
26,22.6,1.90648e+08
26,22.7,1.81633e+08
26,22.8,1.72809e+08
26,22.9,1.64178e+08
26,23,1.55742e+08
26,23.1,1.47503e+08
26,23.2,1.39463e+08
26,23.3,1.31625e+08
26,23.4,1.23989e+08
26,23.5,1.1656e+08
26,23.6,1.09338e+08
26,23.7,1.02326e+08
26,23.8,9.55254e+07
26,23.9,8.89392e+07
26,24,8.25693e+07
26,24.1,7.64177e+07
26,24.2,7.04868e+07
26,24.3,6.47785e+07
26,24.4,5.92952e+07
26,24.5,5.40389e+07
26,24.6,4.9012e+07
26,24.7,4.42165e+07
26,24.8,3.96548e+07
26,24.9,3.5329e+07
26,25,3.12413e+07
26,25.1,2.7394e+07
26,25.2,2.37893e+07
26,25.3,2.04294e+07
26,25.4,1.73167e+07
26,25.5,1.44532e+07
26,25.6,1.18414e+07
26,25.7,9.48342e+06
26,25.8,7.3816e+06
26,25.9,5.5382e+06
26,26,3.95551e+06
26,26.1,2.93863e+06
26,26.2,2.0711e+06
26,26.3,1.35409e+06
26,26.4,788744
26,26.5,376230
26,26.6,117710
26,26.7,14352.6
26,26.8,67326.2
26,26.9,277804
26,27,646961
26,27.1,1.17598e+06
26,27.2,1.86603e+06
26,27.3,2.71831e+06
26,27.4,2.35785e+06
26,27.5,4.49922e+06
26,27.6,5.33753e+06
26,27.7,6.24932e+06
26,27.8,7.23499e+06
26,27.9,8.29494e+06
26,28,9.42957e+06
26,28.1,1.06393e+07
26,28.2,1.19245e+07
26,28.3,1.32855e+07
26,28.4,1.47229e+07
26,28.5,1.62369e+07
26,28.6,1.7828e+07
26,28.7,1.94966e+07
26,28.8,2.12431e+07
26,28.9,2.30679e+07
26,29,2.49714e+07
26,29.1,2.69541e+07
26,29.2,2.90162e+07
26,29.3,3.11583e+07
26,29.4,3.33807e+07
26,29.5,3.56839e+07
26,29.6,3.80682e+07
26,29.7,4.05341e+07
26,29.8,4.30819e+07
26,29.9,4.57122e+07
26,30,4.84253e+07
26,30.1,5.12216e+07
26,30.2,5.41015e+07
26,30.3,5.70655e+07
26,30.4,6.01139e+07
26,30.5,6.32473e+07
26,30.6,6.64659e+07
26,30.7,6.97703e+07
26,30.8,7.31608e+07
26,30.9,7.66378e+07
26,31,8.02019e+07
26,31.1,8.38533e+07
26,31.2,8.75926e+07
26,31.3,9.14202e+07
26,31.4,9.53364e+07
26,31.5,9.93417e+07
26,31.6,1.03436e+08
26,31.7,1.07621e+08
26,31.8,1.11896e+08
26,31.9,1.16262e+08
26,32,1.2072e+08
26,32.1,1.25268e+08
26,32.2,1.29909e+08
26,32.3,1.34643e+08
26,32.4,1.39469e+08
26,32.5,1.44389e+08
26,32.6,1.49402e+08
26,32.7,1.5451e+08
26,32.8,1.59713e+08
26,32.9,1.6501e+08
26,33,1.70404e+08
26,33.1,1.75893e+08
26,33.2,1.81478e+08
26,33.3,1.87161e+08
26,33.4,1.92941e+08
26,33.5,1.98818e+08
26,33.6,2.04794e+08
26,33.7,2.10868e+08
26,33.8,2.17041e+08
26,33.9,2.23314e+08
26,34,2.29687e+08
26,34.1,2.3616e+08
26,34.2,2.42734e+08
26,34.3,2.49409e+08
26,34.4,2.56186e+08
26,34.5,2.63066e+08
26,34.6,2.70047e+08
26,34.7,2.77132e+08
26,34.8,2.84321e+08
26,34.9,2.91613e+08
26,35,2.9901e+08
26,35.1,3.06511e+08
26,35.2,3.14118e+08
26,35.3,3.21831e+08
26,35.4,3.2965e+08
26,35.5,3.37575e+08
26,35.6,3.45608e+08
26,35.7,3.53748e+08
26,35.8,3.61997e+08
26,35.9,3.70354e+08
26,36,3.78819e+08
26,36.1,3.87395e+08
26,36.2,3.9608e+08
26,36.3,4.04875e+08
26,36.4,4.13781e+08
26,36.5,4.22799e+08
26,36.6,4.31928e+08
26,36.7,4.41169e+08
26,36.8,4.50523e+08
26,36.9,4.5999e+08
26,37,4.69571e+08
26,37.1,4.79265e+08
26,37.2,4.89074e+08
26,37.3,4.98998e+08
26,37.4,5.09038e+08
26,37.5,5.19193e+08
26,37.6,5.29465e+08
26,37.7,5.39854e+08
26,37.8,5.5036e+08
26,37.9,5.60983e+08
26,38,5.71725e+08
26,38.1,5.82586e+08
26,38.2,5.93566e+08
26,38.3,6.04665e+08
26,38.4,6.15885e+08
26,38.5,6.27225e+08
26,38.6,6.38687e+08
26,38.7,6.5027e+08
26,38.8,6.61975e+08
26,38.9,6.73802e+08
26,39,6.85753e+08
26,39.1,6.97827e+08
26,39.2,7.10025e+08
26,39.3,7.22348e+08
26,39.4,7.34795e+08
26,39.5,7.47368e+08
26,39.6,7.60067e+08
26,39.7,7.72892e+08
26,39.8,7.85844e+08
26,39.9,7.98923e+08
26.1,20,4.72846e+08
26.1,20.1,4.59746e+08
26.1,20.2,4.46785e+08
26.1,20.3,4.33966e+08
26.1,20.4,4.2129e+08
26.1,20.5,4.0876e+08
26.1,20.6,3.96377e+08
26.1,20.7,3.84144e+08
26.1,20.8,3.72062e+08
26.1,20.9,3.60133e+08
26.1,21,3.4836e+08
26.1,21.1,3.36744e+08
26.1,21.2,3.25287e+08
26.1,21.3,3.13991e+08
26.1,21.4,3.02859e+08
26.1,21.5,2.91891e+08
26.1,21.6,2.81091e+08
26.1,21.7,2.7046e+08
26.1,21.8,2.6e+08
26.1,21.9,2.49714e+08
26.1,22,2.39602e+08
26.1,22.1,2.29668e+08
26.1,22.2,2.19913e+08
26.1,22.3,2.10339e+08
26.1,22.4,2.00949e+08
26.1,22.5,1.91744e+08
26.1,22.6,1.82727e+08
26.1,22.7,1.73899e+08
26.1,22.8,1.65263e+08
26.1,22.9,1.5682e+08
26.1,23,1.48574e+08
26.1,23.1,1.40525e+08
26.1,23.2,1.32677e+08
26.1,23.3,1.2503e+08
26.1,23.4,1.17588e+08
26.1,23.5,1.10352e+08
26.1,23.6,1.03324e+08
26.1,23.7,9.65077e+07
26.1,23.8,8.99037e+07
26.1,23.9,8.35146e+07
26.1,24,7.73426e+07
26.1,24.1,7.13898e+07
26.1,24.2,6.56585e+07
26.1,24.3,6.01508e+07
26.1,24.4,5.48688e+07
26.1,24.5,4.98148e+07
26.1,24.6,4.49909e+07
26.1,24.7,4.03994e+07
26.1,24.8,3.60425e+07
26.1,24.9,3.19223e+07
26.1,25,2.80411e+07
26.1,25.1,2.44012e+07
26.1,25.2,2.10048e+07
26.1,25.3,1.7854e+07
26.1,25.4,1.49512e+07
26.1,25.5,1.22986e+07
26.1,25.6,9.89853e+06
26.1,25.7,7.75316e+06
26.1,25.8,5.8648e+06
26.1,25.9,4.23574e+06
26.1,26,2.86826e+06
26.1,26.1,1.76466e+06
26.1,26.2,1.11015e+06
26.1,26.3,606891
26.1,26.4,256035
26.1,26.5,58743.3
26.1,26.6,16182.3
26.1,26.7,129519
26.1,26.8,399925
26.1,26.9,828571
26.1,27,1.41664e+06
26.1,27.1,2.1653e+06
26.1,27.2,3.07574e+06
26.1,27.3,4.14915e+06
26.1,27.4,3.70098e+06
26.1,27.5,6.29992e+06
26.1,27.6,7.28662e+06
26.1,27.7,8.34721e+06
26.1,27.8,9.48209e+06
26.1,27.9,1.06916e+07
26.1,28,1.19763e+07
26.1,28.1,1.33364e+07
26.1,28.2,1.47724e+07
26.1,28.3,1.62847e+07
26.1,28.4,1.78737e+07
26.1,28.5,1.95398e+07
26.1,28.6,2.12834e+07
26.1,28.7,2.31048e+07
26.1,28.8,2.50046e+07
26.1,28.9,2.69831e+07
26.1,29,2.90407e+07
26.1,29.1,3.11778e+07
26.1,29.2,3.33949e+07
26.1,29.3,3.56923e+07
26.1,29.4,3.80704e+07
26.1,29.5,4.05297e+07
26.1,29.6,4.30706e+07
26.1,29.7,4.56934e+07
26.1,29.8,4.83987e+07
26.1,29.9,5.11867e+07
26.1,30,5.4058e+07
26.1,30.1,5.70129e+07
26.1,30.2,6.00518e+07
26.1,30.3,6.31753e+07
26.1,30.4,6.63836e+07
26.1,30.5,6.96772e+07
26.1,30.6,7.30565e+07
26.1,30.7,7.6522e+07
26.1,30.8,8.0074e+07
26.1,30.9,8.3713e+07
26.1,31,8.74394e+07
26.1,31.1,9.12536e+07
26.1,31.2,9.51561e+07
26.1,31.3,9.91472e+07
26.1,31.4,1.03227e+08
26.1,31.5,1.07397e+08
26.1,31.6,1.11657e+08
26.1,31.7,1.16007e+08
26.1,31.8,1.20448e+08
26.1,31.9,1.2498e+08
26.1,32,1.29603e+08
26.1,32.1,1.34319e+08
26.1,32.2,1.39128e+08
26.1,32.3,1.44029e+08
26.1,32.4,1.49023e+08
26.1,32.5,1.54112e+08
26.1,32.6,1.59294e+08
26.1,32.7,1.64572e+08
26.1,32.8,1.69944e+08
26.1,32.9,1.75412e+08
26.1,33,1.80976e+08
26.1,33.1,1.86636e+08
26.1,33.2,1.92394e+08
26.1,33.3,1.98248e+08
26.1,33.4,2.042e+08
26.1,33.5,2.10251e+08
26.1,33.6,2.164e+08
26.1,33.7,2.22648e+08
26.1,33.8,2.28995e+08
26.1,33.9,2.35443e+08
26.1,34,2.4199e+08
26.1,34.1,2.48639e+08
26.1,34.2,2.55389e+08
26.1,34.3,2.6224e+08
26.1,34.4,2.69194e+08
26.1,34.5,2.76251e+08
26.1,34.6,2.8341e+08
26.1,34.7,2.90673e+08
26.1,34.8,2.9804e+08
26.1,34.9,3.05511e+08
26.1,35,3.13087e+08
26.1,35.1,3.20768e+08
26.1,35.2,3.28555e+08
26.1,35.3,3.36449e+08
26.1,35.4,3.44448e+08
26.1,35.5,3.52556e+08
26.1,35.6,3.6077e+08
26.1,35.7,3.69093e+08
26.1,35.8,3.77524e+08
26.1,35.9,3.86064e+08
26.1,36,3.94713e+08
26.1,36.1,4.03473e+08
26.1,36.2,4.12342e+08
26.1,36.3,4.21322e+08
26.1,36.4,4.30414e+08
26.1,36.5,4.39617e+08
26.1,36.6,4.48933e+08
26.1,36.7,4.5836e+08
26.1,36.8,4.67902e+08
26.1,36.9,4.77556e+08
26.1,37,4.87325e+08
26.1,37.1,4.97208e+08
26.1,37.2,5.07206e+08
26.1,37.3,5.17319e+08
26.1,37.4,5.27548e+08
26.1,37.5,5.37894e+08
26.1,37.6,5.48357e+08
26.1,37.7,5.58936e+08
26.1,37.8,5.69634e+08
26.1,37.9,5.80449e+08
26.1,38,5.91384e+08
26.1,38.1,6.02437e+08
26.1,38.2,6.1361e+08
26.1,38.3,6.24904e+08
26.1,38.4,6.36318e+08
26.1,38.5,6.47852e+08
26.1,38.6,6.59509e+08
26.1,38.7,6.71287e+08
26.1,38.8,6.83188e+08
26.1,38.9,6.95212e+08
26.1,39,7.0736e+08
26.1,39.1,7.19631e+08
26.1,39.2,7.32027e+08
26.1,39.3,7.44548e+08
26.1,39.4,7.57194e+08
26.1,39.5,7.69966e+08
26.1,39.6,7.82864e+08
26.1,39.7,7.95889e+08
26.1,39.8,8.09041e+08
26.1,39.9,8.22322e+08
26.2,20,4.60488e+08
26.2,20.1,4.47554e+08
26.2,20.2,4.3476e+08
26.2,20.3,4.22108e+08
26.2,20.4,4.09601e+08
26.2,20.5,3.97241e+08
26.2,20.6,3.85028e+08
26.2,20.7,3.72966e+08
26.2,20.8,3.61056e+08
26.2,20.9,3.493e+08
26.2,21,3.377e+08
26.2,21.1,3.26259e+08
26.2,21.2,3.14977e+08
26.2,21.3,3.03857e+08
26.2,21.4,2.92901e+08
26.2,21.5,2.82112e+08
26.2,21.6,2.7149e+08
26.2,21.7,2.61038e+08
26.2,21.8,2.50758e+08
26.2,21.9,2.40652e+08
26.2,22,2.30723e+08
26.2,22.1,2.20971e+08
26.2,22.2,2.114e+08
26.2,22.3,2.0201e+08
26.2,22.4,1.92805e+08
26.2,22.5,1.83786e+08
26.2,22.6,1.74956e+08
26.2,22.7,1.66315e+08
26.2,22.8,1.57868e+08
26.2,22.9,1.49615e+08
26.2,23,1.41558e+08
26.2,23.1,1.33701e+08
26.2,23.2,1.26044e+08
26.2,23.3,1.1859e+08
26.2,23.4,1.11341e+08
26.2,23.5,1.043e+08
26.2,23.6,9.74674e+07
26.2,23.7,9.08467e+07
26.2,23.8,8.44396e+07
26.2,23.9,7.82483e+07
26.2,24,7.22749e+07
26.2,24.1,6.65217e+07
26.2,24.2,6.09907e+07
26.2,24.3,5.56841e+07
26.2,24.4,5.06042e+07
26.2,24.5,4.57531e+07
26.2,24.6,4.1133e+07
26.2,24.7,3.67461e+07
26.2,24.8,3.25947e+07
26.2,24.9,2.86809e+07
26.2,25,2.5007e+07
26.2,25.1,2.15751e+07
26.2,25.2,1.83876e+07
26.2,25.3,1.54467e+07
26.2,25.4,1.27546e+07
26.2,25.5,1.03136e+07
26.2,25.6,8.1259e+06
26.2,25.7,6.19384e+06
26.2,25.8,4.51966e+06
26.2,25.9,3.10565e+06
26.2,26,1.9541e+06
26.2,26.1,1.0673e+06
26.2,26.2,447554
26.2,26.3,158897
26.2,26.4,23379.6
26.2,26.5,42164.5
26.2,26.6,216417
26.2,26.7,547305
26.2,26.8,1.036e+06
26.2,26.9,1.68368e+06
26.2,27,2.49151e+06
26.2,27.1,3.46068e+06
26.2,27.2,4.59237e+06
26.2,27.3,5.88777e+06
26.2,27.4,5.35193e+06
26.2,27.5,8.40994e+06
26.2,27.6,9.54571e+06
26.2,27.7,1.07558e+07
26.2,27.8,1.20405e+07
26.2,27.9,1.34004e+07
26.2,28,1.48357e+07
26.2,28.1,1.63469e+07
26.2,28.2,1.79344e+07
26.2,28.3,1.95986e+07
26.2,28.4,2.13399e+07
26.2,28.5,2.31587e+07
26.2,28.6,2.50554e+07
26.2,28.7,2.70305e+07
26.2,28.8,2.90842e+07
26.2,28.9,3.1217e+07
26.2,29,3.34294e+07
26.2,29.1,3.57217e+07
26.2,29.2,3.80943e+07
26.2,29.3,4.05477e+07
26.2,29.4,4.30823e+07
26.2,29.5,4.56984e+07
26.2,29.6,4.83965e+07
26.2,29.7,5.1177e+07
26.2,29.8,5.40403e+07
26.2,29.9,5.69868e+07
26.2,30,6.0017e+07
26.2,30.1,6.31312e+07
26.2,30.2,6.63299e+07
26.2,30.3,6.96134e+07
26.2,30.4,7.29823e+07
26.2,30.5,7.64369e+07
26.2,30.6,7.99776e+07
26.2,30.7,8.36048e+07
26.2,30.8,8.73191e+07
26.2,30.9,9.11207e+07
26.2,31,9.50101e+07
26.2,31.1,9.89878e+07
26.2,31.2,1.03054e+08
26.2,31.3,1.0721e+08
26.2,31.4,1.11455e+08
26.2,31.5,1.15789e+08
26.2,31.6,1.20215e+08
26.2,31.7,1.24731e+08
26.2,31.8,1.29338e+08
26.2,31.9,1.34037e+08
26.2,32,1.38828e+08
26.2,32.1,1.43711e+08
26.2,32.2,1.48688e+08
26.2,32.3,1.53757e+08
26.2,32.4,1.58921e+08
26.2,32.5,1.64179e+08
26.2,32.6,1.69531e+08
26.2,32.7,1.74978e+08
26.2,32.8,1.80522e+08
26.2,32.9,1.86161e+08
26.2,33,1.91896e+08
26.2,33.1,1.97728e+08
26.2,33.2,2.03658e+08
26.2,33.3,2.09685e+08
26.2,33.4,2.1581e+08
26.2,33.5,2.22034e+08
26.2,33.6,2.28357e+08
26.2,33.7,2.3478e+08
26.2,33.8,2.41302e+08
26.2,33.9,2.47925e+08
26.2,34,2.54648e+08
26.2,34.1,2.61473e+08
26.2,34.2,2.684e+08
26.2,34.3,2.75428e+08
26.2,34.4,2.82559e+08
26.2,34.5,2.89794e+08
26.2,34.6,2.97131e+08
26.2,34.7,3.04573e+08
26.2,34.8,3.12119e+08
26.2,34.9,3.1977e+08
26.2,35,3.27526e+08
26.2,35.1,3.35388e+08
26.2,35.2,3.43356e+08
26.2,35.3,3.5143e+08
26.2,35.4,3.59612e+08
26.2,35.5,3.67901e+08
26.2,35.6,3.76298e+08
26.2,35.7,3.84804e+08
26.2,35.8,3.93419e+08
26.2,35.9,4.02143e+08
26.2,36,4.10976e+08
26.2,36.1,4.1992e+08
26.2,36.2,4.28975e+08
26.2,36.3,4.38141e+08
26.2,36.4,4.47419e+08
26.2,36.5,4.56809e+08
26.2,36.6,4.66311e+08
26.2,36.7,4.75926e+08
26.2,36.8,4.85655e+08
26.2,36.9,4.95498e+08
26.2,37,5.05456e+08
26.2,37.1,5.15528e+08
26.2,37.2,5.25716e+08
26.2,37.3,5.36019e+08
26.2,37.4,5.46439e+08
26.2,37.5,5.56975e+08
26.2,37.6,5.67629e+08
26.2,37.7,5.78401e+08
26.2,37.8,5.8929e+08
26.2,37.9,6.00299e+08
26.2,38,6.11426e+08
26.2,38.1,6.22673e+08
26.2,38.2,6.34041e+08
26.2,38.3,6.45528e+08
26.2,38.4,6.57137e+08
26.2,38.5,6.68868e+08
26.2,38.6,6.8072e+08
26.2,38.7,6.92695e+08
26.2,38.8,7.04792e+08
26.2,38.9,7.17014e+08
26.2,39,7.29359e+08
26.2,39.1,7.41828e+08
26.2,39.2,7.54422e+08
26.2,39.3,7.67142e+08
26.2,39.4,7.79987e+08
26.2,39.5,7.92959e+08
26.2,39.6,8.06058e+08
26.2,39.7,8.19284e+08
26.2,39.8,8.32637e+08
26.2,39.9,8.46119e+08
26.3,20,4.48264e+08
26.3,20.1,4.35497e+08
26.3,20.2,4.2287e+08
26.3,20.3,4.10387e+08
26.3,20.4,3.98049e+08
26.3,20.5,3.85859e+08
26.3,20.6,3.73817e+08
26.3,20.7,3.61927e+08
26.3,20.8,3.50189e+08
26.3,20.9,3.38607e+08
26.3,21,3.27181e+08
26.3,21.1,3.15914e+08
26.3,21.2,3.04808e+08
26.3,21.3,2.93865e+08
26.3,21.4,2.83087e+08
26.3,21.5,2.72475e+08
26.3,21.6,2.62033e+08
26.3,21.7,2.51761e+08
26.3,21.8,2.41662e+08
26.3,21.9,2.31738e+08
26.3,22,2.2199e+08
26.3,22.1,2.12422e+08
26.3,22.2,2.03034e+08
26.3,22.3,1.9383e+08
26.3,22.4,1.84811e+08
26.3,22.5,1.75978e+08
26.3,22.6,1.67335e+08
26.3,22.7,1.58883e+08
26.3,22.8,1.50625e+08
26.3,22.9,1.42562e+08
26.3,23,1.34696e+08
26.3,23.1,1.2703e+08
26.3,23.2,1.19566e+08
26.3,23.3,1.12305e+08
26.3,23.4,1.05251e+08
26.3,23.5,9.84042e+07
26.3,23.6,9.17679e+07
26.3,23.7,8.53439e+07
26.3,23.8,7.91345e+07
26.3,23.9,7.31416e+07
26.3,24,6.73676e+07
26.3,24.1,6.18145e+07
26.3,24.2,5.64845e+07
26.3,24.3,5.13798e+07
26.3,24.4,4.65027e+07
26.3,24.5,4.18552e+07
26.3,24.6,3.74395e+07
26.3,24.7,3.3258e+07
26.3,24.8,2.93128e+07
26.3,24.9,2.5606e+07
26.3,25,2.214e+07
26.3,25.1,1.8917e+07
26.3,25.2,1.59391e+07
26.3,25.3,1.32087e+07
26.3,25.4,1.0728e+07
26.3,25.5,8.49929e+06
26.3,25.6,6.52475e+06
26.3,25.7,4.8067e+06
26.3,25.8,3.34741e+06
26.3,25.9,2.14917e+06
26.3,26,1.21426e+06
26.3,26.1,544987
26.3,26.2,143644
26.3,26.3,12544.9
26.3,26.4,93220.2
26.3,26.5,328935
26.3,26.6,720857
26.3,26.7,1.27015e+06
26.3,26.8,1.978e+06
26.3,26.9,2.84556e+06
26.3,27,3.87403e+06
26.3,27.1,5.06457e+06
26.3,27.2,6.41838e+06
26.3,27.3,7.93664e+06
26.3,27.4,7.31316e+06
26.3,27.5,1.08317e+07
26.3,27.6,1.21172e+07
26.3,27.7,1.34774e+07
26.3,27.8,1.49127e+07
26.3,27.9,1.64235e+07
26.3,28,1.80102e+07
26.3,28.1,1.96732e+07
26.3,28.2,2.14129e+07
26.3,28.3,2.32297e+07
26.3,28.4,2.5124e+07
26.3,28.5,2.70962e+07
26.3,28.6,2.91467e+07
26.3,28.7,3.12759e+07
26.3,28.8,3.34843e+07
26.3,28.9,3.57722e+07
26.3,29,3.814e+07
26.3,29.1,4.05882e+07
26.3,29.2,4.31171e+07
26.3,29.3,4.57272e+07
26.3,29.4,4.84188e+07
26.3,29.5,5.11925e+07
26.3,29.6,5.40485e+07
26.3,29.7,5.69873e+07
26.3,29.8,6.00094e+07
26.3,29.9,6.31151e+07
26.3,30,6.63048e+07
26.3,30.1,6.9579e+07
26.3,30.2,7.29381e+07
26.3,30.3,7.63825e+07
26.3,30.4,7.99126e+07
26.3,30.5,8.35288e+07
26.3,30.6,8.72316e+07
26.3,30.7,9.10214e+07
26.3,30.8,9.48985e+07
26.3,30.9,9.88635e+07
26.3,31,1.02917e+08
26.3,31.1,1.07058e+08
26.3,31.2,1.11289e+08
26.3,31.3,1.1561e+08
26.3,31.4,1.2002e+08
26.3,31.5,1.24521e+08
26.3,31.6,1.29112e+08
26.3,31.7,1.33795e+08
26.3,31.8,1.38569e+08
26.3,31.9,1.43436e+08
26.3,32,1.48395e+08
26.3,32.1,1.53447e+08
26.3,32.2,1.58592e+08
26.3,32.3,1.63831e+08
26.3,32.4,1.69164e+08
26.3,32.5,1.74592e+08
26.3,32.6,1.80115e+08
26.3,32.7,1.85733e+08
26.3,32.8,1.91447e+08
26.3,32.9,1.97258e+08
26.3,33,2.03166e+08
26.3,33.1,2.09171e+08
26.3,33.2,2.15273e+08
26.3,33.3,2.21474e+08
26.3,33.4,2.27773e+08
26.3,33.5,2.34171e+08
26.3,33.6,2.40669e+08
26.3,33.7,2.47267e+08
26.3,33.8,2.53965e+08
26.3,33.9,2.60763e+08
26.3,34,2.67663e+08
26.3,34.1,2.74665e+08
26.3,34.2,2.81769e+08
26.3,34.3,2.88975e+08
26.3,34.4,2.96285e+08
26.3,34.5,3.03697e+08
26.3,34.6,3.11214e+08
26.3,34.7,3.18835e+08
26.3,34.8,3.26561e+08
26.3,34.9,3.34392e+08
26.3,35,3.42329e+08
26.3,35.1,3.50372e+08
26.3,35.2,3.58522e+08
26.3,35.3,3.66778e+08
26.3,35.4,3.75143e+08
26.3,35.5,3.83615e+08
26.3,35.6,3.92195e+08
26.3,35.7,4.00885e+08
26.3,35.8,4.09684e+08
26.3,35.9,4.18592e+08
26.3,36,4.27611e+08
26.3,36.1,4.36741e+08
26.3,36.2,4.45982e+08
26.3,36.3,4.55334e+08
26.3,36.4,4.64799e+08
26.3,36.5,4.74376e+08
26.3,36.6,4.84066e+08
26.3,36.7,4.9387e+08
26.3,36.8,5.03787e+08
26.3,36.9,5.13819e+08
26.3,37,5.23966e+08
26.3,37.1,5.34228e+08
26.3,37.2,5.44606e+08
26.3,37.3,5.551e+08
26.3,37.4,5.65711e+08
26.3,37.5,5.7644e+08
26.3,37.6,5.87286e+08
26.3,37.7,5.9825e+08
26.3,37.8,6.09333e+08
26.3,37.9,6.20534e+08
26.3,38,6.31856e+08
26.3,38.1,6.43297e+08
26.3,38.2,6.54859e+08
26.3,38.3,6.66542e+08
26.3,38.4,6.78347e+08
26.3,38.5,6.90273e+08
26.3,38.6,7.02322e+08
26.3,38.7,7.14494e+08
26.3,38.8,7.26789e+08
26.3,38.9,7.39208e+08
26.3,39,7.51752e+08
26.3,39.1,7.6442e+08
26.3,39.2,7.77214e+08
26.3,39.3,7.90133e+08
26.3,39.4,8.03179e+08
26.3,39.5,8.16351e+08
26.3,39.6,8.29651e+08
26.3,39.7,8.43078e+08
26.3,39.8,8.56634e+08
26.3,39.9,8.70318e+08
26.4,20,4.36176e+08
26.4,20.1,4.23575e+08
26.4,20.2,4.11117e+08
26.4,20.3,3.98803e+08
26.4,20.4,3.86635e+08
26.4,20.5,3.74615e+08
26.4,20.6,3.62745e+08
26.4,20.7,3.51027e+08
26.4,20.8,3.39463e+08
26.4,20.9,3.28054e+08
26.4,21,3.16803e+08
26.4,21.1,3.05712e+08
26.4,21.2,2.94782e+08
26.4,21.3,2.84017e+08
26.4,21.4,2.73416e+08
26.4,21.5,2.62984e+08
26.4,21.6,2.52721e+08
26.4,21.7,2.4263e+08
26.4,21.8,2.32712e+08
26.4,21.9,2.2297e+08
26.4,22,2.13406e+08
26.4,22.1,2.04021e+08
26.4,22.2,1.94819e+08
26.4,22.3,1.858e+08
26.4,22.4,1.76967e+08
26.4,22.5,1.68322e+08
26.4,22.6,1.59867e+08
26.4,22.7,1.51604e+08
26.4,22.8,1.43535e+08
26.4,22.9,1.35663e+08
26.4,23,1.27989e+08
26.4,23.1,1.20515e+08
26.4,23.2,1.13244e+08
26.4,23.3,1.06177e+08
26.4,23.4,9.93176e+07
26.4,23.5,9.26669e+07
26.4,23.6,8.62272e+07
26.4,23.7,8.00007e+07
26.4,23.8,7.39895e+07
26.4,23.9,6.81958e+07
26.4,24,6.26217e+07
26.4,24.1,5.72695e+07
26.4,24.2,5.21412e+07
26.4,24.3,4.72392e+07
26.4,24.4,4.25654e+07
26.4,24.5,3.81222e+07
26.4,24.6,3.39118e+07
26.4,24.7,2.99363e+07
26.4,24.8,2.61979e+07
26.4,24.9,2.26989e+07
26.4,25,1.94415e+07
26.4,25.1,1.6428e+07
26.4,25.2,1.36605e+07
26.4,25.3,1.11414e+07
26.4,25.4,8.87276e+06
26.4,25.5,6.85699e+06
26.4,25.6,5.09631e+06
26.4,25.7,3.59299e+06
26.4,25.8,2.34931e+06
26.4,25.9,1.36755e+06
26.4,26,650007
26.4,26.1,198972
26.4,26.2,16751.9
26.4,26.3,105657
26.4,26.4,468004
26.4,26.5,921505
26.4,26.6,1.53195e+06
26.4,26.7,2.30052e+06
26.4,26.8,3.22837e+06
26.4,26.9,4.31669e+06
26.4,27,5.56665e+06
26.4,27.1,6.97943e+06
26.4,27.2,8.55622e+06
26.4,27.3,1.02982e+07
26.4,27.4,9.58713e+06
26.4,27.5,1.35678e+07
26.4,27.6,1.50037e+07
26.4,27.7,1.65147e+07
26.4,27.8,1.81012e+07
26.4,27.9,1.97636e+07
26.4,28,2.15024e+07
26.4,28.1,2.33178e+07
26.4,28.2,2.52104e+07
26.4,28.3,2.71804e+07
26.4,28.4,2.92284e+07
26.4,28.5,3.13547e+07
26.4,28.6,3.35597e+07
26.4,28.7,3.58438e+07
26.4,28.8,3.82075e+07
26.4,28.9,4.06511e+07
26.4,29,4.3175e+07
26.4,29.1,4.57797e+07
26.4,29.2,4.84656e+07
26.4,29.3,5.12331e+07
26.4,29.4,5.40825e+07
26.4,29.5,5.70143e+07
26.4,29.6,6.0029e+07
26.4,29.7,6.31269e+07
26.4,29.8,6.63084e+07
26.4,29.9,6.95739e+07
26.4,30,7.29239e+07
26.4,30.1,7.63588e+07
26.4,30.2,7.9879e+07
26.4,30.3,8.34849e+07
26.4,30.4,8.71769e+07
26.4,30.5,9.09555e+07
26.4,30.6,9.48211e+07
26.4,30.7,9.8774e+07
26.4,30.8,1.02815e+08
26.4,30.9,1.06944e+08
26.4,31,1.11161e+08
26.4,31.1,1.15468e+08
26.4,31.2,1.19864e+08
26.4,31.3,1.2435e+08
26.4,31.4,1.28927e+08
26.4,31.5,1.33594e+08
26.4,31.6,1.38353e+08
26.4,31.7,1.43203e+08
26.4,31.8,1.48145e+08
26.4,31.9,1.5318e+08
26.4,32,1.58307e+08
26.4,32.1,1.63528e+08
26.4,32.2,1.68843e+08
26.4,32.3,1.74252e+08
26.4,32.4,1.79755e+08
26.4,32.5,1.85354e+08
26.4,32.6,1.91048e+08
26.4,32.7,1.96838e+08
26.4,32.8,2.02724e+08
26.4,32.9,2.08707e+08
26.4,33,2.14788e+08
26.4,33.1,2.20966e+08
26.4,33.2,2.27242e+08
26.4,33.3,2.33617e+08
26.4,33.4,2.40091e+08
26.4,33.5,2.46664e+08
26.4,33.6,2.53338e+08
26.4,33.7,2.60111e+08
26.4,33.8,2.66986e+08
26.4,33.9,2.73961e+08
26.4,34,2.81038e+08
26.4,34.1,2.88217e+08
26.4,34.2,2.95499e+08
26.4,34.3,3.02884e+08
26.4,34.4,3.10372e+08
26.4,34.5,3.17965e+08
26.4,34.6,3.25661e+08
26.4,34.7,3.33462e+08
26.4,34.8,3.41369e+08
26.4,34.9,3.49381e+08
26.4,35,3.57499e+08
26.4,35.1,3.65724e+08
26.4,35.2,3.74056e+08
26.4,35.3,3.82496e+08
26.4,35.4,3.91043e+08
26.4,35.5,3.99699e+08
26.4,35.6,4.08464e+08
26.4,35.7,4.17338e+08
26.4,35.8,4.26322e+08
26.4,35.9,4.35416e+08
26.4,36,4.44621e+08
26.4,36.1,4.53937e+08
26.4,36.2,4.63364e+08
26.4,36.3,4.72904e+08
26.4,36.4,4.82556e+08
26.4,36.5,4.92321e+08
26.4,36.6,5.022e+08
26.4,36.7,5.12192e+08
26.4,36.8,5.22299e+08
26.4,36.9,5.32521e+08
26.4,37,5.42858e+08
26.4,37.1,5.53311e+08
26.4,37.2,5.6388e+08
26.4,37.3,5.74566e+08
26.4,37.4,5.85369e+08
26.4,37.5,5.9629e+08
26.4,37.6,6.07328e+08
26.4,37.7,6.18486e+08
26.4,37.8,6.29763e+08
26.4,37.9,6.41159e+08
26.4,38,6.52675e+08
26.4,38.1,6.64311e+08
26.4,38.2,6.76069e+08
26.4,38.3,6.87948e+08
26.4,38.4,6.99949e+08
26.4,38.5,7.12072e+08
26.4,38.6,7.24319e+08
26.4,38.7,7.36688e+08
26.4,38.8,7.49182e+08
26.4,38.9,7.61799e+08
26.4,39,7.74542e+08
26.4,39.1,7.8741e+08
26.4,39.2,8.00403e+08
26.4,39.3,8.13523e+08
26.4,39.4,8.2677e+08
26.4,39.5,8.40144e+08
26.4,39.6,8.53645e+08
26.4,39.7,8.67275e+08
26.4,39.8,8.81033e+08
26.4,39.9,8.94921e+08
26.5,20,4.24224e+08
26.5,20.1,4.11791e+08
26.5,20.2,3.99502e+08
26.5,20.3,3.87358e+08
26.5,20.4,3.7536e+08
26.5,20.5,3.63512e+08
26.5,20.6,3.51814e+08
26.5,20.7,3.40268e+08
26.5,20.8,3.28878e+08
26.5,20.9,3.17644e+08
26.5,21,3.06568e+08
26.5,21.1,2.95653e+08
26.5,21.2,2.84901e+08
26.5,21.3,2.74313e+08
26.5,21.4,2.63891e+08
26.5,21.5,2.53638e+08
26.5,21.6,2.43556e+08
26.5,21.7,2.33646e+08
26.5,21.8,2.2391e+08
26.5,21.9,2.14351e+08
26.5,22,2.04971e+08
26.5,22.1,1.95771e+08
26.5,22.2,1.86754e+08
26.5,22.3,1.77921e+08
26.5,22.4,1.69275e+08
26.5,22.5,1.60818e+08
26.5,22.6,1.52552e+08
26.5,22.7,1.44479e+08
26.5,22.8,1.366e+08
26.5,22.9,1.28919e+08
26.5,23,1.21437e+08
26.5,23.1,1.14156e+08
26.5,23.2,1.07079e+08
26.5,23.3,1.00207e+08
26.5,23.4,9.35433e+07
26.5,23.5,8.70889e+07
26.5,23.6,8.08465e+07
26.5,23.7,7.48181e+07
26.5,23.8,6.90059e+07
26.5,23.9,6.3412e+07
26.5,24,5.80386e+07
26.5,24.1,5.2888e+07
26.5,24.2,4.79621e+07
26.5,24.3,4.32633e+07
26.5,24.4,3.87937e+07
26.5,24.5,3.45555e+07
26.5,24.6,3.05509e+07
26.5,24.7,2.67821e+07
26.5,24.8,2.32513e+07
26.5,24.9,1.99608e+07
26.5,25,1.69128e+07
26.5,25.1,1.41094e+07
26.5,25.2,1.1553e+07
26.5,25.3,9.2458e+06
26.5,25.4,7.19002e+06
26.5,25.5,5.38795e+06
26.5,25.6,3.84183e+06
26.5,25.7,2.55396e+06
26.5,25.8,1.5266e+06
26.5,25.9,762040
26.5,26,262575
26.5,26.1,30502.4
26.5,26.2,68126.2
26.5,26.3,377758
26.5,26.4,961718
26.5,26.5,1.82233e+06
26.5,26.6,2.65216e+06
26.5,26.7,3.64085e+06
26.5,26.8,4.78957e+06
26.5,26.9,6.0995e+06
26.5,27,7.57182e+06
26.5,27.1,9.20771e+06
26.5,27.2,1.10084e+07
26.5,27.3,1.29749e+07
26.5,27.4,1.21763e+07
26.5,27.5,1.66205e+07
26.5,27.6,1.82075e+07
26.5,27.7,1.987e+07
26.5,27.8,2.16084e+07
26.5,27.9,2.34232e+07
26.5,28,2.53146e+07
26.5,28.1,2.72831e+07
26.5,28.2,2.93292e+07
26.5,28.3,3.14532e+07
26.5,28.4,3.36555e+07
26.5,28.5,3.59366e+07
26.5,28.6,3.82968e+07
26.5,28.7,4.07365e+07
26.5,28.8,4.32561e+07
26.5,28.9,4.58562e+07
26.5,29,4.85369e+07
26.5,29.1,5.12989e+07
26.5,29.2,5.41424e+07
26.5,29.3,5.70679e+07
26.5,29.4,6.00758e+07
26.5,29.5,6.31666e+07
26.5,29.6,6.63405e+07
26.5,29.7,6.95981e+07
26.5,29.8,7.29397e+07
26.5,29.9,7.63658e+07
26.5,30,7.98768e+07
26.5,30.1,8.34731e+07
26.5,30.2,8.71551e+07
26.5,30.3,9.09232e+07
26.5,30.4,9.47779e+07
26.5,30.5,9.87195e+07
26.5,30.6,1.02749e+08
26.5,30.7,1.06865e+08
26.5,30.8,1.1107e+08
26.5,30.9,1.15364e+08
26.5,31,1.19747e+08
26.5,31.1,1.24219e+08
26.5,31.2,1.28781e+08
26.5,31.3,1.33434e+08
26.5,31.4,1.38177e+08
26.5,31.5,1.43012e+08
26.5,31.6,1.47938e+08
26.5,31.7,1.52956e+08
26.5,31.8,1.58067e+08
26.5,31.9,1.6327e+08
26.5,32,1.68567e+08
26.5,32.1,1.73958e+08
26.5,32.2,1.79443e+08
26.5,32.3,1.85022e+08
26.5,32.4,1.90697e+08
26.5,32.5,1.96467e+08
26.5,32.6,2.02333e+08
26.5,32.7,2.08295e+08
26.5,32.8,2.14355e+08
26.5,32.9,2.20511e+08
26.5,33,2.26765e+08
26.5,33.1,2.33117e+08
26.5,33.2,2.39568e+08
26.5,33.3,2.46118e+08
26.5,33.4,2.52767e+08
26.5,33.5,2.59516e+08
26.5,33.6,2.66366e+08
26.5,33.7,2.73316e+08
26.5,33.8,2.80367e+08
26.5,33.9,2.8752e+08
26.5,34,2.94775e+08
26.5,34.1,3.02133e+08
26.5,34.2,3.09593e+08
26.5,34.3,3.17157e+08
26.5,34.4,3.24825e+08
26.5,34.5,3.32598e+08
26.5,34.6,3.40475e+08
26.5,34.7,3.48457e+08
26.5,34.8,3.56545e+08
26.5,34.9,3.64739e+08
26.5,35,3.73039e+08
26.5,35.1,3.81447e+08
26.5,35.2,3.89962e+08
26.5,35.3,3.98585e+08
26.5,35.4,4.07317e+08
26.5,35.5,4.16157e+08
26.5,35.6,4.25106e+08
26.5,35.7,4.34166e+08
26.5,35.8,4.43335e+08
26.5,35.9,4.52616e+08
26.5,36,4.62007e+08
26.5,36.1,4.7151e+08
26.5,36.2,4.81125e+08
26.5,36.3,4.90852e+08
26.5,36.4,5.00693e+08
26.5,36.5,5.10647e+08
26.5,36.6,5.20715e+08
26.5,36.7,5.30897e+08
26.5,36.8,5.41194e+08
26.5,36.9,5.51606e+08
26.5,37,5.62134e+08
26.5,37.1,5.72779e+08
26.5,37.2,5.8354e+08
26.5,37.3,5.94418e+08
26.5,37.4,6.05414e+08
26.5,37.5,6.16528e+08
26.5,37.6,6.2776e+08
26.5,37.7,6.39112e+08
26.5,37.8,6.50583e+08
26.5,37.9,6.62174e+08
26.5,38,6.73886e+08
26.5,38.1,6.85718e+08
26.5,38.2,6.97672e+08
26.5,38.3,7.09748e+08
26.5,38.4,7.21946e+08
26.5,38.5,7.34267e+08
26.5,38.6,7.46712e+08
26.5,38.7,7.5928e+08
26.5,38.8,7.71972e+08
26.5,38.9,7.84789e+08
26.5,39,7.97732e+08
26.5,39.1,8.108e+08
26.5,39.2,8.23995e+08
26.5,39.3,8.37316e+08
26.5,39.4,8.50764e+08
26.5,39.5,8.6434e+08
26.5,39.6,8.78044e+08
26.5,39.7,8.91877e+08
26.5,39.8,9.05839e+08
26.5,39.9,9.1993e+08
26.6,20,4.12409e+08
26.6,20.1,4.00146e+08
26.6,20.2,3.88026e+08
26.6,20.3,3.76052e+08
26.6,20.4,3.64225e+08
26.6,20.5,3.52549e+08
26.6,20.6,3.41023e+08
26.6,20.7,3.29652e+08
26.6,20.8,3.18436e+08
26.6,20.9,3.07377e+08
26.6,21,2.96477e+08
26.6,21.1,2.85739e+08
26.6,21.2,2.75165e+08
26.6,21.3,2.64755e+08
26.6,21.4,2.54513e+08
26.6,21.5,2.4444e+08
26.6,21.6,2.34539e+08
26.6,21.7,2.24811e+08
26.6,21.8,2.15258e+08
26.6,21.9,2.05882e+08
26.6,22,1.96686e+08
26.6,22.1,1.87672e+08
26.6,22.2,1.7884e+08
26.6,22.3,1.70195e+08
26.6,22.4,1.61737e+08
26.6,22.5,1.53468e+08
26.6,22.6,1.45391e+08
26.6,22.7,1.37508e+08
26.6,22.8,1.29821e+08
26.6,22.9,1.22332e+08
26.6,23,1.15043e+08
26.6,23.1,1.07956e+08
26.6,23.2,1.01073e+08
26.6,23.3,9.43967e+07
26.6,23.4,8.79288e+07
26.6,23.5,8.16715e+07
26.6,23.6,7.5627e+07
26.6,23.7,6.97974e+07
26.6,23.8,6.41849e+07
26.6,23.9,5.87915e+07
26.6,24,5.36195e+07
26.6,24.1,4.86711e+07
26.6,24.2,4.39483e+07
26.6,24.3,3.94535e+07
26.6,24.4,3.51887e+07
26.6,24.5,3.11562e+07
26.6,24.6,2.73582e+07
26.6,24.7,2.37968e+07
26.6,24.8,2.04743e+07
26.6,24.9,1.7393e+07
26.6,25,1.45549e+07
26.6,25.1,1.19625e+07
26.6,25.2,9.61788e+06
26.6,25.3,7.52332e+06
26.6,25.4,5.68107e+06
26.6,25.5,4.09339e+06
26.6,25.6,2.76256e+06
26.6,25.7,1.69084e+06
26.6,25.8,880523
26.6,25.9,333883
26.6,26,53218.9
26.6,26.1,40828.8
26.6,26.2,299019
26.6,26.3,830103
26.6,26.4,1.6364e+06
26.6,26.5,2.72024e+06
26.6,26.6,4.08394e+06
26.6,26.7,5.29362e+06
26.6,26.8,6.66408e+06
26.6,26.9,8.19649e+06
26.6,27,9.89203e+06
26.6,27.1,1.17519e+07
26.6,27.2,1.37773e+07
26.6,27.3,1.59693e+07
26.6,27.4,1.50831e+07
26.6,27.5,1.99925e+07
26.6,27.6,2.17312e+07
26.6,27.7,2.35459e+07
26.6,27.8,2.54368e+07
26.6,27.9,2.74045e+07
26.6,28,2.94494e+07
26.6,28.1,3.15717e+07
26.6,28.2,3.3772e+07
26.6,28.3,3.60506e+07
26.6,28.4,3.8408e+07
26.6,28.5,4.08445e+07
26.6,28.6,4.33605e+07
26.6,28.7,4.59565e+07
26.6,28.8,4.86328e+07
26.6,28.9,5.13899e+07
26.6,29,5.42282e+07
26.6,29.1,5.71481e+07
26.6,29.2,6.01499e+07
26.6,29.3,6.32342e+07
26.6,29.4,6.64013e+07
26.6,29.5,6.96516e+07
26.6,29.6,7.29855e+07
26.6,29.7,7.64035e+07
26.6,29.8,7.9906e+07
26.6,29.9,8.34933e+07
26.6,30,8.71659e+07
26.6,30.1,9.09243e+07
26.6,30.2,9.47688e+07
26.6,30.3,9.86998e+07
26.6,30.4,1.02718e+08
26.6,30.5,1.06823e+08
26.6,30.6,1.11016e+08
26.6,30.7,1.15298e+08
26.6,30.8,1.19668e+08
26.6,30.9,1.24127e+08
26.6,31,1.28676e+08
26.6,31.1,1.33314e+08
26.6,31.2,1.38043e+08
26.6,31.3,1.42863e+08
26.6,31.4,1.47774e+08
26.6,31.5,1.52776e+08
26.6,31.6,1.57871e+08
26.6,31.7,1.63058e+08
26.6,31.8,1.68337e+08
26.6,31.9,1.73711e+08
26.6,32,1.79178e+08
26.6,32.1,1.84739e+08
26.6,32.2,1.90395e+08
26.6,32.3,1.96146e+08
26.6,32.4,2.01992e+08
26.6,32.5,2.07934e+08
26.6,32.6,2.13973e+08
26.6,32.7,2.20108e+08
26.6,32.8,2.26341e+08
26.6,32.9,2.32671e+08
26.6,33,2.391e+08
26.6,33.1,2.45627e+08
26.6,33.2,2.52253e+08
26.6,33.3,2.58978e+08
26.6,33.4,2.65803e+08
26.6,33.5,2.72729e+08
26.6,33.6,2.79755e+08
26.6,33.7,2.86883e+08
26.6,33.8,2.94112e+08
26.6,33.9,3.01443e+08
26.6,34,3.08877e+08
26.6,34.1,3.16414e+08
26.6,34.2,3.24054e+08
26.6,34.3,3.31798e+08
26.6,34.4,3.39646e+08
26.6,34.5,3.47599e+08
26.6,34.6,3.55657e+08
26.6,34.7,3.63821e+08
26.6,34.8,3.72091e+08
26.6,34.9,3.80468e+08
26.6,35,3.88951e+08
26.6,35.1,3.97542e+08
26.6,35.2,4.06241e+08
26.6,35.3,4.15049e+08
26.6,35.4,4.23965e+08
26.6,35.5,4.3299e+08
26.6,35.6,4.42125e+08
26.6,35.7,4.51371e+08
26.6,35.8,4.60727e+08
26.6,35.9,4.70194e+08
26.6,36,4.79773e+08
26.6,36.1,4.89463e+08
26.6,36.2,4.99267e+08
26.6,36.3,5.09183e+08
26.6,36.4,5.19212e+08
26.6,36.5,5.29356e+08
26.6,36.6,5.39614e+08
26.6,36.7,5.49986e+08
26.6,36.8,5.60474e+08
26.6,36.9,5.71078e+08
26.6,37,5.81798e+08
26.6,37.1,5.92634e+08
26.6,37.2,6.03588e+08
26.6,37.3,6.14659e+08
26.6,37.4,6.25849e+08
26.6,37.5,6.37157e+08
26.6,37.6,6.48584e+08
26.6,37.7,6.6013e+08
26.6,37.8,6.71796e+08
26.6,37.9,6.83583e+08
26.6,38,6.95491e+08
26.6,38.1,7.0752e+08
26.6,38.2,7.19671e+08
26.6,38.3,7.31945e+08
26.6,38.4,7.44341e+08
26.6,38.5,7.5686e+08
26.6,38.6,7.69504e+08
26.6,38.7,7.82271e+08
26.6,38.8,7.95163e+08
26.6,38.9,8.08181e+08
26.6,39,8.21324e+08
26.6,39.1,8.34593e+08
26.6,39.2,8.47989e+08
26.6,39.3,8.61513e+08
26.6,39.4,8.75163e+08
26.6,39.5,8.88942e+08
26.6,39.6,9.0285e+08
26.6,39.7,9.16886e+08
26.6,39.8,9.31052e+08
26.6,39.9,9.45349e+08
26.7,20,4.00734e+08
26.7,20.1,3.88639e+08
26.7,20.2,3.7669e+08
26.7,20.3,3.64887e+08
26.7,20.4,3.53232e+08
26.7,20.5,3.41728e+08
26.7,20.6,3.30376e+08
26.7,20.7,3.19179e+08
26.7,20.8,3.08137e+08
26.7,20.9,2.97254e+08
26.7,21,2.86532e+08
26.7,21.1,2.75971e+08
26.7,21.2,2.65575e+08
26.7,21.3,2.55345e+08
26.7,21.4,2.45283e+08
26.7,21.5,2.35391e+08
26.7,21.6,2.25671e+08
26.7,21.7,2.16125e+08
26.7,21.8,2.06756e+08
26.7,21.9,1.97565e+08
26.7,22,1.88553e+08
26.7,22.1,1.79725e+08
26.7,22.2,1.7108e+08
26.7,22.3,1.62622e+08
26.7,22.4,1.54352e+08
26.7,22.5,1.46273e+08
26.7,22.6,1.38386e+08
26.7,22.7,1.30694e+08
26.7,22.8,1.23199e+08
26.7,22.9,1.15903e+08
26.7,23,1.08807e+08
26.7,23.1,1.01914e+08
26.7,23.2,9.52267e+07
26.7,23.3,8.87464e+07
26.7,23.4,8.24754e+07
26.7,23.5,7.64159e+07
26.7,23.6,7.05701e+07
26.7,23.7,6.49399e+07
26.7,23.8,5.95277e+07
26.7,23.9,5.43356e+07
26.7,24,4.93657e+07
26.7,24.1,4.46201e+07
26.7,24.2,4.01012e+07
26.7,24.3,3.5811e+07
26.7,24.4,3.17517e+07
26.7,24.5,2.79256e+07
26.7,24.6,2.43348e+07
26.7,24.7,2.09816e+07
26.7,24.8,1.78681e+07
26.7,24.9,1.49966e+07
26.7,25,1.23693e+07
26.7,25.1,9.9885e+06
26.7,25.2,7.85636e+06
26.7,25.3,5.97515e+06
26.7,25.4,4.34714e+06
26.7,25.5,2.97458e+06
26.7,25.6,1.85975e+06
26.7,25.7,1.0049e+06
26.7,25.8,412338
26.7,25.9,84335.6
26.7,26,23191.5
26.7,26.1,231206
26.7,26.2,710687
26.7,26.3,1.46395e+06
26.7,26.4,2.49331e+06
26.7,26.5,3.8011e+06
26.7,26.6,5.38965e+06
26.7,26.7,7.2613e+06
26.7,26.8,8.85435e+06
26.7,26.9,1.06101e+07
26.7,27,1.25297e+07
26.7,27.1,1.46144e+07
26.7,27.2,1.68654e+07
26.7,27.3,1.92838e+07
26.7,27.4,1.83101e+07
26.7,27.5,2.3686e+07
26.7,27.6,2.55772e+07
26.7,27.7,2.75447e+07
26.7,27.8,2.95889e+07
26.7,27.9,3.17103e+07
26.7,28,3.39092e+07
26.7,28.1,3.6186e+07
26.7,28.2,3.85412e+07
26.7,28.3,4.09751e+07
26.7,28.4,4.34882e+07
26.7,28.5,4.60808e+07
26.7,28.6,4.87533e+07
26.7,28.7,5.15063e+07
26.7,28.8,5.434e+07
26.7,28.9,5.72549e+07
26.7,29,6.02514e+07
26.7,29.1,6.33298e+07
26.7,29.2,6.64907e+07
26.7,29.3,6.97344e+07
26.7,29.4,7.30613e+07
26.7,29.5,7.64719e+07
26.7,29.6,7.99665e+07
26.7,29.7,8.35456e+07
26.7,29.8,8.72096e+07
26.7,29.9,9.09589e+07
26.7,30,9.47939e+07
26.7,30.1,9.8715e+07
26.7,30.2,1.02723e+08
26.7,30.3,1.06817e+08
26.7,30.4,1.10999e+08
26.7,30.5,1.15269e+08
26.7,30.6,1.19627e+08
26.7,30.7,1.24074e+08
26.7,30.8,1.2861e+08
26.7,30.9,1.33235e+08
26.7,31,1.3795e+08
26.7,31.1,1.42756e+08
26.7,31.2,1.47652e+08
26.7,31.3,1.52639e+08
26.7,31.4,1.57719e+08
26.7,31.5,1.6289e+08
26.7,31.6,1.68153e+08
26.7,31.7,1.7351e+08
26.7,31.8,1.7896e+08
26.7,31.9,1.84503e+08
26.7,32,1.90141e+08
26.7,32.1,1.95873e+08
26.7,32.2,2.01701e+08
26.7,32.3,2.07624e+08
26.7,32.4,2.13643e+08
26.7,32.5,2.19758e+08
26.7,32.6,2.2597e+08
26.7,32.7,2.32279e+08
26.7,32.8,2.38686e+08
26.7,32.9,2.45191e+08
26.7,33,2.51794e+08
26.7,33.1,2.58497e+08
26.7,33.2,2.65299e+08
26.7,33.3,2.72201e+08
26.7,33.4,2.79203e+08
26.7,33.5,2.86305e+08
26.7,33.6,2.93509e+08
26.7,33.7,3.00815e+08
26.7,33.8,3.08223e+08
26.7,33.9,3.15733e+08
26.7,34,3.23346e+08
26.7,34.1,3.31062e+08
26.7,34.2,3.38883e+08
26.7,34.3,3.46807e+08
26.7,34.4,3.54837e+08
26.7,34.5,3.62971e+08
26.7,34.6,3.71211e+08
26.7,34.7,3.79558e+08
26.7,34.8,3.88011e+08
26.7,34.9,3.9657e+08
26.7,35,4.05238e+08
26.7,35.1,4.14013e+08
26.7,35.2,4.22897e+08
26.7,35.3,4.31889e+08
26.7,35.4,4.4099e+08
26.7,35.5,4.50202e+08
26.7,35.6,4.59523e+08
26.7,35.7,4.68955e+08
26.7,35.8,4.78499e+08
26.7,35.9,4.88154e+08
26.7,36,4.9792e+08
26.7,36.1,5.078e+08
26.7,36.2,5.17792e+08
26.7,36.3,5.27897e+08
26.7,36.4,5.38117e+08
26.7,36.5,5.48451e+08
26.7,36.6,5.58899e+08
26.7,36.7,5.69463e+08
26.7,36.8,5.80143e+08
26.7,36.9,5.90938e+08
26.7,37,6.01851e+08
26.7,37.1,6.1288e+08
26.7,37.2,6.24027e+08
26.7,37.3,6.35292e+08
26.7,37.4,6.46676e+08
26.7,37.5,6.58179e+08
26.7,37.6,6.69801e+08
26.7,37.7,6.81543e+08
26.7,37.8,6.93406e+08
26.7,37.9,7.05389e+08
26.7,38,7.17494e+08
26.7,38.1,7.2972e+08
26.7,38.2,7.42069e+08
26.7,38.3,7.54541e+08
26.7,38.4,7.67136e+08
26.7,38.5,7.79854e+08
26.7,38.6,7.92697e+08
26.7,38.7,8.05665e+08
26.7,38.8,8.18758e+08
26.7,38.9,8.31976e+08
26.7,39,8.45321e+08
26.7,39.1,8.58792e+08
26.7,39.2,8.72391e+08
26.7,39.3,8.86117e+08
26.7,39.4,8.99971e+08
26.7,39.5,9.13953e+08
26.7,39.6,9.28065e+08
26.7,39.7,9.42306e+08
26.7,39.8,9.56677e+08
26.7,39.9,9.71179e+08
26.8,20,3.89198e+08
26.8,20.1,3.77274e+08
26.8,20.2,3.65495e+08
26.8,20.3,3.53863e+08
26.8,20.4,3.42381e+08
26.8,20.5,3.3105e+08
26.8,20.6,3.19872e+08
26.8,20.7,3.0885e+08
26.8,20.8,2.97984e+08
26.8,20.9,2.87278e+08
26.8,21,2.76733e+08
26.8,21.1,2.6635e+08
26.8,21.2,2.56133e+08
26.8,21.3,2.46083e+08
26.8,21.4,2.36201e+08
26.8,21.5,2.26491e+08
26.8,21.6,2.16953e+08
26.8,21.7,2.07591e+08
26.8,21.8,1.98405e+08
26.8,21.9,1.89399e+08
26.8,22,1.80574e+08
26.8,22.1,1.71931e+08
26.8,22.2,1.63474e+08
26.8,22.3,1.55204e+08
26.8,22.4,1.47124e+08
26.8,22.5,1.39235e+08
26.8,22.6,1.31539e+08
26.8,22.7,1.24038e+08
26.8,22.8,1.16735e+08
26.8,22.9,1.09632e+08
26.8,23,1.02731e+08
26.8,23.1,9.6033e+07
26.8,23.2,8.95414e+07
26.8,23.3,8.32578e+07
26.8,23.4,7.71844e+07
26.8,23.5,7.13234e+07
26.8,23.6,6.56768e+07
26.8,23.7,6.02469e+07
26.8,23.8,5.50357e+07
26.8,23.9,5.00454e+07
26.8,24,4.52783e+07
26.8,24.1,4.07364e+07
26.8,24.2,3.64219e+07
26.8,24.3,3.2337e+07
26.8,24.4,2.8484e+07
26.8,24.5,2.48649e+07
26.8,24.6,2.14821e+07
26.8,24.7,1.83377e+07
26.8,24.8,1.54339e+07
26.8,24.9,1.2773e+07
26.8,25,1.03572e+07
26.8,25.1,8.18865e+06
26.8,25.2,6.2697e+06
26.8,25.3,4.60257e+06
26.8,25.4,3.1895e+06
26.8,25.5,2.03277e+06
26.8,25.6,1.13464e+06
26.8,25.7,497391
26.8,25.8,123298
26.8,25.9,14652.6
26.8,26,173750
26.8,26.1,602892
26.8,26.2,1.30439e+06
26.8,26.3,2.28055e+06
26.8,26.4,3.5337e+06
26.8,26.5,5.06617e+06
26.8,26.6,6.8803e+06
26.8,26.7,8.97841e+06
26.8,26.8,1.13629e+07
26.8,26.9,1.33428e+07
26.8,27,1.54874e+07
26.8,27.1,1.77978e+07
26.8,27.2,2.02752e+07
26.8,27.3,2.29209e+07
26.8,27.4,2.18597e+07
26.8,27.5,2.77038e+07
26.8,27.6,2.9748e+07
26.8,27.7,3.1869e+07
26.8,27.8,3.40672e+07
26.8,27.9,3.63429e+07
26.8,28,3.86965e+07
26.8,28.1,4.11285e+07
26.8,28.2,4.36393e+07
26.8,28.3,4.62292e+07
26.8,28.4,4.88986e+07
26.8,28.5,5.1648e+07
26.8,28.6,5.44778e+07
26.8,28.7,5.73884e+07
26.8,28.8,6.03802e+07
26.8,28.9,6.34535e+07
26.8,29,6.66089e+07
26.8,29.1,6.98466e+07
26.8,29.2,7.31672e+07
26.8,29.3,7.65711e+07
26.8,29.4,8.00585e+07
26.8,29.5,8.36301e+07
26.8,29.6,8.72861e+07
26.8,29.7,9.1027e+07
26.8,29.8,9.48532e+07
26.8,29.9,9.87651e+07
26.8,30,1.02763e+08
26.8,30.1,1.06848e+08
26.8,30.2,1.11019e+08
26.8,30.3,1.15278e+08
26.8,30.4,1.19625e+08
26.8,30.5,1.2406e+08
26.8,30.6,1.28584e+08
26.8,30.7,1.33196e+08
26.8,30.8,1.37898e+08
26.8,30.9,1.42691e+08
26.8,31,1.47573e+08
26.8,31.1,1.52546e+08
26.8,31.2,1.57611e+08
26.8,31.3,1.62767e+08
26.8,31.4,1.68015e+08
26.8,31.5,1.73355e+08
26.8,31.6,1.78789e+08
26.8,31.7,1.84315e+08
26.8,31.8,1.89936e+08
26.8,31.9,1.95651e+08
26.8,32,2.0146e+08
26.8,32.1,2.07364e+08
26.8,32.2,2.13364e+08
26.8,32.3,2.1946e+08
26.8,32.4,2.25652e+08
26.8,32.5,2.31941e+08
26.8,32.6,2.38327e+08
26.8,32.7,2.4481e+08
26.8,32.8,2.51392e+08
26.8,32.9,2.58072e+08
26.8,33,2.64852e+08
26.8,33.1,2.7173e+08
26.8,33.2,2.78709e+08
26.8,33.3,2.85788e+08
26.8,33.4,2.92967e+08
26.8,33.5,3.00248e+08
26.8,33.6,3.0763e+08
26.8,33.7,3.15115e+08
26.8,33.8,3.22702e+08
26.8,33.9,3.30391e+08
26.8,34,3.38185e+08
26.8,34.1,3.46082e+08
26.8,34.2,3.54083e+08
26.8,34.3,3.62189e+08
26.8,34.4,3.704e+08
26.8,34.5,3.78717e+08
26.8,34.6,3.8714e+08
26.8,34.7,3.95669e+08
26.8,34.8,4.04306e+08
26.8,34.9,4.1305e+08
26.8,35,4.21902e+08
26.8,35.1,4.30862e+08
26.8,35.2,4.3993e+08
26.8,35.3,4.49109e+08
26.8,35.4,4.58396e+08
26.8,35.5,4.67794e+08
26.8,35.6,4.77303e+08
26.8,35.7,4.86923e+08
26.8,35.8,4.96654e+08
26.8,35.9,5.06497e+08
26.8,36,5.16453e+08
26.8,36.1,5.26521e+08
26.8,36.2,5.36703e+08
26.8,36.3,5.46999e+08
26.8,36.4,5.57409e+08
26.8,36.5,5.67934e+08
26.8,36.6,5.78574e+08
26.8,36.7,5.8933e+08
26.8,36.8,6.00202e+08
26.8,36.9,6.1119e+08
26.8,37,6.22296e+08
26.8,37.1,6.33519e+08
26.8,37.2,6.4486e+08
26.8,37.3,6.5632e+08
26.8,37.4,6.67899e+08
26.8,37.5,6.79597e+08
26.8,37.6,6.91415e+08
26.8,37.7,7.03354e+08
26.8,37.8,7.15413e+08
26.8,37.9,7.27594e+08
26.8,38,7.39896e+08
26.8,38.1,7.52321e+08
26.8,38.2,7.64868e+08
26.8,38.3,7.77539e+08
26.8,38.4,7.90334e+08
26.8,38.5,8.03252e+08
26.8,38.6,8.16296e+08
26.8,38.7,8.29464e+08
26.8,38.8,8.42758e+08
26.8,38.9,8.56179e+08
26.8,39,8.69725e+08
26.8,39.1,8.83399e+08
26.8,39.2,8.97201e+08
26.8,39.3,9.1113e+08
26.8,39.4,9.25189e+08
26.8,39.5,9.39376e+08
26.8,39.6,9.53692e+08
26.8,39.7,9.68139e+08
26.8,39.8,9.82716e+08
26.8,39.9,9.97424e+08
26.9,20,3.77804e+08
26.9,20.1,3.6605e+08
26.9,20.2,3.54443e+08
26.9,20.3,3.42983e+08
26.9,20.4,3.31674e+08
26.9,20.5,3.20517e+08
26.9,20.6,3.09514e+08
26.9,20.7,2.98667e+08
26.9,20.8,2.87978e+08
26.9,20.9,2.77449e+08
26.9,21,2.67081e+08
26.9,21.1,2.56878e+08
26.9,21.2,2.4684e+08
26.9,21.3,2.3697e+08
26.9,21.4,2.2727e+08
26.9,21.5,2.17742e+08
26.9,21.6,2.08387e+08
26.9,21.7,1.99209e+08
26.9,21.8,1.90208e+08
26.9,21.9,1.81387e+08
26.9,22,1.72748e+08
26.9,22.1,1.64293e+08
26.9,22.2,1.56024e+08
26.9,22.3,1.47943e+08
26.9,22.4,1.40052e+08
26.9,22.5,1.32353e+08
26.9,22.6,1.24849e+08
26.9,22.7,1.17541e+08
26.9,22.8,1.10431e+08
26.9,22.9,1.03522e+08
26.9,23,9.68153e+07
26.9,23.1,9.03134e+07
26.9,23.2,8.40183e+07
26.9,23.3,7.79321e+07
26.9,23.4,7.2057e+07
26.9,23.5,6.63951e+07
26.9,23.6,6.09485e+07
26.9,23.7,5.57194e+07
26.9,23.8,5.071e+07
26.9,23.9,4.59223e+07
26.9,24,4.13586e+07
26.9,24.1,3.7021e+07
26.9,24.2,3.29117e+07
26.9,24.3,2.90329e+07
26.9,24.4,2.53867e+07
26.9,24.5,2.19755e+07
26.9,24.6,1.88013e+07
26.9,24.7,1.58664e+07
26.9,24.8,1.3173e+07
26.9,24.9,1.07234e+07
26.9,25,8.51969e+06
26.9,25.1,6.5642e+06
26.9,25.2,4.85916e+06
26.9,25.3,3.4068e+06
26.9,25.4,2.2094e+06
26.9,25.5,1.26921e+06
26.9,25.6,588509
26.9,25.7,169564
26.9,25.8,14662.5
26.9,25.9,126094
26.9,26,506154
26.9,26.1,1.15715e+06
26.9,26.2,2.08138e+06
26.9,26.3,3.28117e+06
26.9,26.4,4.75884e+06
26.9,26.5,6.51673e+06
26.9,26.6,8.55715e+06
26.9,26.7,1.08825e+07
26.9,26.8,1.3495e+07
26.9,26.9,1.63972e+07
26.9,27,1.87676e+07
26.9,27.1,2.13046e+07
26.9,27.2,2.40093e+07
26.9,27.3,2.6883e+07
26.9,27.4,2.57345e+07
26.9,27.5,3.20481e+07
26.9,27.6,3.42462e+07
26.9,27.7,3.65214e+07
26.9,27.8,3.88741e+07
26.9,27.9,4.13048e+07
26.9,28,4.38139e+07
26.9,28.1,4.64017e+07
26.9,28.2,4.90687e+07
26.9,28.3,5.18153e+07
26.9,28.4,5.46418e+07
26.9,28.5,5.75487e+07
26.9,28.6,6.05364e+07
26.9,28.7,6.36053e+07
26.9,28.8,6.67558e+07
26.9,28.9,6.99883e+07
26.9,29,7.33033e+07
26.9,29.1,7.6701e+07
26.9,29.2,8.0182e+07
26.9,29.3,8.37467e+07
26.9,29.4,8.73954e+07
26.9,29.5,9.11286e+07
26.9,29.6,9.49466e+07
26.9,29.7,9.885e+07
26.9,29.8,1.02839e+08
26.9,29.9,1.06914e+08
26.9,30,1.11076e+08
26.9,30.1,1.15325e+08
26.9,30.2,1.19661e+08
26.9,30.3,1.24085e+08
26.9,30.4,1.28597e+08
26.9,30.5,1.33198e+08
26.9,30.6,1.37888e+08
26.9,30.7,1.42667e+08
26.9,30.8,1.47537e+08
26.9,30.9,1.52496e+08
26.9,31,1.57547e+08
26.9,31.1,1.62688e+08
26.9,31.2,1.67922e+08
26.9,31.3,1.73247e+08
26.9,31.4,1.78664e+08
26.9,31.5,1.84175e+08
26.9,31.6,1.89779e+08
26.9,31.7,1.95477e+08
26.9,31.8,2.01269e+08
26.9,31.9,2.07155e+08
26.9,32,2.13136e+08
26.9,32.1,2.19213e+08
26.9,32.2,2.25386e+08
26.9,32.3,2.31656e+08
26.9,32.4,2.38022e+08
26.9,32.5,2.44485e+08
26.9,32.6,2.51046e+08
26.9,32.7,2.57705e+08
26.9,32.8,2.64462e+08
26.9,32.9,2.71318e+08
26.9,33,2.78274e+08
26.9,33.1,2.8533e+08
26.9,33.2,2.92486e+08
26.9,33.3,2.99742e+08
26.9,33.4,3.071e+08
26.9,33.5,3.14559e+08
26.9,33.6,3.22121e+08
26.9,33.7,3.29785e+08
26.9,33.8,3.37552e+08
26.9,33.9,3.45422e+08
26.9,34,3.53396e+08
26.9,34.1,3.61474e+08
26.9,34.2,3.69657e+08
26.9,34.3,3.77945e+08
26.9,34.4,3.86339e+08
26.9,34.5,3.94839e+08
26.9,34.6,4.03445e+08
26.9,34.7,4.12159e+08
26.9,34.8,4.20979e+08
26.9,34.9,4.29908e+08
26.9,35,4.38945e+08
26.9,35.1,4.48091e+08
26.9,35.2,4.57346e+08
26.9,35.3,4.6671e+08
26.9,35.4,4.76185e+08
26.9,35.5,4.8577e+08
26.9,35.6,4.95467e+08
26.9,35.7,5.05275e+08
26.9,35.8,5.15195e+08
26.9,35.9,5.25227e+08
26.9,36,5.35372e+08
26.9,36.1,5.45631e+08
26.9,36.2,5.56003e+08
26.9,36.3,5.6649e+08
26.9,36.4,5.77091e+08
26.9,36.5,5.87808e+08
26.9,36.6,5.9864e+08
26.9,36.7,6.09589e+08
26.9,36.8,6.20654e+08
26.9,36.9,6.31836e+08
26.9,37,6.43136e+08
26.9,37.1,6.54553e+08
26.9,37.2,6.6609e+08
26.9,37.3,6.77745e+08
26.9,37.4,6.89519e+08
26.9,37.5,7.01414e+08
26.9,37.6,7.13429e+08
26.9,37.7,7.25564e+08
26.9,37.8,7.37821e+08
26.9,37.9,7.502e+08
26.9,38,7.62701e+08
26.9,38.1,7.75324e+08
26.9,38.2,7.88071e+08
26.9,38.3,8.00942e+08
26.9,38.4,8.13937e+08
26.9,38.5,8.27056e+08
26.9,38.6,8.40301e+08
26.9,38.7,8.53671e+08
26.9,38.8,8.67167e+08
26.9,38.9,8.8079e+08
26.9,39,8.9454e+08
26.9,39.1,9.08417e+08
26.9,39.2,9.22423e+08
26.9,39.3,9.36557e+08
26.9,39.4,9.5082e+08
26.9,39.5,9.65212e+08
26.9,39.6,9.79734e+08
26.9,39.7,9.94387e+08
26.9,39.8,1.00917e+09
26.9,39.9,1.02409e+09
27,20,3.66553e+08
27,20.1,3.5497e+08
27,20.2,3.43535e+08
27,20.3,3.32248e+08
27,20.4,3.21112e+08
27,20.5,3.1013e+08
27,20.6,2.99302e+08
27,20.7,2.88631e+08
27,20.8,2.78119e+08
27,20.9,2.67767e+08
27,21,2.57579e+08
27,21.1,2.47555e+08
27,21.2,2.37697e+08
27,21.3,2.28009e+08
27,21.4,2.1849e+08
27,21.5,2.09145e+08
27,21.6,1.99974e+08
27,21.7,1.9098e+08
27,21.8,1.82165e+08
27,21.9,1.7353e+08
27,22,1.65078e+08
27,22.1,1.56811e+08
27,22.2,1.48731e+08
27,22.3,1.40839e+08
27,22.4,1.33139e+08
27,22.5,1.25631e+08
27,22.6,1.18319e+08
27,22.7,1.11204e+08
27,22.8,1.04288e+08
27,22.9,9.75731e+07
27,23,9.1062e+07
27,23.1,8.47565e+07
27,23.2,7.86586e+07
27,23.3,7.27706e+07
27,23.4,6.70944e+07
27,23.5,6.16323e+07
27,23.6,5.63864e+07
27,23.7,5.13589e+07
27,23.8,4.65518e+07
27,23.9,4.19674e+07
27,24,3.76078e+07
27,24.1,3.34752e+07
27,24.2,2.95718e+07
27,24.3,2.58997e+07
27,24.4,2.24612e+07
27,24.5,1.92584e+07
27,24.6,1.62936e+07
27,24.7,1.3569e+07
27,24.8,1.10867e+07
27,24.9,8.849e+06
27,25,6.85817e+06
27,25.1,5.11642e+06
27,25.2,3.62599e+06
27,25.3,2.38913e+06
27,25.4,1.4081e+06
27,25.5,685168
27,25.6,222603
27,25.7,22683.1
27,25.8,87691.8
27,25.9,419920
27,26,1.02167e+06
27,26.1,1.89523e+06
27,26.2,3.04293e+06
27,26.3,4.46708e+06
27,26.4,6.17e+06
27,26.5,8.15402e+06
27,26.6,1.04215e+07
27,26.7,1.29747e+07
27,26.8,1.58161e+07
27,26.9,1.8948e+07
27,27,2.23727e+07
27,27.1,2.51371e+07
27,27.2,2.80701e+07
27,27.3,3.11727e+07
27,27.4,2.99369e+07
27,27.5,3.67216e+07
27,27.6,3.90741e+07
27,27.7,4.15042e+07
27,27.8,4.40122e+07
27,27.9,4.65986e+07
27,28,4.92638e+07
27,28.1,5.20082e+07
27,28.2,5.48321e+07
27,28.3,5.7736e+07
27,28.4,6.07203e+07
27,28.5,6.37854e+07
27,28.6,6.69317e+07
27,28.7,7.01596e+07
27,28.8,7.34695e+07
27,28.9,7.68619e+07
27,29,8.03371e+07
27,29.1,8.38955e+07
27,29.2,8.75376e+07
27,29.3,9.12637e+07
27,29.4,9.50744e+07
27,29.5,9.89699e+07
27,29.6,1.02951e+08
27,29.7,1.07017e+08
27,29.8,1.1117e+08
27,29.9,1.15409e+08
27,30,1.19736e+08
27,30.1,1.24149e+08
27,30.2,1.28651e+08
27,30.3,1.3324e+08
27,30.4,1.37919e+08
27,30.5,1.42686e+08
27,30.6,1.47543e+08
27,30.7,1.5249e+08
27,30.8,1.57527e+08
27,30.9,1.62655e+08
27,31,1.67874e+08
27,31.1,1.73184e+08
27,31.2,1.78587e+08
27,31.3,1.84082e+08
27,31.4,1.8967e+08
27,31.5,1.95352e+08
27,31.6,2.01127e+08
27,31.7,2.06996e+08
27,31.8,2.1296e+08
27,31.9,2.19019e+08
27,32,2.25174e+08
27,32.1,2.31424e+08
27,32.2,2.37771e+08
27,32.3,2.44214e+08
27,32.4,2.50755e+08
27,32.5,2.57393e+08
27,32.6,2.64129e+08
27,32.7,2.70964e+08
27,32.8,2.77898e+08
27,32.9,2.84931e+08
27,33,2.92064e+08
27,33.1,2.99298e+08
27,33.2,3.06632e+08
27,33.3,3.14067e+08
27,33.4,3.21603e+08
27,33.5,3.29242e+08
27,33.6,3.36983e+08
27,33.7,3.44828e+08
27,33.8,3.52775e+08
27,33.9,3.60827e+08
27,34,3.68982e+08
27,34.1,3.77242e+08
27,34.2,3.85608e+08
27,34.3,3.94079e+08
27,34.4,4.02656e+08
27,34.5,4.1134e+08
27,34.6,4.2013e+08
27,34.7,4.29028e+08
27,34.8,4.38034e+08
27,34.9,4.47148e+08
27,35,4.56371e+08
27,35.1,4.65703e+08
27,35.2,4.75145e+08
27,35.3,4.84697e+08
27,35.4,4.94359e+08
27,35.5,5.04133e+08
27,35.6,5.14018e+08
27,35.7,5.24015e+08
27,35.8,5.34124e+08
27,35.9,5.44346e+08
27,36,5.54682e+08
27,36.1,5.65131e+08
27,36.2,5.75695e+08
27,36.3,5.86373e+08
27,36.4,5.97167e+08
27,36.5,6.08076e+08
27,36.6,6.19101e+08
27,36.7,6.30243e+08
27,36.8,6.41502e+08
27,36.9,6.52879e+08
27,37,6.64373e+08
27,37.1,6.75986e+08
27,37.2,6.87718e+08
27,37.3,6.99569e+08
27,37.4,7.1154e+08
27,37.5,7.23632e+08
27,37.6,7.35844e+08
27,37.7,7.48177e+08
27,37.8,7.60633e+08
27,37.9,7.7321e+08
27,38,7.8591e+08
27,38.1,7.98734e+08
27,38.2,8.11681e+08
27,38.3,8.24752e+08
27,38.4,8.37948e+08
27,38.5,8.51269e+08
27,38.6,8.64716e+08
27,38.7,8.78288e+08
27,38.8,8.91987e+08
27,38.9,9.05813e+08
27,39,9.19767e+08
27,39.1,9.33849e+08
27,39.2,9.48059e+08
27,39.3,9.62398e+08
27,39.4,9.76866e+08
27,39.5,9.91465e+08
27,39.6,1.00619e+09
27,39.7,1.02105e+09
27,39.8,1.03604e+09
27,39.9,1.05117e+09
27.1,20,3.55445e+08
27.1,20.1,3.44034e+08
27.1,20.2,3.32771e+08
27.1,20.3,3.21658e+08
27.1,20.4,3.10697e+08
27.1,20.5,2.99889e+08
27.1,20.6,2.89238e+08
27.1,20.7,2.78743e+08
27.1,20.8,2.68409e+08
27.1,20.9,2.58236e+08
27.1,21,2.48226e+08
27.1,21.1,2.38382e+08
27.1,21.2,2.28706e+08
27.1,21.3,2.19199e+08
27.1,21.4,2.09864e+08
27.1,21.5,2.00702e+08
27.1,21.6,1.91715e+08
27.1,21.7,1.82906e+08
27.1,21.8,1.74277e+08
27.1,21.9,1.65829e+08
27.1,22,1.57565e+08
27.1,22.1,1.49486e+08
27.1,22.2,1.41595e+08
27.1,22.3,1.33894e+08
27.1,22.4,1.26384e+08
27.1,22.5,1.19069e+08
27.1,22.6,1.11949e+08
27.1,22.7,1.05028e+08
27.1,22.8,9.83063e+07
27.1,22.9,9.17871e+07
27.1,23,8.54722e+07
27.1,23.1,7.93637e+07
27.1,23.2,7.34637e+07
27.1,23.3,6.77744e+07
27.1,23.4,6.22979e+07
27.1,23.5,5.70363e+07
27.1,23.6,5.19918e+07
27.1,23.7,4.71665e+07
27.1,23.8,4.25625e+07
27.1,23.9,3.81821e+07
27.1,24,3.40273e+07
27.1,24.1,3.01004e+07
27.1,24.2,2.64035e+07
27.1,24.3,2.29389e+07
27.1,24.4,1.97087e+07
27.1,24.5,1.67151e+07
27.1,24.6,1.39603e+07
27.1,24.7,1.14466e+07
27.1,24.8,9.17613e+06
27.1,24.9,7.15114e+06
27.1,25,5.37387e+06
27.1,25.1,3.84656e+06
27.1,25.2,2.57145e+06
27.1,25.3,1.5508e+06
27.1,25.4,786856
27.1,25.5,281896
27.1,25.6,38187.9
27.1,25.7,58010.8
27.1,25.8,343650
27.1,25.9,897397
27.1,26,1.72155e+06
27.1,26.1,2.81842e+06
27.1,26.2,4.19031e+06
27.1,26.3,5.83954e+06
27.1,26.4,7.76844e+06
27.1,26.5,9.97933e+06
27.1,26.6,1.24746e+07
27.1,26.7,1.52565e+07
27.1,26.8,1.83274e+07
27.1,26.9,2.16898e+07
27.1,27,2.53458e+07
27.1,27.1,2.92981e+07
27.1,27.2,3.24601e+07
27.1,27.3,3.57926e+07
27.1,27.4,3.44694e+07
27.1,27.5,4.17268e+07
27.1,27.6,4.42344e+07
27.1,27.7,4.682e+07
27.1,27.8,4.9484e+07
27.1,27.9,5.22268e+07
27.1,28,5.50488e+07
27.1,28.1,5.79503e+07
27.1,28.2,6.09319e+07
27.1,28.3,6.39938e+07
27.1,28.4,6.71366e+07
27.1,28.5,7.03605e+07
27.1,28.6,7.36661e+07
27.1,28.7,7.70537e+07
27.1,28.8,8.05238e+07
27.1,28.9,8.40766e+07
27.1,29,8.77128e+07
27.1,29.1,9.14326e+07
27.1,29.2,9.52364e+07
27.1,29.3,9.91248e+07
27.1,29.4,1.03098e+08
27.1,29.5,1.07157e+08
27.1,29.6,1.11301e+08
27.1,29.7,1.15531e+08
27.1,29.8,1.19848e+08
27.1,29.9,1.24252e+08
27.1,30,1.28744e+08
27.1,30.1,1.33323e+08
27.1,30.2,1.3799e+08
27.1,30.3,1.42747e+08
27.1,30.4,1.47592e+08
27.1,30.5,1.52526e+08
27.1,30.6,1.57551e+08
27.1,30.7,1.62666e+08
27.1,30.8,1.67871e+08
27.1,30.9,1.73168e+08
27.1,31,1.78557e+08
27.1,31.1,1.84037e+08
27.1,31.2,1.8961e+08
27.1,31.3,1.95276e+08
27.1,31.4,2.01035e+08
27.1,31.5,2.06888e+08
27.1,31.6,2.12835e+08
27.1,31.7,2.18877e+08
27.1,31.8,2.25014e+08
27.1,31.9,2.31246e+08
27.1,32,2.37574e+08
27.1,32.1,2.43998e+08
27.1,32.2,2.50519e+08
27.1,32.3,2.57138e+08
27.1,32.4,2.63854e+08
27.1,32.5,2.70668e+08
27.1,32.6,2.77581e+08
27.1,32.7,2.84592e+08
27.1,32.8,2.91703e+08
27.1,32.9,2.98914e+08
27.1,33,3.06225e+08
27.1,33.1,3.13636e+08
27.1,33.2,3.21149e+08
27.1,33.3,3.28764e+08
27.1,33.4,3.3648e+08
27.1,33.5,3.44299e+08
27.1,33.6,3.52221e+08
27.1,33.7,3.60246e+08
27.1,33.8,3.68375e+08
27.1,33.9,3.76608e+08
27.1,34,3.84946e+08
27.1,34.1,3.93389e+08
27.1,34.2,4.01938e+08
27.1,34.3,4.10592e+08
27.1,34.4,4.19353e+08
27.1,34.5,4.28221e+08
27.1,34.6,4.37197e+08
27.1,34.7,4.4628e+08
27.1,34.8,4.55472e+08
27.1,34.9,4.64772e+08
27.1,35,4.74182e+08
27.1,35.1,4.83701e+08
27.1,35.2,4.9333e+08
27.1,35.3,5.0307e+08
27.1,35.4,5.12921e+08
27.1,35.5,5.22883e+08
27.1,35.6,5.32958e+08
27.1,35.7,5.43144e+08
27.1,35.8,5.53444e+08
27.1,35.9,5.63857e+08
27.1,36,5.74384e+08
27.1,36.1,5.85025e+08
27.1,36.2,5.9578e+08
27.1,36.3,6.06651e+08
27.1,36.4,6.17637e+08
27.1,36.5,6.2874e+08
27.1,36.6,6.39959e+08
27.1,36.7,6.51295e+08
27.1,36.8,6.62749e+08
27.1,36.9,6.7432e+08
27.1,37,6.8601e+08
27.1,37.1,6.97819e+08
27.1,37.2,7.09747e+08
27.1,37.3,7.21796e+08
27.1,37.4,7.33964e+08
27.1,37.5,7.46253e+08
27.1,37.6,7.58664e+08
27.1,37.7,7.71196e+08
27.1,37.8,7.8385e+08
27.1,37.9,7.96628e+08
27.1,38,8.09528e+08
27.1,38.1,8.22552e+08
27.1,38.2,8.357e+08
27.1,38.3,8.48972e+08
27.1,38.4,8.6237e+08
27.1,38.5,8.75893e+08
27.1,38.6,8.89543e+08
27.1,38.7,9.03318e+08
27.1,38.8,9.17221e+08
27.1,38.9,9.31251e+08
27.1,39,9.4541e+08
27.1,39.1,9.59696e+08
27.1,39.2,9.74112e+08
27.1,39.3,9.88657e+08
27.1,39.4,1.00333e+09
27.1,39.5,1.01814e+09
27.1,39.6,1.03307e+09
27.1,39.7,1.04814e+09
27.1,39.8,1.06334e+09
27.1,39.9,1.07867e+09
27.2,20,3.44483e+08
27.2,20.1,3.33244e+08
27.2,20.2,3.22154e+08
27.2,20.3,3.11215e+08
27.2,20.4,3.00429e+08
27.2,20.5,2.89797e+08
27.2,20.6,2.79322e+08
27.2,20.7,2.69005e+08
27.2,20.8,2.58849e+08
27.2,20.9,2.48855e+08
27.2,21,2.39025e+08
27.2,21.1,2.29362e+08
27.2,21.2,2.19867e+08
27.2,21.3,2.10543e+08
27.2,21.4,2.01391e+08
27.2,21.5,1.92413e+08
27.2,21.6,1.83611e+08
27.2,21.7,1.74988e+08
27.2,21.8,1.66545e+08
27.2,21.9,1.58285e+08
27.2,22,1.50209e+08
27.2,22.1,1.4232e+08
27.2,22.2,1.34619e+08
27.2,22.3,1.27108e+08
27.2,22.4,1.19791e+08
27.2,22.5,1.12668e+08
27.2,22.6,1.05742e+08
27.2,22.7,9.90144e+07
27.2,22.8,9.24881e+07
27.2,22.9,8.61649e+07
27.2,23,8.00469e+07
27.2,23.1,7.41362e+07
27.2,23.2,6.84348e+07
27.2,23.3,6.2945e+07
27.2,23.4,5.76688e+07
27.2,23.5,5.26084e+07
27.2,23.6,4.77659e+07
27.2,23.7,4.31435e+07
27.2,23.8,3.87433e+07
27.2,23.9,3.45675e+07
27.2,24,3.06183e+07
27.2,24.1,2.68977e+07
27.2,24.2,2.34081e+07
27.2,24.3,2.01516e+07
27.2,24.4,1.71304e+07
27.2,24.5,1.43467e+07
27.2,24.6,1.18027e+07
27.2,24.7,9.5006e+06
27.2,24.8,7.44264e+06
27.2,24.9,5.63104e+06
27.2,25,4.06805e+06
27.2,25.1,2.75589e+06
27.2,25.2,1.69681e+06
27.2,25.3,893073
27.2,25.4,346935
27.2,25.5,60662.3
27.2,25.6,36528.7
27.2,25.7,276814
27.2,25.8,783804
27.2,25.9,1.55979e+06
27.2,26,2.60708e+06
27.2,26.1,3.92797e+06
27.2,26.2,5.52478e+06
27.2,26.3,7.39982e+06
27.2,26.4,9.55543e+06
27.2,26.5,1.19939e+07
27.2,26.6,1.47177e+07
27.2,26.7,1.7729e+07
27.2,26.8,2.10302e+07
27.2,26.9,2.46238e+07
27.2,27,2.85119e+07
27.2,27.1,3.26972e+07
27.2,27.2,3.71818e+07
27.2,27.3,4.0745e+07
27.2,27.4,3.93345e+07
27.2,27.5,4.70661e+07
27.2,27.6,4.97295e+07
27.2,27.7,5.24714e+07
27.2,27.8,5.5292e+07
27.2,27.9,5.81919e+07
27.2,28,6.11713e+07
27.2,28.1,6.42307e+07
27.2,28.2,6.73706e+07
27.2,28.3,7.05913e+07
27.2,28.4,7.38931e+07
27.2,28.5,7.72767e+07
27.2,28.6,8.07422e+07
27.2,28.7,8.42902e+07
27.2,28.8,8.7921e+07
27.2,28.9,9.16351e+07
27.2,29,9.54329e+07
27.2,29.1,9.93148e+07
27.2,29.2,1.03281e+08
27.2,29.3,1.07332e+08
27.2,29.4,1.11469e+08
27.2,29.5,1.15691e+08
27.2,29.6,1.2e+08
27.2,29.7,1.24395e+08
27.2,29.8,1.28877e+08
27.2,29.9,1.33446e+08
27.2,30,1.38103e+08
27.2,30.1,1.42849e+08
27.2,30.2,1.47683e+08
27.2,30.3,1.52606e+08
27.2,30.4,1.57619e+08
27.2,30.5,1.62722e+08
27.2,30.6,1.67915e+08
27.2,30.7,1.73198e+08
27.2,30.8,1.78573e+08
27.2,30.9,1.8404e+08
27.2,31,1.89598e+08
27.2,31.1,1.95249e+08
27.2,31.2,2.00993e+08
27.2,31.3,2.0683e+08
27.2,31.4,2.12761e+08
27.2,31.5,2.18786e+08
27.2,31.6,2.24906e+08
27.2,31.7,2.31121e+08
27.2,31.8,2.37431e+08
27.2,31.9,2.43837e+08
27.2,32,2.5034e+08
27.2,32.1,2.56939e+08
27.2,32.2,2.63635e+08
27.2,32.3,2.70429e+08
27.2,32.4,2.77321e+08
27.2,32.5,2.84312e+08
27.2,32.6,2.91402e+08
27.2,32.7,2.9859e+08
27.2,32.8,3.05879e+08
27.2,32.9,3.13268e+08
27.2,33,3.20758e+08
27.2,33.1,3.28349e+08
27.2,33.2,3.36041e+08
27.2,33.3,3.43835e+08
27.2,33.4,3.51732e+08
27.2,33.5,3.59732e+08
27.2,33.6,3.67835e+08
27.2,33.7,3.76042e+08
27.2,33.8,3.84353e+08
27.2,33.9,3.92769e+08
27.2,34,4.0129e+08
27.2,34.1,4.09916e+08
27.2,34.2,4.18649e+08
27.2,34.3,4.27488e+08
27.2,34.4,4.36434e+08
27.2,34.5,4.45487e+08
27.2,34.6,4.54648e+08
27.2,34.7,4.63918e+08
27.2,34.8,4.73296e+08
27.2,34.9,4.82783e+08
27.2,35,4.9238e+08
27.2,35.1,5.02087e+08
27.2,35.2,5.11905e+08
27.2,35.3,5.21833e+08
27.2,35.4,5.31873e+08
27.2,35.5,5.42025e+08
27.2,35.6,5.5229e+08
27.2,35.7,5.62667e+08
27.2,35.8,5.73158e+08
27.2,35.9,5.83762e+08
27.2,36,5.9448e+08
27.2,36.1,6.05314e+08
27.2,36.2,6.16262e+08
27.2,36.3,6.27326e+08
27.2,36.4,6.38506e+08
27.2,36.5,6.49803e+08
27.2,36.6,6.61216e+08
27.2,36.7,6.72747e+08
27.2,36.8,6.84396e+08
27.2,36.9,6.96164e+08
27.2,37,7.0805e+08
27.2,37.1,7.20056e+08
27.2,37.2,7.32181e+08
27.2,37.3,7.44427e+08
27.2,37.4,7.56794e+08
27.2,37.5,7.69281e+08
27.2,37.6,7.81891e+08
27.2,37.7,7.94622e+08
27.2,37.8,8.07477e+08
27.2,37.9,8.20454e+08
27.2,38,8.33555e+08
27.2,38.1,8.46781e+08
27.2,38.2,8.6013e+08
27.2,38.3,8.73605e+08
27.2,38.4,8.87205e+08
27.2,38.5,9.00932e+08
27.2,38.6,9.14784e+08
27.2,38.7,9.28764e+08
27.2,38.8,9.42871e+08
27.2,38.9,9.57107e+08
27.2,39,9.7147e+08
27.2,39.1,9.85963e+08
27.2,39.2,1.00058e+09
27.2,39.3,1.01534e+09
27.2,39.4,1.03022e+09
27.2,39.5,1.04523e+09
27.2,39.6,1.06038e+09
27.2,39.7,1.07565e+09
27.2,39.8,1.09106e+09
27.2,39.9,1.1066e+09
27.3,20,3.33666e+08
27.3,20.1,3.22601e+08
27.3,20.2,3.11685e+08
27.3,20.3,3.00921e+08
27.3,20.4,2.9031e+08
27.3,20.5,2.79854e+08
27.3,20.6,2.69556e+08
27.3,20.7,2.59418e+08
27.3,20.8,2.4944e+08
27.3,20.9,2.39626e+08
27.3,21,2.29977e+08
27.3,21.1,2.20495e+08
27.3,21.2,2.11183e+08
27.3,21.3,2.02041e+08
27.3,21.4,1.93073e+08
27.3,21.5,1.8428e+08
27.3,21.6,1.75664e+08
27.3,21.7,1.67227e+08
27.3,21.8,1.58972e+08
27.3,21.9,1.509e+08
27.3,22,1.43013e+08
27.3,22.1,1.35313e+08
27.3,22.2,1.27803e+08
27.3,22.3,1.20484e+08
27.3,22.4,1.13359e+08
27.3,22.5,1.06429e+08
27.3,22.6,9.96972e+07
27.3,22.7,9.31649e+07
27.3,22.8,8.68345e+07
27.3,22.9,8.0708e+07
27.3,23,7.47875e+07
27.3,23.1,6.90752e+07
27.3,23.2,6.35731e+07
27.3,23.3,5.82834e+07
27.3,23.4,5.32082e+07
27.3,23.5,4.83497e+07
27.3,23.6,4.37099e+07
27.3,23.7,3.92911e+07
27.3,23.8,3.50954e+07
27.3,23.9,3.1125e+07
27.3,24,2.73819e+07
27.3,24.1,2.38685e+07
27.3,24.2,2.05868e+07
27.3,24.3,1.75392e+07
27.3,24.4,1.47277e+07
27.3,24.5,1.21545e+07
27.3,24.6,9.82198e+06
27.3,24.7,7.73222e+06
27.3,24.8,5.88748e+06
27.3,24.9,4.28998e+06
27.3,25,2.94196e+06
27.3,25.1,1.84566e+06
27.3,25.2,1.00333e+06
27.3,25.3,417224
27.3,25.4,89603.4
27.3,25.5,22735.2
27.3,25.6,218894
27.3,25.7,680361
27.3,25.8,1.40942e+06
27.3,25.9,2.40838e+06
27.3,26,3.67952e+06
27.3,26.1,5.22516e+06
27.3,26.2,7.04761e+06
27.3,26.3,9.1492e+06
27.3,26.4,1.15322e+07
27.3,26.5,1.41991e+07
27.3,26.6,1.71521e+07
27.3,26.7,2.03935e+07
27.3,26.8,2.39258e+07
27.3,26.9,2.77513e+07
27.3,27,3.18723e+07
27.3,27.1,3.62913e+07
27.3,27.2,4.10105e+07
27.3,27.3,4.60325e+07
27.3,27.4,4.45349e+07
27.3,27.5,5.2742e+07
27.3,27.6,5.5562e+07
27.3,27.7,5.84608e+07
27.3,27.8,6.14387e+07
27.3,27.9,6.44963e+07
27.3,28,6.76339e+07
27.3,28.1,7.08519e+07
27.3,28.2,7.41508e+07
27.3,28.3,7.75308e+07
27.3,28.4,8.09926e+07
27.3,28.5,8.45363e+07
27.3,28.6,8.81625e+07
27.3,28.7,9.18716e+07
27.3,28.8,9.56639e+07
27.3,28.9,9.95399e+07
27.3,29,1.035e+08
27.3,29.1,1.07545e+08
27.3,29.2,1.11674e+08
27.3,29.3,1.15889e+08
27.3,29.4,1.2019e+08
27.3,29.5,1.24576e+08
27.3,29.6,1.2905e+08
27.3,29.7,1.3361e+08
27.3,29.8,1.38258e+08
27.3,29.9,1.42993e+08
27.3,30,1.47817e+08
27.3,30.1,1.5273e+08
27.3,30.2,1.57731e+08
27.3,30.3,1.62822e+08
27.3,30.4,1.68003e+08
27.3,30.5,1.73274e+08
27.3,30.6,1.78636e+08
27.3,30.7,1.8409e+08
27.3,30.8,1.89634e+08
27.3,30.9,1.95271e+08
27.3,31,2.01001e+08
27.3,31.1,2.06823e+08
27.3,31.2,2.12738e+08
27.3,31.3,2.18748e+08
27.3,31.4,2.24851e+08
27.3,31.5,2.31049e+08
27.3,31.6,2.37342e+08
27.3,31.7,2.43731e+08
27.3,31.8,2.50215e+08
27.3,31.9,2.56796e+08
27.3,32,2.63474e+08
27.3,32.1,2.70248e+08
27.3,32.2,2.77121e+08
27.3,32.3,2.84091e+08
27.3,32.4,2.9116e+08
27.3,32.5,2.98328e+08
27.3,32.6,3.05595e+08
27.3,32.7,3.12962e+08
27.3,32.8,3.20429e+08
27.3,32.9,3.27997e+08
27.3,33,3.35666e+08
27.3,33.1,3.43437e+08
27.3,33.2,3.5131e+08
27.3,33.3,3.59285e+08
27.3,33.4,3.67363e+08
27.3,33.5,3.75544e+08
27.3,33.6,3.83829e+08
27.3,33.7,3.92219e+08
27.3,33.8,4.00713e+08
27.3,33.9,4.09312e+08
27.3,34,4.18016e+08
27.3,34.1,4.26827e+08
27.3,34.2,4.35744e+08
27.3,34.3,4.44768e+08
27.3,34.4,4.539e+08
27.3,34.5,4.63139e+08
27.3,34.6,4.72487e+08
27.3,34.7,4.81943e+08
27.3,34.8,4.91508e+08
27.3,34.9,5.01183e+08
27.3,35,5.10969e+08
27.3,35.1,5.20864e+08
27.3,35.2,5.30871e+08
27.3,35.3,5.40989e+08
27.3,35.4,5.51219e+08
27.3,35.5,5.61561e+08
27.3,35.6,5.72017e+08
27.3,35.7,5.82585e+08
27.3,35.8,5.93267e+08
27.3,35.9,6.04064e+08
27.3,36,6.14975e+08
27.3,36.1,6.26001e+08
27.3,36.2,6.37143e+08
27.3,36.3,6.48401e+08
27.3,36.4,6.59775e+08
27.3,36.5,6.71267e+08
27.3,36.6,6.82876e+08
27.3,36.7,6.94602e+08
27.3,36.8,7.06448e+08
27.3,36.9,7.18412e+08
27.3,37,7.30495e+08
27.3,37.1,7.42698e+08
27.3,37.2,7.55022e+08
27.3,37.3,7.67466e+08
27.3,37.4,7.80031e+08
27.3,37.5,7.92718e+08
27.3,37.6,8.05528e+08
27.3,37.7,8.1846e+08
27.3,37.8,8.31515e+08
27.3,37.9,8.44693e+08
27.3,38,8.57996e+08
27.3,38.1,8.71423e+08
27.3,38.2,8.84975e+08
27.3,38.3,8.98653e+08
27.3,38.4,9.12457e+08
27.3,38.5,9.26387e+08
27.3,38.6,9.40444e+08
27.3,38.7,9.54628e+08
27.3,38.8,9.68941e+08
27.3,38.9,9.83382e+08
27.3,39,9.97951e+08
27.3,39.1,1.01265e+09
27.3,39.2,1.02748e+09
27.3,39.3,1.04244e+09
27.3,39.4,1.05753e+09
27.3,39.5,1.07275e+09
27.3,39.6,1.0881e+09
27.3,39.7,1.10359e+09
27.3,39.8,1.11921e+09
27.3,39.9,1.13496e+09
27.4,20,3.22997e+08
27.4,20.1,3.12106e+08
27.4,20.2,3.01364e+08
27.4,20.3,2.90775e+08
27.4,20.4,2.80341e+08
27.4,20.5,2.70062e+08
27.4,20.6,2.59942e+08
27.4,20.7,2.49982e+08
27.4,20.8,2.40184e+08
27.4,20.9,2.3055e+08
27.4,21,2.21083e+08
27.4,21.1,2.11783e+08
27.4,21.2,2.02653e+08
27.4,21.3,1.93695e+08
27.4,21.4,1.84912e+08
27.4,21.5,1.76304e+08
27.4,21.6,1.67875e+08
27.4,21.7,1.59625e+08
27.4,21.8,1.51557e+08
27.4,21.9,1.43674e+08
27.4,22,1.35977e+08
27.4,22.1,1.28468e+08
27.4,22.2,1.21149e+08
27.4,22.3,1.14022e+08
27.4,22.4,1.0709e+08
27.4,22.5,1.00354e+08
27.4,22.6,9.38172e+07
27.4,22.7,8.74806e+07
27.4,22.8,8.13466e+07
27.4,22.9,7.54175e+07
27.4,23,6.96953e+07
27.4,23.1,6.4182e+07
27.4,23.2,5.88799e+07
27.4,23.3,5.3791e+07
27.4,23.4,4.89175e+07
27.4,23.5,4.42615e+07
27.4,23.6,3.98252e+07
27.4,23.7,3.56107e+07
27.4,23.8,3.16201e+07
27.4,23.9,2.78557e+07
27.4,24,2.43196e+07
27.4,24.1,2.10139e+07
27.4,24.2,1.79409e+07
27.4,24.3,1.51028e+07
27.4,24.4,1.25017e+07
27.4,24.5,1.01398e+07
27.4,24.6,8.01944e+06
27.4,24.7,6.14272e+06
27.4,24.8,4.5119e+06
27.4,24.9,3.12921e+06
27.4,25,1.99688e+06
27.4,25.1,1.11715e+06
27.4,25.2,492281
27.4,25.3,124520
27.4,25.4,16131.6
27.4,25.5,169385
27.4,25.6,586556
27.4,25.7,1.26993e+06
27.4,25.8,2.22178e+06
27.4,25.9,3.44442e+06
27.4,26,4.94015e+06
27.4,26.1,6.71127e+06
27.4,26.2,8.76009e+06
27.4,26.3,1.1089e+07
27.4,26.4,1.37002e+07
27.4,26.5,1.65961e+07
27.4,26.6,1.9779e+07
27.4,26.7,2.32513e+07
27.4,26.8,2.70154e+07
27.4,26.9,3.10736e+07
27.4,27,3.54282e+07
27.4,27.1,4.00816e+07
27.4,27.2,4.50363e+07
27.4,27.3,5.02946e+07
27.4,27.4,5.00729e+07
27.4,27.5,5.87572e+07
27.4,27.6,6.17343e+07
27.4,27.7,6.47907e+07
27.4,27.8,6.79267e+07
27.4,27.9,7.11427e+07
27.4,28,7.44391e+07
27.4,28.1,7.78164e+07
27.4,28.2,8.12749e+07
27.4,28.3,8.48151e+07
27.4,28.4,8.84373e+07
27.4,28.5,9.2142e+07
27.4,28.6,9.59296e+07
27.4,28.7,9.98004e+07
27.4,28.8,1.03755e+08
27.4,28.9,1.07794e+08
27.4,29,1.11917e+08
27.4,29.1,1.16125e+08
27.4,29.2,1.20418e+08
27.4,29.3,1.24797e+08
27.4,29.4,1.29263e+08
27.4,29.5,1.33815e+08
27.4,29.6,1.38453e+08
27.4,29.7,1.4318e+08
27.4,29.8,1.47994e+08
27.4,29.9,1.52896e+08
27.4,30,1.57887e+08
27.4,30.1,1.62967e+08
27.4,30.2,1.68137e+08
27.4,30.3,1.73397e+08
27.4,30.4,1.78746e+08
27.4,30.5,1.84187e+08
27.4,30.6,1.89719e+08
27.4,30.7,1.95342e+08
27.4,30.8,2.01058e+08
27.4,30.9,2.06866e+08
27.4,31,2.12767e+08
27.4,31.1,2.18761e+08
27.4,31.2,2.24849e+08
27.4,31.3,2.31031e+08
27.4,31.4,2.37308e+08
27.4,31.5,2.43679e+08
27.4,31.6,2.50147e+08
27.4,31.7,2.5671e+08
27.4,31.8,2.63369e+08
27.4,31.9,2.70125e+08
27.4,32,2.76978e+08
27.4,32.1,2.83929e+08
27.4,32.2,2.90978e+08
27.4,32.3,2.98126e+08
27.4,32.4,3.05372e+08
27.4,32.5,3.12718e+08
27.4,32.6,3.20164e+08
27.4,32.7,3.2771e+08
27.4,32.8,3.35356e+08
27.4,32.9,3.43104e+08
27.4,33,3.50953e+08
27.4,33.1,3.58904e+08
27.4,33.2,3.66958e+08
27.4,33.3,3.75114e+08
27.4,33.4,3.83374e+08
27.4,33.5,3.91738e+08
27.4,33.6,4.00206e+08
27.4,33.7,4.08778e+08
27.4,33.8,4.17456e+08
27.4,33.9,4.26239e+08
27.4,34,4.35128e+08
27.4,34.1,4.44124e+08
27.4,34.2,4.53227e+08
27.4,34.3,4.62437e+08
27.4,34.4,4.71754e+08
27.4,34.5,4.8118e+08
27.4,34.6,4.90715e+08
27.4,34.7,5.00359e+08
27.4,34.8,5.10112e+08
27.4,34.9,5.19976e+08
27.4,35,5.2995e+08
27.4,35.1,5.40035e+08
27.4,35.2,5.50231e+08
27.4,35.3,5.6054e+08
27.4,35.4,5.7096e+08
27.4,35.5,5.81494e+08
27.4,35.6,5.92141e+08
27.4,35.7,6.02901e+08
27.4,35.8,6.13776e+08
27.4,35.9,6.24765e+08
27.4,36,6.3587e+08
27.4,36.1,6.4709e+08
27.4,36.2,6.58426e+08
27.4,36.3,6.69878e+08
27.4,36.4,6.81448e+08
27.4,36.5,6.93135e+08
27.4,36.6,7.0494e+08
27.4,36.7,7.16863e+08
27.4,36.8,7.28905e+08
27.4,36.9,7.41067e+08
27.4,37,7.53348e+08
27.4,37.1,7.65749e+08
27.4,37.2,7.78272e+08
27.4,37.3,7.90915e+08
27.4,37.4,8.0368e+08
27.4,37.5,8.16567e+08
27.4,37.6,8.29577e+08
27.4,37.7,8.4271e+08
27.4,37.8,8.55966e+08
27.4,37.9,8.69347e+08
27.4,38,8.82852e+08
27.4,38.1,8.96482e+08
27.4,38.2,9.10237e+08
27.4,38.3,9.24119e+08
27.4,38.4,9.38126e+08
27.4,38.5,9.52261e+08
27.4,38.6,9.66523e+08
27.4,38.7,9.80913e+08
27.4,38.8,9.95432e+08
27.4,38.9,1.01008e+09
27.4,39,1.02486e+09
27.4,39.1,1.03976e+09
27.4,39.2,1.0548e+09
27.4,39.3,1.06997e+09
27.4,39.4,1.08526e+09
27.4,39.5,1.1007e+09
27.4,39.6,1.11626e+09
27.4,39.7,1.13195e+09
27.4,39.8,1.14778e+09
27.4,39.9,1.16374e+09
27.5,20,3.12477e+08
27.5,20.1,3.0176e+08
27.5,20.2,2.91193e+08
27.5,20.3,2.80781e+08
27.5,20.4,2.70523e+08
27.5,20.5,2.60422e+08
27.5,20.6,2.5048e+08
27.5,20.7,2.407e+08
27.5,20.8,2.31082e+08
27.5,20.9,2.21629e+08
27.5,21,2.12343e+08
27.5,21.1,2.03226e+08
27.5,21.2,1.9428e+08
27.5,21.3,1.85507e+08
27.5,21.4,1.76908e+08
27.5,21.5,1.68487e+08
27.5,21.6,1.60244e+08
27.5,21.7,1.52182e+08
27.5,21.8,1.44303e+08
27.5,21.9,1.36609e+08
27.5,22,1.29102e+08
27.5,22.1,1.21785e+08
27.5,22.2,1.14658e+08
27.5,22.3,1.07724e+08
27.5,22.4,1.00986e+08
27.5,22.5,9.44446e+07
27.5,22.6,8.81028e+07
27.5,22.7,8.19625e+07
27.5,22.8,7.60258e+07
27.5,22.9,7.02947e+07
27.5,23,6.47714e+07
27.5,23.1,5.94579e+07
27.5,23.2,5.43564e+07
27.5,23.3,4.9469e+07
27.5,23.4,4.47979e+07
27.5,23.5,4.03452e+07
27.5,23.6,3.61129e+07
27.5,23.7,3.21034e+07
27.5,23.8,2.83187e+07
27.5,23.9,2.4761e+07
27.5,24,2.14325e+07
27.5,24.1,1.83353e+07
27.5,24.2,1.54717e+07
27.5,24.3,1.28437e+07
27.5,24.4,1.04537e+07
27.5,24.5,8.30387e+06
27.5,24.6,6.39635e+06
27.5,24.7,4.73338e+06
27.5,24.8,3.31718e+06
27.5,24.9,2.15e+06
27.5,25,1.23407e+06
27.5,25.1,571631
27.5,25.2,164932
27.5,25.3,16231.1
27.5,25.4,127792
27.5,25.5,501886
27.5,25.6,1.14079e+06
27.5,25.7,2.04678e+06
27.5,25.8,3.22216e+06
27.5,25.9,4.66921e+06
27.5,26,6.39024e+06
27.5,26.1,8.38757e+06
27.5,26.2,1.06635e+07
27.5,26.3,1.32204e+07
27.5,26.4,1.60605e+07
27.5,26.5,1.91862e+07
27.5,26.6,2.25998e+07
27.5,26.7,2.63038e+07
27.5,26.8,3.03003e+07
27.5,26.9,3.45919e+07
27.5,27,3.91809e+07
27.5,27.1,4.40696e+07
27.5,27.2,4.92604e+07
27.5,27.3,5.47557e+07
27.5,27.4,5.45269e+07
27.5,27.5,6.51141e+07
27.5,27.6,6.82491e+07
27.5,27.7,7.14637e+07
27.5,27.8,7.47584e+07
27.5,27.9,7.81335e+07
27.5,28,8.15895e+07
27.5,28.1,8.51267e+07
27.5,28.2,8.87456e+07
27.5,28.3,9.24466e+07
27.5,28.4,9.623e+07
27.5,28.5,1.00096e+08
27.5,28.6,1.04046e+08
27.5,28.7,1.08079e+08
27.5,28.8,1.12197e+08
27.5,28.9,1.16399e+08
27.5,29,1.20685e+08
27.5,29.1,1.25058e+08
27.5,29.2,1.29516e+08
27.5,29.3,1.3406e+08
27.5,29.4,1.38691e+08
27.5,29.5,1.43408e+08
27.5,29.6,1.48213e+08
27.5,29.7,1.53106e+08
27.5,29.8,1.58088e+08
27.5,29.9,1.63157e+08
27.5,30,1.68316e+08
27.5,30.1,1.73565e+08
27.5,30.2,1.78903e+08
27.5,30.3,1.84332e+08
27.5,30.4,1.89852e+08
27.5,30.5,1.95462e+08
27.5,30.6,2.01165e+08
27.5,30.7,2.06959e+08
27.5,30.8,2.12846e+08
27.5,30.9,2.18826e+08
27.5,31,2.24899e+08
27.5,31.1,2.31066e+08
27.5,31.2,2.37327e+08
27.5,31.3,2.43682e+08
27.5,31.4,2.50133e+08
27.5,31.5,2.56679e+08
27.5,31.6,2.63321e+08
27.5,31.7,2.70059e+08
27.5,31.8,2.76894e+08
27.5,31.9,2.83827e+08
27.5,32,2.90857e+08
27.5,32.1,2.97985e+08
27.5,32.2,3.05211e+08
27.5,32.3,3.12536e+08
27.5,32.4,3.19961e+08
27.5,32.5,3.27485e+08
27.5,32.6,3.3511e+08
27.5,32.7,3.42836e+08
27.5,32.8,3.50662e+08
27.5,32.9,3.5859e+08
27.5,33,3.6662e+08
27.5,33.1,3.74753e+08
27.5,33.2,3.82988e+08
27.5,33.3,3.91327e+08
27.5,33.4,3.99769e+08
27.5,33.5,4.08316e+08
27.5,33.6,4.16967e+08
27.5,33.7,4.25724e+08
27.5,33.8,4.34586e+08
27.5,33.9,4.43554e+08
27.5,34,4.52628e+08
27.5,34.1,4.6181e+08
27.5,34.2,4.71098e+08
27.5,34.3,4.80495e+08
27.5,34.4,4.9e+08
27.5,34.5,4.99613e+08
27.5,34.6,5.09336e+08
27.5,34.7,5.19168e+08
27.5,34.8,5.2911e+08
27.5,34.9,5.39163e+08
27.5,35,5.49326e+08
27.5,35.1,5.59601e+08
27.5,35.2,5.69988e+08
27.5,35.3,5.80488e+08
27.5,35.4,5.911e+08
27.5,35.5,6.01825e+08
27.5,35.6,6.12664e+08
27.5,35.7,6.23618e+08
27.5,35.8,6.34686e+08
27.5,35.9,6.45869e+08
27.5,36,6.57167e+08
27.5,36.1,6.68582e+08
27.5,36.2,6.80113e+08
27.5,36.3,6.91761e+08
27.5,36.4,7.03526e+08
27.5,36.5,7.1541e+08
27.5,36.6,7.27411e+08
27.5,36.7,7.39532e+08
27.5,36.8,7.51772e+08
27.5,36.9,7.64131e+08
27.5,37,7.76611e+08
27.5,37.1,7.89212e+08
27.5,37.2,8.01933e+08
27.5,37.3,8.14777e+08
27.5,37.4,8.27742e+08
27.5,37.5,8.4083e+08
27.5,37.6,8.54041e+08
27.5,37.7,8.67376e+08
27.5,37.8,8.80835e+08
27.5,37.9,8.94418e+08
27.5,38,9.08126e+08
27.5,38.1,9.21959e+08
27.5,38.2,9.35919e+08
27.5,38.3,9.50005e+08
27.5,38.4,9.64218e+08
27.5,38.5,9.78558e+08
27.5,38.6,9.93026e+08
27.5,38.7,1.00762e+09
27.5,38.8,1.02235e+09
27.5,38.9,1.0372e+09
27.5,39,1.05219e+09
27.5,39.1,1.0673e+09
27.5,39.2,1.08255e+09
27.5,39.3,1.09792e+09
27.5,39.4,1.11343e+09
27.5,39.5,1.12907e+09
27.5,39.6,1.14484e+09
27.5,39.7,1.16075e+09
27.5,39.8,1.17679e+09
27.5,39.9,1.19296e+09
27.6,20,3.02107e+08
27.6,20.1,2.91564e+08
27.6,20.2,2.81174e+08
27.6,20.3,2.70938e+08
27.6,20.4,2.60857e+08
27.6,20.5,2.50935e+08
27.6,20.6,2.41172e+08
27.6,20.7,2.31572e+08
27.6,20.8,2.22135e+08
27.6,20.9,2.12864e+08
27.6,21,2.0376e+08
27.6,21.1,1.94827e+08
27.6,21.2,1.86065e+08
27.6,21.3,1.77476e+08
27.6,21.4,1.69064e+08
27.6,21.5,1.60829e+08
27.6,21.6,1.52774e+08
27.6,21.7,1.449e+08
27.6,21.8,1.37211e+08
27.6,21.9,1.29707e+08
27.6,22,1.22391e+08
27.6,22.1,1.15265e+08
27.6,22.2,1.08331e+08
27.6,22.3,1.01591e+08
27.6,22.4,9.50469e+07
27.6,22.5,8.8701e+07
27.6,22.6,8.25554e+07
27.6,22.7,7.66121e+07
27.6,22.8,7.08732e+07
27.6,22.9,6.53408e+07
27.6,23,6.00171e+07
27.6,23.1,5.49041e+07
27.6,23.2,5.00039e+07
27.6,23.3,4.53187e+07
27.6,23.4,4.08507e+07
27.6,23.5,3.66018e+07
27.6,23.6,3.25744e+07
27.6,23.7,2.87706e+07
27.6,23.8,2.51924e+07
27.6,23.9,2.18421e+07
27.6,24,1.87219e+07
27.6,24.1,1.58339e+07
27.6,24.2,1.31803e+07
27.6,24.3,1.07633e+07
27.6,24.4,8.5851e+06
27.6,24.5,6.64792e+06
27.6,24.6,4.95397e+06
27.6,24.7,3.50545e+06
27.6,24.8,2.3046e+06
27.6,24.9,1.35364e+06
27.6,25,654815
27.6,25.1,210372
27.6,25.2,22558.4
27.6,25.3,93633.4
27.6,25.4,425861
27.6,25.5,1.02151e+06
27.6,25.6,1.88287e+06
27.6,25.7,3.01221e+06
27.6,25.8,4.41182e+06
27.6,25.9,6.08401e+06
27.6,26,8.03108e+06
27.6,26.1,1.02553e+07
27.6,26.2,1.27591e+07
27.6,26.3,1.55447e+07
27.6,26.4,1.86144e+07
27.6,26.5,2.19707e+07
27.6,26.6,2.56158e+07
27.6,26.7,2.95521e+07
27.6,26.8,3.37819e+07
27.6,26.9,3.83076e+07
27.6,27,4.31317e+07
27.6,27.1,4.82563e+07
27.6,27.2,5.3684e+07
27.6,27.3,5.94172e+07
27.6,27.4,5.91815e+07
27.6,27.5,7.01947e+07
27.6,27.6,7.51088e+07
27.6,27.7,7.84824e+07
27.6,27.8,8.19365e+07
27.6,27.9,8.54714e+07
27.6,28,8.90876e+07
27.6,28.1,9.27855e+07
27.6,28.2,9.65654e+07
27.6,28.3,1.00428e+08
27.6,28.4,1.04373e+08
27.6,28.5,1.08402e+08
27.6,28.6,1.12514e+08
27.6,28.7,1.16711e+08
27.6,28.8,1.20992e+08
27.6,28.9,1.25358e+08
27.6,29,1.29809e+08
27.6,29.1,1.34346e+08
27.6,29.2,1.38969e+08
27.6,29.3,1.43679e+08
27.6,29.4,1.48476e+08
27.6,29.5,1.5336e+08
27.6,29.6,1.58332e+08
27.6,29.7,1.63393e+08
27.6,29.8,1.68542e+08
27.6,29.9,1.7378e+08
27.6,30,1.79107e+08
27.6,30.1,1.84525e+08
27.6,30.2,1.90033e+08
27.6,30.3,1.95632e+08
27.6,30.4,2.01322e+08
27.6,30.5,2.07103e+08
27.6,30.6,2.12977e+08
27.6,30.7,2.18943e+08
27.6,30.8,2.25002e+08
27.6,30.9,2.31154e+08
27.6,31,2.374e+08
27.6,31.1,2.4374e+08
27.6,31.2,2.50175e+08
27.6,31.3,2.56705e+08
27.6,31.4,2.6333e+08
27.6,31.5,2.70051e+08
27.6,31.6,2.76869e+08
27.6,31.7,2.83783e+08
27.6,31.8,2.90794e+08
27.6,31.9,2.97903e+08
27.6,32,3.05111e+08
27.6,32.1,3.12416e+08
27.6,32.2,3.19821e+08
27.6,32.3,3.27325e+08
27.6,32.4,3.34928e+08
27.6,32.5,3.42632e+08
27.6,32.6,3.50437e+08
27.6,32.7,3.58342e+08
27.6,32.8,3.6635e+08
27.6,32.9,3.74459e+08
27.6,33,3.82671e+08
27.6,33.1,3.90985e+08
27.6,33.2,3.99403e+08
27.6,33.3,4.07925e+08
27.6,33.4,4.16551e+08
27.6,33.5,4.25281e+08
27.6,33.6,4.34117e+08
27.6,33.7,4.43058e+08
27.6,33.8,4.52105e+08
27.6,33.9,4.61258e+08
27.6,34,4.70519e+08
27.6,34.1,4.79887e+08
27.6,34.2,4.89362e+08
27.6,34.3,4.98946e+08
27.6,34.4,5.08638e+08
27.6,34.5,5.1844e+08
27.6,34.6,5.28351e+08
27.6,34.7,5.38372e+08
27.6,34.8,5.48504e+08
27.6,34.9,5.58747e+08
27.6,35,5.69101e+08
27.6,35.1,5.79567e+08
27.6,35.2,5.90145e+08
27.6,35.3,6.00836e+08
27.6,35.4,6.11641e+08
27.6,35.5,6.22559e+08
27.6,35.6,6.33591e+08
27.6,35.7,6.44738e+08
27.6,35.8,6.55999e+08
27.6,35.9,6.67377e+08
27.6,36,6.7887e+08
27.6,36.1,6.9048e+08
27.6,36.2,7.02207e+08
27.6,36.3,7.14051e+08
27.6,36.4,7.26013e+08
27.6,36.5,7.38094e+08
27.6,36.6,7.50293e+08
27.6,36.7,7.62612e+08
27.6,36.8,7.7505e+08
27.6,36.9,7.87608e+08
27.6,37,8.00288e+08
27.6,37.1,8.13088e+08
27.6,37.2,8.2601e+08
27.6,37.3,8.39054e+08
27.6,37.4,8.52221e+08
27.6,37.5,8.6551e+08
27.6,37.6,8.78923e+08
27.6,37.7,8.92461e+08
27.6,37.8,9.06122e+08
27.6,37.9,9.19909e+08
27.6,38,9.33821e+08
27.6,38.1,9.47859e+08
27.6,38.2,9.62023e+08
27.6,38.3,9.76314e+08
27.6,38.4,9.90733e+08
27.6,38.5,1.00528e+09
27.6,38.6,1.01995e+09
27.6,38.7,1.03476e+09
27.6,38.8,1.04969e+09
27.6,38.9,1.06475e+09
27.6,39,1.07994e+09
27.6,39.1,1.09527e+09
27.6,39.2,1.11072e+09
27.6,39.3,1.12631e+09
27.6,39.4,1.14203e+09
27.6,39.5,1.15788e+09
27.6,39.6,1.17386e+09
27.6,39.7,1.18998e+09
27.6,39.8,1.20623e+09
27.6,39.9,1.22262e+09
27.7,20,2.91888e+08
27.7,20.1,2.81521e+08
27.7,20.2,2.71307e+08
27.7,20.3,2.61248e+08
27.7,20.4,2.51346e+08
27.7,20.5,2.41602e+08
27.7,20.6,2.32019e+08
27.7,20.7,2.22599e+08
27.7,20.8,2.13344e+08
27.7,20.9,2.04255e+08
27.7,21,1.95335e+08
27.7,21.1,1.86585e+08
27.7,21.2,1.78008e+08
27.7,21.3,1.69605e+08
27.7,21.4,1.61379e+08
27.7,21.5,1.53332e+08
27.7,21.6,1.45465e+08
27.7,21.7,1.37781e+08
27.7,21.8,1.30281e+08
27.7,21.9,1.22968e+08
27.7,22,1.15844e+08
27.7,22.1,1.0891e+08
27.7,22.2,1.0217e+08
27.7,22.3,9.56238e+07
27.7,22.4,8.92748e+07
27.7,22.5,8.31249e+07
27.7,22.6,7.71761e+07
27.7,22.7,7.14305e+07
27.7,22.8,6.58902e+07
27.7,22.9,6.05572e+07
27.7,23,5.54337e+07
27.7,23.1,5.05218e+07
27.7,23.2,4.58237e+07
27.7,23.3,4.13414e+07
27.7,23.4,3.7077e+07
27.7,23.5,3.30328e+07
27.7,23.6,2.92109e+07
27.7,23.7,2.56134e+07
27.7,23.8,2.22425e+07
27.7,23.9,1.91003e+07
27.7,24,1.61891e+07
27.7,24.1,1.35109e+07
27.7,24.2,1.10681e+07
27.7,24.3,8.86272e+06
27.7,24.4,6.89704e+06
27.7,24.5,5.17325e+06
27.7,24.6,3.69357e+06
27.7,24.7,2.46022e+06
27.7,24.8,1.47541e+06
27.7,24.9,741385
27.7,25,260383
27.7,25.1,34650.1
27.7,25.2,66437.5
27.7,25.3,358005
27.7,25.4,911617
27.7,25.5,1.72955e+06
27.7,25.6,2.81407e+06
27.7,25.7,4.16748e+06
27.7,25.8,5.79206e+06
27.7,25.9,7.69012e+06
27.7,26,9.86395e+06
27.7,26.1,1.23159e+07
27.7,26.2,1.50482e+07
27.7,26.3,1.80633e+07
27.7,26.4,2.13634e+07
27.7,26.5,2.49509e+07
27.7,26.6,2.88282e+07
27.7,26.7,3.29975e+07
27.7,26.8,3.74614e+07
27.7,26.9,4.2222e+07
27.7,27,4.72818e+07
27.7,27.1,5.26432e+07
27.7,27.2,5.83086e+07
27.7,27.3,6.42803e+07
27.7,27.4,6.40379e+07
27.7,27.5,7.54783e+07
27.7,27.6,8.05741e+07
27.7,27.7,8.58493e+07
27.7,27.8,8.94634e+07
27.7,27.9,9.31588e+07
27.7,28,9.69359e+07
27.7,28.1,1.00795e+08
27.7,28.2,1.04737e+08
27.7,28.3,1.08761e+08
27.7,28.4,1.12869e+08
27.7,28.5,1.17061e+08
27.7,28.6,1.21337e+08
27.7,28.7,1.25697e+08
27.7,28.8,1.30142e+08
27.7,28.9,1.34673e+08
27.7,29,1.39289e+08
27.7,29.1,1.43992e+08
27.7,29.2,1.48781e+08
27.7,29.3,1.53657e+08
27.7,29.4,1.58621e+08
27.7,29.5,1.63673e+08
27.7,29.6,1.68812e+08
27.7,29.7,1.74041e+08
27.7,29.8,1.79358e+08
27.7,29.9,1.84765e+08
27.7,30,1.90262e+08
27.7,30.1,1.9585e+08
27.7,30.2,2.01528e+08
27.7,30.3,2.07297e+08
27.7,30.4,2.13158e+08
27.7,30.5,2.19111e+08
27.7,30.6,2.25157e+08
27.7,30.7,2.31295e+08
27.7,30.8,2.37527e+08
27.7,30.9,2.43853e+08
27.7,31,2.50272e+08
27.7,31.1,2.56786e+08
27.7,31.2,2.63396e+08
27.7,31.3,2.70101e+08
27.7,31.4,2.76901e+08
27.7,31.5,2.83798e+08
27.7,31.6,2.90792e+08
27.7,31.7,2.97883e+08
27.7,31.8,3.05071e+08
27.7,31.9,3.12358e+08
27.7,32,3.19743e+08
27.7,32.1,3.27227e+08
27.7,32.2,3.3481e+08
27.7,32.3,3.42494e+08
27.7,32.4,3.50277e+08
27.7,32.5,3.58161e+08
27.7,32.6,3.66146e+08
27.7,32.7,3.74233e+08
27.7,32.8,3.82422e+08
27.7,32.9,3.90713e+08
27.7,33,3.99107e+08
27.7,33.1,4.07604e+08
27.7,33.2,4.16205e+08
27.7,33.3,4.2491e+08
27.7,33.4,4.3372e+08
27.7,33.5,4.42635e+08
27.7,33.6,4.51656e+08
27.7,33.7,4.60782e+08
27.7,33.8,4.70015e+08
27.7,33.9,4.79355e+08
27.7,34,4.88802e+08
27.7,34.1,4.98357e+08
27.7,34.2,5.0802e+08
27.7,34.3,5.17792e+08
27.7,34.4,5.27673e+08
27.7,34.5,5.37664e+08
27.7,34.6,5.47764e+08
27.7,34.7,5.57975e+08
27.7,34.8,5.68297e+08
27.7,34.9,5.78731e+08
27.7,35,5.89276e+08
27.7,35.1,5.99934e+08
27.7,35.2,6.10704e+08
27.7,35.3,6.21588e+08
27.7,35.4,6.32585e+08
27.7,35.5,6.43696e+08
27.7,35.6,6.54922e+08
27.7,35.7,6.66263e+08
27.7,35.8,6.7772e+08
27.7,35.9,6.89293e+08
27.7,36,7.00982e+08
27.7,36.1,7.12788e+08
27.7,36.2,7.24711e+08
27.7,36.3,7.36752e+08
27.7,36.4,7.48912e+08
27.7,36.5,7.6119e+08
27.7,36.6,7.73588e+08
27.7,36.7,7.86105e+08
27.7,36.8,7.98742e+08
27.7,36.9,8.11501e+08
27.7,37,8.2438e+08
27.7,37.1,8.37381e+08
27.7,37.2,8.50504e+08
27.7,37.3,8.63749e+08
27.7,37.4,8.77118e+08
27.7,37.5,8.9061e+08
27.7,37.6,9.04226e+08
27.7,37.7,9.17966e+08
27.7,37.8,9.31832e+08
27.7,37.9,9.45822e+08
27.7,38,9.59939e+08
27.7,38.1,9.74182e+08
27.7,38.2,9.88552e+08
27.7,38.3,1.00305e+09
27.7,38.4,1.01767e+09
27.7,38.5,1.03243e+09
27.7,38.6,1.04731e+09
27.7,38.7,1.06232e+09
27.7,38.8,1.07746e+09
27.7,38.9,1.09273e+09
27.7,39,1.10813e+09
27.7,39.1,1.12367e+09
27.7,39.2,1.13933e+09
27.7,39.3,1.15513e+09
27.7,39.4,1.17106e+09
27.7,39.5,1.18712e+09
27.7,39.6,1.20332e+09
27.7,39.7,1.21965e+09
27.7,39.8,1.23611e+09
27.7,39.9,1.25271e+09
27.8,20,2.81821e+08
27.8,20.1,2.7163e+08
27.8,20.2,2.61594e+08
27.8,20.3,2.51712e+08
27.8,20.4,2.41989e+08
27.8,20.5,2.32425e+08
27.8,20.6,2.23023e+08
27.8,20.7,2.13784e+08
27.8,20.8,2.04711e+08
27.8,20.9,1.95805e+08
27.8,21,1.87068e+08
27.8,21.1,1.78503e+08
27.8,21.2,1.70112e+08
27.8,21.3,1.61895e+08
27.8,21.4,1.53857e+08
27.8,21.5,1.45997e+08
27.8,21.6,1.38319e+08
27.8,21.7,1.30825e+08
27.8,21.8,1.23516e+08
27.8,21.9,1.16394e+08
27.8,22,1.09462e+08
27.8,22.1,1.02722e+08
27.8,22.2,9.6175e+07
27.8,22.3,8.98241e+07
27.8,22.4,8.36709e+07
27.8,22.5,7.77177e+07
27.8,22.6,7.19663e+07
27.8,22.7,6.64191e+07
27.8,22.8,6.10779e+07
27.8,22.9,5.5945e+07
27.8,23,5.10225e+07
27.8,23.1,4.63124e+07
27.8,23.2,4.1817e+07
27.8,23.3,3.75382e+07
27.8,23.4,3.34783e+07
27.8,23.5,2.96394e+07
27.8,23.6,2.60237e+07
27.8,23.7,2.26332e+07
27.8,23.8,1.94702e+07
27.8,23.9,1.65369e+07
27.8,24,1.38353e+07
27.8,24.1,1.13677e+07
27.8,24.2,9.13633e+06
27.8,24.3,7.1433e+06
27.8,24.4,5.39083e+06
27.8,24.5,3.88114e+06
27.8,24.6,2.61644e+06
27.8,24.7,1.59895e+06
27.8,24.8,830902
27.8,24.9,314522
27.8,25,52054.3
27.8,25.1,45745.5
27.8,25.2,297849
27.8,25.3,810626
27.8,25.4,1.58634e+06
27.8,25.5,2.62727e+06
27.8,25.6,3.93569e+06
27.8,25.7,5.51389e+06
27.8,25.8,7.36416e+06
27.8,25.9,9.48881e+06
27.8,26,1.18901e+07
27.8,26.1,1.45704e+07
27.8,26.2,1.75321e+07
27.8,26.3,2.07773e+07
27.8,26.4,2.43085e+07
27.8,26.5,2.81281e+07
27.8,26.6,3.22383e+07
27.8,26.7,3.66415e+07
27.8,26.8,4.134e+07
27.8,26.9,4.63363e+07
27.8,27,5.16327e+07
27.8,27.1,5.72316e+07
27.8,27.2,6.31353e+07
27.8,27.3,6.93463e+07
27.8,27.4,6.90975e+07
27.8,27.5,8.09662e+07
27.8,27.6,8.62443e+07
27.8,27.7,9.17024e+07
27.8,27.8,9.73418e+07
27.8,27.9,1.01198e+08
27.8,28,1.05137e+08
27.8,28.1,1.09158e+08
27.8,28.2,1.13262e+08
27.8,28.3,1.1745e+08
27.8,28.4,1.21721e+08
27.8,28.5,1.26076e+08
27.8,28.6,1.30516e+08
27.8,28.7,1.35041e+08
27.8,28.8,1.39651e+08
27.8,28.9,1.44347e+08
27.8,29,1.4913e+08
27.8,29.1,1.53999e+08
27.8,29.2,1.58954e+08
27.8,29.3,1.63998e+08
27.8,29.4,1.69129e+08
27.8,29.5,1.74348e+08
27.8,29.6,1.79656e+08
27.8,29.7,1.85054e+08
27.8,29.8,1.9054e+08
27.8,29.9,1.96117e+08
27.8,30,2.01784e+08
27.8,30.1,2.07542e+08
27.8,30.2,2.13391e+08
27.8,30.3,2.19332e+08
27.8,30.4,2.25365e+08
27.8,30.5,2.3149e+08
27.8,30.6,2.37708e+08
27.8,30.7,2.4402e+08
27.8,30.8,2.50425e+08
27.8,30.9,2.56924e+08
27.8,31,2.63518e+08
27.8,31.1,2.70207e+08
27.8,31.2,2.76992e+08
27.8,31.3,2.83872e+08
27.8,31.4,2.90849e+08
27.8,31.5,2.97923e+08
27.8,31.6,3.05093e+08
27.8,31.7,3.12362e+08
27.8,31.8,3.19728e+08
27.8,31.9,3.27193e+08
27.8,32,3.34757e+08
27.8,32.1,3.4242e+08
27.8,32.2,3.50183e+08
27.8,32.3,3.58046e+08
27.8,32.4,3.6601e+08
27.8,32.5,3.74075e+08
27.8,32.6,3.82241e+08
27.8,32.7,3.9051e+08
27.8,32.8,3.98881e+08
27.8,32.9,4.07354e+08
27.8,33,4.15931e+08
27.8,33.1,4.24612e+08
27.8,33.2,4.33397e+08
27.8,33.3,4.42287e+08
27.8,33.4,4.51282e+08
27.8,33.5,4.60382e+08
27.8,33.6,4.69588e+08
27.8,33.7,4.78901e+08
27.8,33.8,4.8832e+08
27.8,33.9,4.97847e+08
27.8,34,5.07482e+08
27.8,34.1,5.17225e+08
27.8,34.2,5.27076e+08
27.8,34.3,5.37037e+08
27.8,34.4,5.47107e+08
27.8,34.5,5.57287e+08
27.8,34.6,5.67578e+08
27.8,34.7,5.77979e+08
27.8,34.8,5.88492e+08
27.8,34.9,5.99117e+08
27.8,35,6.09855e+08
27.8,35.1,6.20704e+08
27.8,35.2,6.31668e+08
27.8,35.3,6.42744e+08
27.8,35.4,6.53935e+08
27.8,35.5,6.65241e+08
27.8,35.6,6.76661e+08
27.8,35.7,6.88198e+08
27.8,35.8,6.9985e+08
27.8,35.9,7.11618e+08
27.8,36,7.23504e+08
27.8,36.1,7.35506e+08
27.8,36.2,7.47627e+08
27.8,36.3,7.59866e+08
27.8,36.4,7.72224e+08
27.8,36.5,7.84701e+08
27.8,36.6,7.97297e+08
27.8,36.7,8.10014e+08
27.8,36.8,8.22852e+08
27.8,36.9,8.3581e+08
27.8,37,8.4889e+08
27.8,37.1,8.62093e+08
27.8,37.2,8.75417e+08
27.8,37.3,8.88865e+08
27.8,37.4,9.02436e+08
27.8,37.5,9.16132e+08
27.8,37.6,9.29951e+08
27.8,37.7,9.43896e+08
27.8,37.8,9.57966e+08
27.8,37.9,9.72161e+08
27.8,38,9.86484e+08
27.8,38.1,1.00093e+09
27.8,38.2,1.01551e+09
27.8,38.3,1.03021e+09
27.8,38.4,1.04504e+09
27.8,38.5,1.06001e+09
27.8,38.6,1.0751e+09
27.8,38.7,1.09032e+09
27.8,38.8,1.10567e+09
27.8,38.9,1.12115e+09
27.8,39,1.13676e+09
27.8,39.1,1.1525e+09
27.8,39.2,1.16838e+09
27.8,39.3,1.18439e+09
27.8,39.4,1.20053e+09
27.8,39.5,1.2168e+09
27.8,39.6,1.23321e+09
27.8,39.7,1.24976e+09
27.8,39.8,1.26644e+09
27.8,39.9,1.28325e+09
27.9,20,2.71908e+08
27.9,20.1,2.61894e+08
27.9,20.2,2.52035e+08
27.9,20.3,2.42332e+08
27.9,20.4,2.32788e+08
27.9,20.5,2.23405e+08
27.9,20.6,2.14183e+08
27.9,20.7,2.05127e+08
27.9,20.8,1.96236e+08
27.9,20.9,1.87514e+08
27.9,21,1.78962e+08
27.9,21.1,1.70582e+08
27.9,21.2,1.62377e+08
27.9,21.3,1.54347e+08
27.9,21.4,1.46496e+08
27.9,21.5,1.38826e+08
27.9,21.6,1.31337e+08
27.9,21.7,1.24033e+08
27.9,21.8,1.16915e+08
27.9,21.9,1.09986e+08
27.9,22,1.03247e+08
27.9,22.1,9.67005e+07
27.9,22.2,9.03485e+07
27.9,22.3,8.41931e+07
27.9,22.4,7.82364e+07
27.9,22.5,7.24804e+07
27.9,22.6,6.69272e+07
27.9,22.7,6.1579e+07
27.9,22.8,5.64377e+07
27.9,22.9,5.15056e+07
27.9,23,4.67847e+07
27.9,23.1,4.22772e+07
27.9,23.2,3.79851e+07
27.9,23.3,3.39105e+07
27.9,23.4,3.00558e+07
27.9,23.5,2.64229e+07
27.9,23.6,2.3014e+07
27.9,23.7,1.98313e+07
27.9,23.8,1.68769e+07
27.9,23.9,1.4153e+07
27.9,24,1.16619e+07
27.9,24.1,9.40556e+06
27.9,24.2,7.3863e+06
27.9,24.3,5.6063e+06
27.9,24.4,4.06775e+06
27.9,24.5,2.77287e+06
27.9,24.6,1.72385e+06
27.9,24.7,922941
27.9,24.8,372355
27.9,24.9,74331
27.9,25,31110
27.9,25.1,244940
27.9,25.2,718077
27.9,25.3,1.45278e+06
27.9,25.4,2.45132e+06
27.9,25.5,3.71597e+06
27.9,25.6,5.249e+06
27.9,25.7,7.05272e+06
27.9,25.8,9.12941e+06
27.9,25.9,1.14814e+07
27.9,26,1.41109e+07
27.9,26.1,1.70203e+07
27.9,26.2,2.0212e+07
27.9,26.3,2.36882e+07
27.9,26.4,2.74513e+07
27.9,26.5,3.15035e+07
27.9,26.6,3.58474e+07
27.9,26.7,4.04851e+07
27.9,26.8,4.54192e+07
27.9,26.9,5.06518e+07
27.9,27,5.61855e+07
27.9,27.1,6.20226e+07
27.9,27.2,6.81655e+07
27.9,27.3,7.46165e+07
27.9,27.4,7.43614e+07
27.9,27.5,8.66597e+07
27.9,27.6,9.21207e+07
27.9,27.7,9.77624e+07
27.9,27.8,1.03586e+08
27.9,27.9,1.09593e+08
27.9,28,1.13694e+08
27.9,28.1,1.17878e+08
27.9,28.2,1.22145e+08
27.9,28.3,1.26496e+08
27.9,28.4,1.30931e+08
27.9,28.5,1.35451e+08
27.9,28.6,1.40055e+08
27.9,28.7,1.44746e+08
27.9,28.8,1.49521e+08
27.9,28.9,1.54384e+08
27.9,29,1.59332e+08
27.9,29.1,1.64368e+08
27.9,29.2,1.69491e+08
27.9,29.3,1.74702e+08
27.9,29.4,1.80002e+08
27.9,29.5,1.8539e+08
27.9,29.6,1.90867e+08
27.9,29.7,1.96434e+08
27.9,29.8,2.02091e+08
27.9,29.9,2.07838e+08
27.9,30,2.13676e+08
27.9,30.1,2.19605e+08
27.9,30.2,2.25625e+08
27.9,30.3,2.31738e+08
27.9,30.4,2.37943e+08
27.9,30.5,2.44242e+08
27.9,30.6,2.50633e+08
27.9,30.7,2.57118e+08
27.9,30.8,2.63698e+08
27.9,30.9,2.70372e+08
27.9,31,2.77141e+08
27.9,31.1,2.84006e+08
27.9,31.2,2.90966e+08
27.9,31.3,2.98023e+08
27.9,31.4,3.05177e+08
27.9,31.5,3.12427e+08
27.9,31.6,3.19776e+08
27.9,31.7,3.27222e+08
27.9,31.8,3.34767e+08
27.9,31.9,3.42411e+08
27.9,32,3.50154e+08
27.9,32.1,3.57997e+08
27.9,32.2,3.6594e+08
27.9,32.3,3.73984e+08
27.9,32.4,3.82129e+08
27.9,32.5,3.90376e+08
27.9,32.6,3.98724e+08
27.9,32.7,4.07175e+08
27.9,32.8,4.15729e+08
27.9,32.9,4.24386e+08
27.9,33,4.33147e+08
27.9,33.1,4.42012e+08
27.9,33.2,4.50982e+08
27.9,33.3,4.60057e+08
27.9,33.4,4.69237e+08
27.9,33.5,4.78523e+08
27.9,33.6,4.87916e+08
27.9,33.7,4.97415e+08
27.9,33.8,5.07022e+08
27.9,33.9,5.16737e+08
27.9,34,5.2656e+08
27.9,34.1,5.36491e+08
27.9,34.2,5.46532e+08
27.9,34.3,5.56682e+08
27.9,34.4,5.66942e+08
27.9,34.5,5.77313e+08
27.9,34.6,5.87794e+08
27.9,34.7,5.98387e+08
27.9,34.8,6.09092e+08
27.9,34.9,6.19909e+08
27.9,35,6.30839e+08
27.9,35.1,6.41882e+08
27.9,35.2,6.53039e+08
27.9,35.3,6.64309e+08
27.9,35.4,6.75695e+08
27.9,35.5,6.87195e+08
27.9,35.6,6.98811e+08
27.9,35.7,7.10543e+08
27.9,35.8,7.22391e+08
27.9,35.9,7.34357e+08
27.9,36,7.46439e+08
27.9,36.1,7.5864e+08
27.9,36.2,7.70958e+08
27.9,36.3,7.83396e+08
27.9,36.4,7.95952e+08
27.9,36.5,8.08629e+08
27.9,36.6,8.21425e+08
27.9,36.7,8.34342e+08
27.9,36.8,8.47381e+08
27.9,36.9,8.6054e+08
27.9,37,8.73822e+08
27.9,37.1,8.87226e+08
27.9,37.2,9.00754e+08
27.9,37.3,9.14405e+08
27.9,37.4,9.28179e+08
27.9,37.5,9.42078e+08
27.9,37.6,9.56102e+08
27.9,37.7,9.70252e+08
27.9,37.8,9.84527e+08
27.9,37.9,9.98929e+08
27.9,38,1.01346e+09
27.9,38.1,1.02811e+09
27.9,38.2,1.0429e+09
27.9,38.3,1.05781e+09
27.9,38.4,1.07285e+09
27.9,38.5,1.08802e+09
27.9,38.6,1.10332e+09
27.9,38.7,1.11875e+09
27.9,38.8,1.13431e+09
27.9,38.9,1.15e+09
27.9,39,1.16582e+09
27.9,39.1,1.18177e+09
27.9,39.2,1.19786e+09
27.9,39.3,1.21408e+09
27.9,39.4,1.23044e+09
27.9,39.5,1.24692e+09
27.9,39.6,1.26355e+09
27.9,39.7,1.28031e+09
27.9,39.8,1.2972e+09
27.9,39.9,1.31423e+09
28,20,2.6215e+08
28,20.1,2.52314e+08
28,20.2,2.42633e+08
28,20.3,2.33109e+08
28,20.4,2.23745e+08
28,20.5,2.14543e+08
28,20.6,2.05503e+08
28,20.7,1.96629e+08
28,20.8,1.87922e+08
28,20.9,1.79384e+08
28,21,1.71017e+08
28,21.1,1.62823e+08
28,21.2,1.54804e+08
28,21.3,1.46963e+08
28,21.4,1.393e+08
28,21.5,1.31819e+08
28,21.6,1.24521e+08
28,21.7,1.17408e+08
28,21.8,1.10482e+08
28,21.9,1.03745e+08
28,22,9.71998e+07
28,22.1,9.08478e+07
28,22.2,8.46912e+07
28,22.3,7.87321e+07
28,22.4,7.29724e+07
28,22.5,6.74144e+07
28,22.6,6.20601e+07
28,22.7,5.69116e+07
28,22.8,5.19709e+07
28,22.9,4.72402e+07
28,23,4.27216e+07
28,23.1,3.84172e+07
28,23.2,3.43292e+07
28,23.3,3.04596e+07
28,23.4,2.68107e+07
28,23.5,2.33844e+07
28,23.6,2.01831e+07
28,23.7,1.72088e+07
28,23.8,1.44638e+07
28,23.9,1.19501e+07
28,24,9.67003e+06
28,24.1,7.62569e+06
28,24.2,5.81928e+06
28,24.3,4.25301e+06
28,24.4,2.92908e+06
28,24.5,1.8497e+06
28,24.6,1.01709e+06
28,24.7,433461
28,24.8,101052
28,24.9,22095.2
28,25,198835
28,25.1,633520
28,25.2,1.32841e+06
28,25.3,2.28575e+06
28,25.4,3.50784e+06
28,25.5,4.99693e+06
28,25.6,6.7553e+06
28,25.7,8.78526e+06
28,25.8,1.10891e+07
28,25.9,1.36691e+07
28,26,1.65276e+07
28,26.1,1.96669e+07
28,26.2,2.30893e+07
28,26.3,2.67971e+07
28,26.4,3.07928e+07
28,26.5,3.50786e+07
28,26.6,3.96568e+07
28,26.7,4.45299e+07
28,26.8,4.97001e+07
28,26.9,5.51699e+07
28,27,6.09417e+07
28,27.1,6.70177e+07
28,27.2,7.34005e+07
28,27.3,8.00923e+07
28,27.4,7.98311e+07
28,27.5,9.25601e+07
28,27.6,9.82046e+07
28,27.7,1.0403e+08
28,27.8,1.10039e+08
28,27.9,1.16231e+08
28,28,1.22608e+08
28,28.1,1.26955e+08
28,28.2,1.31386e+08
28,28.3,1.35902e+08
28,28.4,1.40502e+08
28,28.5,1.45186e+08
28,28.6,1.49957e+08
28,28.7,1.54813e+08
28,28.8,1.59755e+08
28,28.9,1.64784e+08
28,29,1.699e+08
28,29.1,1.75103e+08
28,29.2,1.80395e+08
28,29.3,1.85774e+08
28,29.4,1.91243e+08
28,29.5,1.968e+08
28,29.6,2.02447e+08
28,29.7,2.08184e+08
28,29.8,2.14011e+08
28,29.9,2.19929e+08
28,30,2.25939e+08
28,30.1,2.3204e+08
28,30.2,2.38233e+08
28,30.3,2.44518e+08
28,30.4,2.50897e+08
28,30.5,2.57369e+08
28,30.6,2.63934e+08
28,30.7,2.70594e+08
28,30.8,2.77349e+08
28,30.9,2.84198e+08
28,31,2.91143e+08
28,31.1,2.98184e+08
28,31.2,3.05321e+08
28,31.3,3.12555e+08
28,31.4,3.19886e+08
28,31.5,3.27315e+08
28,31.6,3.34841e+08
28,31.7,3.42467e+08
28,31.8,3.50191e+08
28,31.9,3.58014e+08
28,32,3.65938e+08
28,32.1,3.73961e+08
28,32.2,3.82086e+08
28,32.3,3.90311e+08
28,32.4,3.98638e+08
28,32.5,4.07067e+08
28,32.6,4.15598e+08
28,32.7,4.24232e+08
28,32.8,4.3297e+08
28,32.9,4.41811e+08
28,33,4.50756e+08
28,33.1,4.59806e+08
28,33.2,4.68961e+08
28,33.3,4.78222e+08
28,33.4,4.87589e+08
28,33.5,4.97062e+08
28,33.6,5.06641e+08
28,33.7,5.16329e+08
28,33.8,5.26124e+08
28,33.9,5.36027e+08
28,34,5.46038e+08
28,34.1,5.56159e+08
28,34.2,5.6639e+08
28,34.3,5.7673e+08
28,34.4,5.87181e+08
28,34.5,5.97743e+08
28,34.6,6.08416e+08
28,34.7,6.19201e+08
28,34.8,6.30098e+08
28,34.9,6.41108e+08
28,35,6.52232e+08
28,35.1,6.63469e+08
28,35.2,6.7482e+08
28,35.3,6.86285e+08
28,35.4,6.97866e+08
28,35.5,7.09562e+08
28,35.6,7.21374e+08
28,35.7,7.33302e+08
28,35.8,7.45348e+08
28,35.9,7.5751e+08
28,36,7.69791e+08
28,36.1,7.82189e+08
28,36.2,7.94707e+08
28,36.3,8.07344e+08
28,36.4,8.201e+08
28,36.5,8.32976e+08
28,36.6,8.45974e+08
28,36.7,8.59092e+08
28,36.8,8.72332e+08
28,36.9,8.85693e+08
28,37,8.99178e+08
28,37.1,9.12785e+08
28,37.2,9.26515e+08
28,37.3,9.4037e+08
28,37.4,9.54349e+08
28,37.5,9.68453e+08
28,37.6,9.82682e+08
28,37.7,9.97037e+08
28,37.8,1.01152e+09
28,37.9,1.02613e+09
28,38,1.04086e+09
28,38.1,1.05572e+09
28,38.2,1.07072e+09
28,38.3,1.08584e+09
28,38.4,1.10109e+09
28,38.5,1.11646e+09
28,38.6,1.13197e+09
28,38.7,1.14761e+09
28,38.8,1.16338e+09
28,38.9,1.17929e+09
28,39,1.19532e+09
28,39.1,1.21149e+09
28,39.2,1.22779e+09
28,39.3,1.24422e+09
28,39.4,1.26079e+09
28,39.5,1.27749e+09
28,39.6,1.29433e+09
28,39.7,1.3113e+09
28,39.8,1.32841e+09
28,39.9,1.34565e+09
28.1,20,2.52548e+08
28.1,20.1,2.4289e+08
28.1,20.2,2.33388e+08
28.1,20.3,2.24044e+08
28.1,20.4,2.14861e+08
28.1,20.5,2.0584e+08
28.1,20.6,1.96983e+08
28.1,20.7,1.88291e+08
28.1,20.8,1.79768e+08
28.1,20.9,1.71415e+08
28.1,21,1.63234e+08
28.1,21.1,1.55227e+08
28.1,21.2,1.47396e+08
28.1,21.3,1.39743e+08
28.1,21.4,1.32269e+08
28.1,21.5,1.24978e+08
28.1,21.6,1.17871e+08
28.1,21.7,1.10949e+08
28.1,21.8,1.04216e+08
28.1,21.9,9.76729e+07
28.1,22,9.13219e+07
28.1,22.1,8.5165e+07
28.1,22.2,7.92045e+07
28.1,22.3,7.34423e+07
28.1,22.4,6.78804e+07
28.1,22.5,6.2521e+07
28.1,22.6,5.73662e+07
28.1,22.7,5.24181e+07
28.1,22.8,4.76786e+07
28.1,22.9,4.31501e+07
28.1,23,3.88345e+07
28.1,23.1,3.4734e+07
28.1,23.2,3.08507e+07
28.1,23.3,2.71867e+07
28.1,23.4,2.37442e+07
28.1,23.5,2.05254e+07
28.1,23.6,1.75323e+07
28.1,23.7,1.47672e+07
28.1,23.8,1.22322e+07
28.1,23.9,9.92939e+06
28.1,24,7.86108e+06
28.1,24.1,6.0294e+06
28.1,24.2,4.43654e+06
28.1,24.3,3.08471e+06
28.1,24.4,1.97611e+06
28.1,24.5,1.11294e+06
28.1,24.6,497432
28.1,24.7,131800
28.1,24.8,18277.1
28.1,24.9,159102
28.1,25,556516
28.1,25.1,1.21277e+06
28.1,25.2,2.13013e+06
28.1,25.3,3.31084e+06
28.1,25.4,4.75718e+06
28.1,25.5,6.47144e+06
28.1,25.6,8.45588e+06
28.1,25.7,1.07128e+07
28.1,25.8,1.32445e+07
28.1,25.9,1.60533e+07
28.1,26,1.91415e+07
28.1,26.1,2.25113e+07
28.1,26.2,2.61652e+07
28.1,26.3,3.01055e+07
28.1,26.4,3.43345e+07
28.1,26.5,3.88544e+07
28.1,26.6,4.36678e+07
28.1,26.7,4.87769e+07
28.1,26.8,5.41841e+07
28.1,26.9,5.98918e+07
28.1,27,6.59024e+07
28.1,27.1,7.22181e+07
28.1,27.2,7.88415e+07
28.1,27.3,8.57749e+07
28.1,27.4,8.55078e+07
28.1,27.5,9.86686e+07
28.1,27.6,1.04497e+08
28.1,27.7,1.10508e+08
28.1,27.8,1.16702e+08
28.1,27.9,1.2308e+08
28.1,28,1.29644e+08
28.1,28.1,1.36394e+08
28.1,28.2,1.4099e+08
28.1,28.3,1.4567e+08
28.1,28.4,1.50436e+08
28.1,28.5,1.55286e+08
28.1,28.6,1.60223e+08
28.1,28.7,1.65245e+08
28.1,28.8,1.70355e+08
28.1,28.9,1.75551e+08
28.1,29,1.80835e+08
28.1,29.1,1.86207e+08
28.1,29.2,1.91667e+08
28.1,29.3,1.97216e+08
28.1,29.4,2.02854e+08
28.1,29.5,2.08581e+08
28.1,29.6,2.14399e+08
28.1,29.7,2.20306e+08
28.1,29.8,2.26305e+08
28.1,29.9,2.32395e+08
28.1,30,2.38577e+08
28.1,30.1,2.4485e+08
28.1,30.2,2.51216e+08
28.1,30.3,2.57675e+08
28.1,30.4,2.64228e+08
28.1,30.5,2.70874e+08
28.1,30.6,2.77614e+08
28.1,30.7,2.84449e+08
28.1,30.8,2.91379e+08
28.1,30.9,2.98405e+08
28.1,31,3.05526e+08
28.1,31.1,3.12744e+08
28.1,31.2,3.20059e+08
28.1,31.3,3.27471e+08
28.1,31.4,3.3498e+08
28.1,31.5,3.42587e+08
28.1,31.6,3.50293e+08
28.1,31.7,3.58098e+08
28.1,31.8,3.66002e+08
28.1,31.9,3.74006e+08
28.1,32,3.82111e+08
28.1,32.1,3.90315e+08
28.1,32.2,3.98621e+08
28.1,32.3,4.07029e+08
28.1,32.4,4.15538e+08
28.1,32.5,4.2415e+08
28.1,32.6,4.32865e+08
28.1,32.7,4.41683e+08
28.1,32.8,4.50605e+08
28.1,32.9,4.59631e+08
28.1,33,4.68762e+08
28.1,33.1,4.77998e+08
28.1,33.2,4.87339e+08
28.1,33.3,4.96786e+08
28.1,33.4,5.0634e+08
28.1,33.5,5.16e+08
28.1,33.6,5.25768e+08
28.1,33.7,5.35643e+08
28.1,33.8,5.45627e+08
28.1,33.9,5.5572e+08
28.1,34,5.65921e+08
28.1,34.1,5.76232e+08
28.1,34.2,5.86653e+08
28.1,34.3,5.97184e+08
28.1,34.4,6.07827e+08
28.1,34.5,6.18581e+08
28.1,34.6,6.29446e+08
28.1,34.7,6.40424e+08
28.1,34.8,6.51515e+08
28.1,34.9,6.62718e+08
28.1,35,6.74036e+08
28.1,35.1,6.85467e+08
28.1,35.2,6.97013e+08
28.1,35.3,7.08674e+08
28.1,35.4,7.20451e+08
28.1,35.5,7.32343e+08
28.1,35.6,7.44352e+08
28.1,35.7,7.56478e+08
28.1,35.8,7.68721e+08
28.1,35.9,7.81082e+08
28.1,36,7.93561e+08
28.1,36.1,8.06159e+08
28.1,36.2,8.18876e+08
28.1,36.3,8.31713e+08
28.1,36.4,8.44669e+08
28.1,36.5,8.57747e+08
28.1,36.6,8.70945e+08
28.1,36.7,8.84265e+08
28.1,36.8,8.97707e+08
28.1,36.9,9.11272e+08
28.1,37,9.24959e+08
28.1,37.1,9.3877e+08
28.1,37.2,9.52705e+08
28.1,37.3,9.66764e+08
28.1,37.4,9.80948e+08
28.1,37.5,9.95258e+08
28.1,37.6,1.00969e+09
28.1,37.7,1.02425e+09
28.1,37.8,1.03894e+09
28.1,37.9,1.05376e+09
28.1,38,1.0687e+09
28.1,38.1,1.08377e+09
28.1,38.2,1.09897e+09
28.1,38.3,1.1143e+09
28.1,38.4,1.12976e+09
28.1,38.5,1.14535e+09
28.1,38.6,1.16107e+09
28.1,38.7,1.17692e+09
28.1,38.8,1.1929e+09
28.1,38.9,1.20901e+09
28.1,39,1.22526e+09
28.1,39.1,1.24164e+09
28.1,39.2,1.25815e+09
28.1,39.3,1.2748e+09
28.1,39.4,1.29158e+09
28.1,39.5,1.3085e+09
28.1,39.6,1.32555e+09
28.1,39.7,1.34274e+09
28.1,39.8,1.36007e+09
28.1,39.9,1.37753e+09
28.2,20,2.43104e+08
28.2,20.1,2.33624e+08
28.2,20.2,2.24302e+08
28.2,20.3,2.15139e+08
28.2,20.4,2.06137e+08
28.2,20.5,1.97298e+08
28.2,20.6,1.88623e+08
28.2,20.7,1.80116e+08
28.2,20.8,1.71778e+08
28.2,20.9,1.6361e+08
28.2,21,1.55616e+08
28.2,21.1,1.47796e+08
28.2,21.2,1.40152e+08
28.2,21.3,1.32688e+08
28.2,21.4,1.25405e+08
28.2,21.5,1.18304e+08
28.2,21.6,1.11388e+08
28.2,21.7,1.04659e+08
28.2,21.8,9.81194e+07
28.2,21.9,9.17704e+07
28.2,22,8.56144e+07
28.2,22.1,7.96534e+07
28.2,22.2,7.38896e+07
28.2,22.3,6.83249e+07
28.2,22.4,6.29615e+07
28.2,22.5,5.78015e+07
28.2,22.6,5.28469e+07
28.2,22.7,4.80997e+07
28.2,22.8,4.35623e+07
28.2,22.9,3.92365e+07
28.2,23,3.51246e+07
28.2,23.1,3.12286e+07
28.2,23.2,2.75508e+07
28.2,23.3,2.40931e+07
28.2,23.4,2.08578e+07
28.2,23.5,1.7847e+07
28.2,23.6,1.50629e+07
28.2,23.7,1.25076e+07
28.2,23.8,1.01833e+07
28.2,23.9,8.09212e+06
28.2,24,6.23629e+06
28.2,24.1,4.61798e+06
28.2,24.2,3.23938e+06
28.2,24.3,2.10269e+06
28.2,24.4,1.21011e+06
28.2,24.5,563868
28.2,24.6,166170
28.2,24.7,19243.5
28.2,24.8,125321
28.2,24.9,486639
28.2,25,1.10544e+06
28.2,25.1,1.98399e+06
28.2,25.2,3.12453e+06
28.2,25.3,4.52933e+06
28.2,25.4,6.20066e+06
28.2,25.5,8.1408e+06
28.2,25.6,1.0352e+07
28.2,25.7,1.28366e+07
28.2,25.8,1.55969e+07
28.2,25.9,1.86352e+07
28.2,26,2.19538e+07
28.2,26.1,2.5555e+07
28.2,26.2,2.94411e+07
28.2,26.3,3.36145e+07
28.2,26.4,3.80775e+07
28.2,26.5,4.28325e+07
28.2,26.6,4.78817e+07
28.2,26.7,5.32276e+07
28.2,26.8,5.88726e+07
28.2,26.9,6.48189e+07
28.2,27,7.10689e+07
28.2,27.1,7.76252e+07
28.2,27.2,8.44899e+07
28.2,27.3,9.16656e+07
28.2,27.4,9.13929e+07
28.2,27.5,1.04987e+08
28.2,27.6,1.11e+08
28.2,27.7,1.17196e+08
28.2,27.8,1.23576e+08
28.2,27.9,1.30141e+08
28.2,28,1.36892e+08
28.2,28.1,1.43831e+08
28.2,28.2,1.50958e+08
28.2,28.3,1.55804e+08
28.2,28.4,1.60735e+08
28.2,28.5,1.65752e+08
28.2,28.6,1.70856e+08
28.2,28.7,1.76046e+08
28.2,28.8,1.81323e+08
28.2,28.9,1.86688e+08
28.2,29,1.9214e+08
28.2,29.1,1.97681e+08
28.2,29.2,2.0331e+08
28.2,29.3,2.09029e+08
28.2,29.4,2.14837e+08
28.2,29.5,2.20736e+08
28.2,29.6,2.26724e+08
28.2,29.7,2.32804e+08
28.2,29.8,2.38975e+08
28.2,29.9,2.45237e+08
28.2,30,2.51592e+08
28.2,30.1,2.58039e+08
28.2,30.2,2.64578e+08
28.2,30.3,2.71212e+08
28.2,30.4,2.77939e+08
28.2,30.5,2.8476e+08
28.2,30.6,2.91676e+08
28.2,30.7,2.98687e+08
28.2,30.8,3.05793e+08
28.2,30.9,3.12996e+08
28.2,31,3.20294e+08
28.2,31.1,3.2769e+08
28.2,31.2,3.35182e+08
28.2,31.3,3.42773e+08
28.2,31.4,3.50461e+08
28.2,31.5,3.58248e+08
28.2,31.6,3.66134e+08
28.2,31.7,3.74119e+08
28.2,31.8,3.82204e+08
28.2,31.9,3.90389e+08
28.2,32,3.98675e+08
28.2,32.1,4.07062e+08
28.2,32.2,4.1555e+08
28.2,32.3,4.24141e+08
28.2,32.4,4.32834e+08
28.2,32.5,4.41629e+08
28.2,32.6,4.50528e+08
28.2,32.7,4.59531e+08
28.2,32.8,4.68638e+08
28.2,32.9,4.7785e+08
28.2,33,4.87166e+08
28.2,33.1,4.96588e+08
28.2,33.2,5.06117e+08
28.2,33.3,5.15751e+08
28.2,33.4,5.25493e+08
28.2,33.5,5.35341e+08
28.2,33.6,5.45298e+08
28.2,33.7,5.55362e+08
28.2,33.8,5.65536e+08
28.2,33.9,5.75818e+08
28.2,34,5.8621e+08
28.2,34.1,5.96712e+08
28.2,34.2,6.07324e+08
28.2,34.3,6.18047e+08
28.2,34.4,6.28882e+08
28.2,34.5,6.39828e+08
28.2,34.6,6.50887e+08
28.2,34.7,6.62058e+08
28.2,34.8,6.73343e+08
28.2,34.9,6.84741e+08
28.2,35,6.96254e+08
28.2,35.1,7.0788e+08
28.2,35.2,7.19622e+08
28.2,35.3,7.3148e+08
28.2,35.4,7.43453e+08
28.2,35.5,7.55542e+08
28.2,35.6,7.67749e+08
28.2,35.7,7.80073e+08
28.2,35.8,7.92514e+08
28.2,35.9,8.05074e+08
28.2,36,8.17753e+08
28.2,36.1,8.30551e+08
28.2,36.2,8.43468e+08
28.2,36.3,8.56505e+08
28.2,36.4,8.69663e+08
28.2,36.5,8.82943e+08
28.2,36.6,8.96343e+08
28.2,36.7,9.09866e+08
28.2,36.8,9.23511e+08
28.2,36.9,9.37279e+08
28.2,37,9.5117e+08
28.2,37.1,9.65186e+08
28.2,37.2,9.79325e+08
28.2,37.3,9.9359e+08
28.2,37.4,1.00798e+09
28.2,37.5,1.0225e+09
28.2,37.6,1.03714e+09
28.2,37.7,1.05191e+09
28.2,37.8,1.0668e+09
28.2,37.9,1.08182e+09
28.2,38,1.09698e+09
28.2,38.1,1.11226e+09
28.2,38.2,1.12767e+09
28.2,38.3,1.14321e+09
28.2,38.4,1.15887e+09
28.2,38.5,1.17467e+09
28.2,38.6,1.1906e+09
28.2,38.7,1.20667e+09
28.2,38.8,1.22286e+09
28.2,38.9,1.23919e+09
28.2,39,1.25565e+09
28.2,39.1,1.27224e+09
28.2,39.2,1.28897e+09
28.2,39.3,1.30583e+09
28.2,39.4,1.32283e+09
28.2,39.5,1.33996e+09
28.2,39.6,1.35723e+09
28.2,39.7,1.37463e+09
28.2,39.8,1.39217e+09
28.2,39.9,1.40985e+09
28.3,20,2.33818e+08
28.3,20.1,2.24518e+08
28.3,20.2,2.15376e+08
28.3,20.3,2.06394e+08
28.3,20.4,1.97574e+08
28.3,20.5,1.88917e+08
28.3,20.6,1.80427e+08
28.3,20.7,1.72104e+08
28.3,20.8,1.63951e+08
28.3,20.9,1.5597e+08
28.3,21,1.48162e+08
28.3,21.1,1.4053e+08
28.3,21.2,1.33076e+08
28.3,21.3,1.25801e+08
28.3,21.4,1.18708e+08
28.3,21.5,1.11799e+08
28.3,21.6,1.05075e+08
28.3,21.7,9.85393e+07
28.3,21.8,9.21933e+07
28.3,21.9,8.6039e+07
28.3,22,8.00787e+07
28.3,22.1,7.43142e+07
28.3,22.2,6.87478e+07
28.3,22.3,6.33814e+07
28.3,22.4,5.82171e+07
28.3,22.5,5.3257e+07
28.3,22.6,4.85033e+07
28.3,22.7,4.39579e+07
28.3,22.8,3.9623e+07
28.3,22.9,3.55008e+07
28.3,23,3.15932e+07
28.3,23.1,2.79025e+07
28.3,23.2,2.44308e+07
28.3,23.3,2.11801e+07
28.3,23.4,1.81527e+07
28.3,23.5,1.53507e+07
28.3,23.6,1.27762e+07
28.3,23.7,1.04314e+07
28.3,23.8,8.31848e+06
28.3,23.9,6.43961e+06
28.3,24,4.79695e+06
28.3,24.1,3.39271e+06
28.3,24.2,2.22906e+06
28.3,24.3,1.30822e+06
28.3,24.4,632384
28.3,24.5,203769
28.3,24.6,24593.5
28.3,24.7,97084.3
28.3,24.8,423474
28.3,24.9,1.006e+06
28.3,25,1.84691e+06
28.3,25.1,2.94846e+06
28.3,25.2,4.31291e+06
28.3,25.3,5.94251e+06
28.3,25.4,7.83955e+06
28.3,25.5,1.00063e+07
28.3,25.6,1.2445e+07
28.3,25.7,1.51581e+07
28.3,25.8,1.81477e+07
28.3,25.9,2.14162e+07
28.3,26,2.4966e+07
28.3,26.1,2.87992e+07
28.3,26.2,3.29183e+07
28.3,26.3,3.73256e+07
28.3,26.4,4.20234e+07
28.3,26.5,4.7014e+07
28.3,26.6,5.22999e+07
28.3,26.7,5.78833e+07
28.3,26.8,6.37667e+07
28.3,26.9,6.99524e+07
28.3,27,7.64427e+07
28.3,27.1,8.32402e+07
28.3,27.2,9.0347e+07
28.3,27.3,9.77658e+07
28.3,27.4,9.74875e+07
28.3,27.5,1.11516e+08
28.3,27.6,1.17715e+08
28.3,27.7,1.24097e+08
28.3,27.8,1.30663e+08
28.3,27.9,1.37415e+08
28.3,28,1.44355e+08
28.3,28.1,1.51482e+08
28.3,28.2,1.58798e+08
28.3,28.3,1.66306e+08
28.3,28.4,1.71404e+08
28.3,28.5,1.76588e+08
28.3,28.6,1.81859e+08
28.3,28.7,1.87217e+08
28.3,28.8,1.92663e+08
28.3,28.9,1.98196e+08
28.3,29,2.03818e+08
28.3,29.1,2.09529e+08
28.3,29.2,2.15328e+08
28.3,29.3,2.21218e+08
28.3,29.4,2.27197e+08
28.3,29.5,2.33267e+08
28.3,29.6,2.39427e+08
28.3,29.7,2.45679e+08
28.3,29.8,2.52023e+08
28.3,29.9,2.58458e+08
28.3,30,2.64986e+08
28.3,30.1,2.71607e+08
28.3,30.2,2.78322e+08
28.3,30.3,2.8513e+08
28.3,30.4,2.92032e+08
28.3,30.5,2.99029e+08
28.3,30.6,3.06122e+08
28.3,30.7,3.13309e+08
28.3,30.8,3.20593e+08
28.3,30.9,3.27973e+08
28.3,31,3.35449e+08
28.3,31.1,3.43023e+08
28.3,31.2,3.50695e+08
28.3,31.3,3.58464e+08
28.3,31.4,3.66332e+08
28.3,31.5,3.74299e+08
28.3,31.6,3.82365e+08
28.3,31.7,3.90532e+08
28.3,31.8,3.98798e+08
28.3,31.9,4.07165e+08
28.3,32,4.15633e+08
28.3,32.1,4.24203e+08
28.3,32.2,4.32875e+08
28.3,32.3,4.41649e+08
28.3,32.4,4.50526e+08
28.3,32.5,4.59506e+08
28.3,32.6,4.6859e+08
28.3,32.7,4.77778e+08
28.3,32.8,4.87071e+08
28.3,32.9,4.96469e+08
28.3,33,5.05972e+08
28.3,33.1,5.15582e+08
28.3,33.2,5.25297e+08
28.3,33.3,5.3512e+08
28.3,33.4,5.4505e+08
28.3,33.5,5.55088e+08
28.3,33.6,5.65233e+08
28.3,33.7,5.75488e+08
28.3,33.8,5.85852e+08
28.3,33.9,5.96325e+08
28.3,34,6.06908e+08
28.3,34.1,6.17601e+08
28.3,34.2,6.28406e+08
28.3,34.3,6.39321e+08
28.3,34.4,6.50349e+08
28.3,34.5,6.61489e+08
28.3,34.6,6.72741e+08
28.3,34.7,6.84107e+08
28.3,34.8,6.95587e+08
28.3,34.9,7.0718e+08
28.3,35,7.18888e+08
28.3,35.1,7.30711e+08
28.3,35.2,7.42649e+08
28.3,35.3,7.54704e+08
28.3,35.4,7.66874e+08
28.3,35.5,7.79162e+08
28.3,35.6,7.91567e+08
28.3,35.7,8.04089e+08
28.3,35.8,8.1673e+08
28.3,35.9,8.2949e+08
28.3,36,8.42369e+08
28.3,36.1,8.55367e+08
28.3,36.2,8.68486e+08
28.3,36.3,8.81725e+08
28.3,36.4,8.95085e+08
28.3,36.5,9.08566e+08
28.3,36.6,9.2217e+08
28.3,36.7,9.35896e+08
28.3,36.8,9.49745e+08
28.3,36.9,9.63717e+08
28.3,37,9.77813e+08
28.3,37.1,9.92034e+08
28.3,37.2,1.00638e+09
28.3,37.3,1.02085e+09
28.3,37.4,1.03545e+09
28.3,37.5,1.05017e+09
28.3,37.6,1.06502e+09
28.3,37.7,1.07999e+09
28.3,37.8,1.0951e+09
28.3,37.9,1.11033e+09
28.3,38,1.12569e+09
28.3,38.1,1.14118e+09
28.3,38.2,1.1568e+09
28.3,38.3,1.17255e+09
28.3,38.4,1.18843e+09
28.3,38.5,1.20444e+09
28.3,38.6,1.22059e+09
28.3,38.7,1.23686e+09
28.3,38.8,1.25327e+09
28.3,38.9,1.26981e+09
28.3,39,1.28648e+09
28.3,39.1,1.30329e+09
28.3,39.2,1.32023e+09
28.3,39.3,1.33731e+09
28.3,39.4,1.35452e+09
28.3,39.5,1.37187e+09
28.3,39.6,1.38936e+09
28.3,39.7,1.40698e+09
28.3,39.8,1.42474e+09
28.3,39.9,1.44263e+09
28.4,20,2.24692e+08
28.4,20.1,2.15572e+08
28.4,20.2,2.06611e+08
28.4,20.3,1.97811e+08
28.4,20.4,1.89173e+08
28.4,20.5,1.807e+08
28.4,20.6,1.72394e+08
28.4,20.7,1.64256e+08
28.4,20.8,1.56289e+08
28.4,20.9,1.48495e+08
28.4,21,1.40875e+08
28.4,21.1,1.33431e+08
28.4,21.2,1.26167e+08
28.4,21.3,1.19082e+08
28.4,21.4,1.1218e+08
28.4,21.5,1.05463e+08
28.4,21.6,9.89323e+07
28.4,21.7,9.25902e+07
28.4,21.8,8.64388e+07
28.4,21.9,8.048e+07
28.4,22,7.47159e+07
28.4,22.1,6.91487e+07
28.4,22.2,6.37803e+07
28.4,22.3,5.86128e+07
28.4,22.4,5.36484e+07
28.4,22.5,4.8889e+07
28.4,22.6,4.43368e+07
28.4,22.7,3.99938e+07
28.4,22.8,3.58623e+07
28.4,22.9,3.19442e+07
28.4,23,2.82417e+07
28.4,23.1,2.47569e+07
28.4,23.2,2.14919e+07
28.4,23.3,1.8449e+07
28.4,23.4,1.56301e+07
28.4,23.5,1.30375e+07
28.4,23.6,1.06734e+07
28.4,23.7,8.53982e+06
28.4,23.8,6.63901e+06
28.4,23.9,4.97313e+06
28.4,24,3.54436e+06
28.4,24.1,2.35488e+06
28.4,24.2,1.4069e+06
28.4,24.3,702607
28.4,24.4,244215
28.4,24.5,33938.4
28.4,24.6,73996.2
28.4,24.7,366616
28.4,24.8,914032
28.4,24.9,1.71848e+06
28.4,25,2.78222e+06
28.4,25.1,4.10749e+06
28.4,25.2,5.69656e+06
28.4,25.3,7.55169e+06
28.4,25.4,9.67516e+06
28.4,25.5,1.20692e+07
28.4,25.6,1.47362e+07
28.4,25.7,1.76784e+07
28.4,25.8,2.08981e+07
28.4,25.9,2.43976e+07
28.4,26,2.81792e+07
28.4,26.1,3.22452e+07
28.4,26.2,3.6598e+07
28.4,26.3,4.12399e+07
28.4,26.4,4.61732e+07
28.4,26.5,5.14003e+07
28.4,26.6,5.69235e+07
28.4,26.7,6.27453e+07
28.4,26.8,6.88678e+07
28.4,26.9,7.52936e+07
28.4,27,8.2025e+07
28.4,27.1,8.90644e+07
28.4,27.2,9.64142e+07
28.4,27.3,1.04077e+08
28.4,27.4,1.03793e+08
28.4,27.5,1.18257e+08
28.4,27.6,1.24642e+08
28.4,27.7,1.3121e+08
28.4,27.8,1.37964e+08
28.4,27.9,1.44904e+08
28.4,28,1.52032e+08
28.4,28.1,1.59349e+08
28.4,28.2,1.66855e+08
28.4,28.3,1.74553e+08
28.4,28.4,1.82443e+08
28.4,28.5,1.87795e+08
28.4,28.6,1.93235e+08
28.4,28.7,1.98761e+08
28.4,28.8,2.04376e+08
28.4,28.9,2.10079e+08
28.4,29,2.15871e+08
28.4,29.1,2.21752e+08
28.4,29.2,2.27723e+08
28.4,29.3,2.33783e+08
28.4,29.4,2.39935e+08
28.4,29.5,2.46176e+08
28.4,29.6,2.5251e+08
28.4,29.7,2.58934e+08
28.4,29.8,2.65451e+08
28.4,29.9,2.72061e+08
28.4,30,2.78763e+08
28.4,30.1,2.85559e+08
28.4,30.2,2.92449e+08
28.4,30.3,2.99433e+08
28.4,30.4,3.06511e+08
28.4,30.5,3.13685e+08
28.4,30.6,3.20954e+08
28.4,30.7,3.28319e+08
28.4,30.8,3.3578e+08
28.4,30.9,3.43338e+08
28.4,31,3.50994e+08
28.4,31.1,3.58747e+08
28.4,31.2,3.66598e+08
28.4,31.3,3.74547e+08
28.4,31.4,3.82596e+08
28.4,31.5,3.90744e+08
28.4,31.6,3.98991e+08
28.4,31.7,4.07339e+08
28.4,31.8,4.15788e+08
28.4,31.9,4.24337e+08
28.4,32,4.32989e+08
28.4,32.1,4.41742e+08
28.4,32.2,4.50597e+08
28.4,32.3,4.59556e+08
28.4,32.4,4.68618e+08
28.4,32.5,4.77783e+08
28.4,32.6,4.87053e+08
28.4,32.7,4.96427e+08
28.4,32.8,5.05907e+08
28.4,32.9,5.15492e+08
28.4,33,5.25183e+08
28.4,33.1,5.3498e+08
28.4,33.2,5.44884e+08
28.4,33.3,5.54895e+08
28.4,33.4,5.65015e+08
28.4,33.5,5.75242e+08
28.4,33.6,5.85578e+08
28.4,33.7,5.96023e+08
28.4,33.8,6.06578e+08
28.4,33.9,6.17242e+08
28.4,34,6.28017e+08
28.4,34.1,6.38903e+08
28.4,34.2,6.499e+08
28.4,34.3,6.6101e+08
28.4,34.4,6.72231e+08
28.4,34.5,6.83565e+08
28.4,34.6,6.95012e+08
28.4,34.7,7.06573e+08
28.4,34.8,7.18248e+08
28.4,34.9,7.30037e+08
28.4,35,7.41941e+08
28.4,35.1,7.53961e+08
28.4,35.2,7.66097e+08
28.4,35.3,7.78349e+08
28.4,35.4,7.90718e+08
28.4,35.5,8.03204e+08
28.4,35.6,8.15808e+08
28.4,35.7,8.28531e+08
28.4,35.8,8.41372e+08
28.4,35.9,8.54332e+08
28.4,36,8.67411e+08
28.4,36.1,8.80611e+08
28.4,36.2,8.93931e+08
28.4,36.3,9.07373e+08
28.4,36.4,9.20936e+08
28.4,36.5,9.34621e+08
28.4,36.6,9.48428e+08
28.4,36.7,9.62358e+08
28.4,36.8,9.76411e+08
28.4,36.9,9.90589e+08
28.4,37,1.00489e+09
28.4,37.1,1.01932e+09
28.4,37.2,1.03387e+09
28.4,37.3,1.04855e+09
28.4,37.4,1.06335e+09
28.4,37.5,1.07828e+09
28.4,37.6,1.09334e+09
28.4,37.7,1.10852e+09
28.4,37.8,1.12384e+09
28.4,37.9,1.13928e+09
28.4,38,1.15485e+09
28.4,38.1,1.17055e+09
28.4,38.2,1.18638e+09
28.4,38.3,1.20234e+09
28.4,38.4,1.21843e+09
28.4,38.5,1.23466e+09
28.4,38.6,1.25101e+09
28.4,38.7,1.2675e+09
28.4,38.8,1.28412e+09
28.4,38.9,1.30088e+09
28.4,39,1.31777e+09
28.4,39.1,1.33479e+09
28.4,39.2,1.35195e+09
28.4,39.3,1.36924e+09
28.4,39.4,1.38667e+09
28.4,39.5,1.40424e+09
28.4,39.6,1.42194e+09
28.4,39.7,1.43978e+09
28.4,39.8,1.45776e+09
28.4,39.9,1.47587e+09
28.5,20,2.15727e+08
28.5,20.1,2.06788e+08
28.5,20.2,1.98008e+08
28.5,20.3,1.89391e+08
28.5,20.4,1.80936e+08
28.5,20.5,1.72648e+08
28.5,20.6,1.64526e+08
28.5,20.7,1.56574e+08
28.5,20.8,1.48794e+08
28.5,20.9,1.41187e+08
28.5,21,1.33755e+08
28.5,21.1,1.26501e+08
28.5,21.2,1.19426e+08
28.5,21.3,1.12533e+08
28.5,21.4,1.05823e+08
28.5,21.5,9.92983e+07
28.5,21.6,9.29611e+07
28.5,21.7,8.68134e+07
28.5,21.8,8.08572e+07
28.5,21.9,7.50946e+07
28.5,22,6.95275e+07
28.5,22.1,6.41582e+07
28.5,22.2,5.89885e+07
28.5,22.3,5.40206e+07
28.5,22.4,4.92566e+07
28.5,22.5,4.46986e+07
28.5,22.6,4.03486e+07
28.5,22.7,3.62088e+07
28.5,22.8,3.22812e+07
28.5,22.9,2.85679e+07
28.5,23,2.50712e+07
28.5,23.1,2.1793e+07
28.5,23.2,1.87355e+07
28.5,23.3,1.5901e+07
28.5,23.4,1.32914e+07
28.5,23.5,1.09089e+07
28.5,23.6,8.75583e+06
28.5,23.7,6.83418e+06
28.5,23.8,5.14617e+06
28.5,23.9,3.69398e+06
28.5,24,2.47979e+06
28.5,24.1,1.50579e+06
28.5,24.2,774172
28.5,24.3,287139
28.5,24.4,46900.9
28.5,24.5,55671.9
28.5,24.6,315674
28.5,24.7,829136
28.5,24.8,1.59829e+06
28.5,24.9,2.62538e+06
28.5,25,3.91266e+06
28.5,25.1,5.46237e+06
28.5,25.2,7.27679e+06
28.5,25.3,9.35817e+06
28.5,25.4,1.17088e+07
28.5,25.5,1.43309e+07
28.5,25.6,1.72269e+07
28.5,25.7,2.0399e+07
28.5,25.8,2.38494e+07
28.5,25.9,2.75806e+07
28.5,26,3.15948e+07
28.5,26.1,3.58944e+07
28.5,26.2,4.04816e+07
28.5,26.3,4.53588e+07
28.5,26.4,5.05284e+07
28.5,26.5,5.59927e+07
28.5,26.6,6.1754e+07
28.5,26.7,6.78148e+07
28.5,26.8,7.41773e+07
28.5,26.9,8.08439e+07
28.5,27,8.78171e+07
28.5,27.1,9.50992e+07
28.5,27.2,1.02693e+08
28.5,27.3,1.106e+08
28.5,27.4,1.10311e+08
28.5,27.5,1.25211e+08
28.5,27.6,1.31783e+08
28.5,27.7,1.38539e+08
28.5,27.8,1.45481e+08
28.5,27.9,1.52609e+08
28.5,28,1.59926e+08
28.5,28.1,1.67433e+08
28.5,28.2,1.7513e+08
28.5,28.3,1.83019e+08
28.5,28.4,1.91101e+08
28.5,28.5,1.99377e+08
28.5,28.6,2.04985e+08
28.5,28.7,2.10681e+08
28.5,28.8,2.16466e+08
28.5,28.9,2.2234e+08
28.5,29,2.28302e+08
28.5,29.1,2.34354e+08
28.5,29.2,2.40497e+08
28.5,29.3,2.46729e+08
28.5,29.4,2.53053e+08
28.5,29.5,2.59468e+08
28.5,29.6,2.65974e+08
28.5,29.7,2.72573e+08
28.5,29.8,2.79264e+08
28.5,29.9,2.86048e+08
28.5,30,2.92926e+08
28.5,30.1,2.99897e+08
28.5,30.2,3.06962e+08
28.5,30.3,3.14123e+08
28.5,30.4,3.21378e+08
28.5,30.5,3.28729e+08
28.5,30.6,3.36175e+08
28.5,30.7,3.43719e+08
28.5,30.8,3.51358e+08
28.5,30.9,3.59096e+08
28.5,31,3.6693e+08
28.5,31.1,3.74863e+08
28.5,31.2,3.82894e+08
28.5,31.3,3.91025e+08
28.5,31.4,3.99254e+08
28.5,31.5,4.07584e+08
28.5,31.6,4.16013e+08
28.5,31.7,4.24544e+08
28.5,31.8,4.33175e+08
28.5,31.9,4.41908e+08
28.5,32,4.50743e+08
28.5,32.1,4.59681e+08
28.5,32.2,4.68721e+08
28.5,32.3,4.77865e+08
28.5,32.4,4.87112e+08
28.5,32.5,4.96464e+08
28.5,32.6,5.0592e+08
28.5,32.7,5.15481e+08
28.5,32.8,5.25148e+08
28.5,32.9,5.34921e+08
28.5,33,5.448e+08
28.5,33.1,5.54786e+08
28.5,33.2,5.64879e+08
28.5,33.3,5.7508e+08
28.5,33.4,5.85389e+08
28.5,33.5,5.95807e+08
28.5,33.6,6.06334e+08
28.5,33.7,6.1697e+08
28.5,33.8,6.27717e+08
28.5,33.9,6.38573e+08
28.5,34,6.49541e+08
28.5,34.1,6.6062e+08
28.5,34.2,6.71811e+08
28.5,34.3,6.83114e+08
28.5,34.4,6.9453e+08
28.5,34.5,7.06059e+08
28.5,34.6,7.17701e+08
28.5,34.7,7.29458e+08
28.5,34.8,7.41329e+08
28.5,34.9,7.53315e+08
28.5,35,7.65417e+08
28.5,35.1,7.77634e+08
28.5,35.2,7.89968e+08
28.5,35.3,8.02419e+08
28.5,35.4,8.14987e+08
28.5,35.5,8.27673e+08
28.5,35.6,8.40476e+08
28.5,35.7,8.53399e+08
28.5,35.8,8.66441e+08
28.5,35.9,8.79602e+08
28.5,36,8.92884e+08
28.5,36.1,9.06285e+08
28.5,36.2,9.19808e+08
28.5,36.3,9.33453e+08
28.5,36.4,9.47219e+08
28.5,36.5,9.61108e+08
28.5,36.6,9.7512e+08
28.5,36.7,9.89255e+08
28.5,36.8,1.00351e+09
28.5,36.9,1.0179e+09
28.5,37,1.0324e+09
28.5,37.1,1.04704e+09
28.5,37.2,1.0618e+09
28.5,37.3,1.07668e+09
28.5,37.4,1.09169e+09
28.5,37.5,1.10683e+09
28.5,37.6,1.1221e+09
28.5,37.7,1.13749e+09
28.5,37.8,1.15302e+09
28.5,37.9,1.16867e+09
28.5,38,1.18445e+09
28.5,38.1,1.20036e+09
28.5,38.2,1.21641e+09
28.5,38.3,1.23258e+09
28.5,38.4,1.24889e+09
28.5,38.5,1.26532e+09
28.5,38.6,1.28189e+09
28.5,38.7,1.29859e+09
28.5,38.8,1.31543e+09
28.5,38.9,1.3324e+09
28.5,39,1.3495e+09
28.5,39.1,1.36674e+09
28.5,39.2,1.38412e+09
28.5,39.3,1.40163e+09
28.5,39.4,1.41927e+09
28.5,39.5,1.43706e+09
28.5,39.6,1.45498e+09
28.5,39.7,1.47304e+09
28.5,39.8,1.49124e+09
28.5,39.9,1.50957e+09
28.6,20,2.06925e+08
28.6,20.1,1.98167e+08
28.6,20.2,1.8957e+08
28.6,20.3,1.81135e+08
28.6,20.4,1.72865e+08
28.6,20.5,1.6476e+08
28.6,20.6,1.56825e+08
28.6,20.7,1.49059e+08
28.6,20.8,1.41466e+08
28.6,20.9,1.34048e+08
28.6,21,1.26805e+08
28.6,21.1,1.19741e+08
28.6,21.2,1.12857e+08
28.6,21.3,1.06155e+08
28.6,21.4,9.96371e+07
28.6,21.5,9.33058e+07
28.6,21.6,8.71629e+07
28.6,21.7,8.12102e+07
28.6,21.8,7.54499e+07
28.6,21.9,6.98841e+07
28.6,22,6.45147e+07
28.6,22.1,5.93439e+07
28.6,22.2,5.43736e+07
28.6,22.3,4.9606e+07
28.6,22.4,4.50432e+07
28.6,22.5,4.06872e+07
28.6,22.6,3.65401e+07
28.6,22.7,3.2604e+07
28.6,22.8,2.88811e+07
28.6,22.9,2.53734e+07
28.6,23,2.20831e+07
28.6,23.1,1.90122e+07
28.6,23.2,1.61629e+07
28.6,23.3,1.35374e+07
28.6,23.4,1.11378e+07
28.6,23.5,8.96618e+06
28.6,23.6,7.02479e+06
28.6,23.7,5.31576e+06
28.6,23.8,3.84125e+06
28.6,23.9,2.60346e+06
28.6,24,1.60455e+06
28.6,24.1,846730
28.6,24.2,332182
28.6,24.3,63115.4
28.6,24.4,41738.5
28.6,24.5,270268
28.6,24.6,750926
28.6,24.7,1.48594e+06
28.6,24.8,2.47755e+06
28.6,24.9,3.728e+06
28.6,25,5.23954e+06
28.6,25.1,7.01442e+06
28.6,25.2,9.0549e+06
28.6,25.3,1.13633e+07
28.6,25.4,1.39418e+07
28.6,25.5,1.67927e+07
28.6,25.6,1.99183e+07
28.6,25.7,2.3321e+07
28.6,25.8,2.7003e+07
28.6,25.9,3.09666e+07
28.6,26,3.52142e+07
28.6,26.1,3.9748e+07
28.6,26.2,4.45704e+07
28.6,26.3,4.96837e+07
28.6,26.4,5.50903e+07
28.6,26.5,6.07925e+07
28.6,26.6,6.67927e+07
28.6,26.7,7.30932e+07
28.6,26.8,7.96964e+07
28.6,26.9,8.66046e+07
28.6,27,9.38204e+07
28.6,27.1,1.01346e+08
28.6,27.2,1.09184e+08
28.6,27.3,1.17336e+08
28.6,27.4,1.17043e+08
28.6,27.5,1.32381e+08
28.6,27.6,1.39139e+08
28.6,27.7,1.46083e+08
28.6,27.8,1.53214e+08
28.6,27.9,1.60532e+08
28.6,28,1.68039e+08
28.6,28.1,1.75735e+08
28.6,28.2,1.83624e+08
28.6,28.3,1.91704e+08
28.6,28.4,1.99979e+08
28.6,28.5,2.08448e+08
28.6,28.6,2.17114e+08
28.6,28.7,2.2298e+08
28.6,28.8,2.28935e+08
28.6,28.9,2.3498e+08
28.6,29,2.41114e+08
28.6,29.1,2.47338e+08
28.6,29.2,2.53652e+08
28.6,29.3,2.60058e+08
28.6,29.4,2.66555e+08
28.6,29.5,2.73143e+08
28.6,29.6,2.79824e+08
28.6,29.7,2.86597e+08
28.6,29.8,2.93463e+08
28.6,29.9,3.00422e+08
28.6,30,3.07475e+08
28.6,30.1,3.14623e+08
28.6,30.2,3.21865e+08
28.6,30.3,3.29202e+08
28.6,30.4,3.36635e+08
28.6,30.5,3.44164e+08
28.6,30.6,3.51789e+08
28.6,30.7,3.59511e+08
28.6,30.8,3.6733e+08
28.6,30.9,3.75247e+08
28.6,31,3.83262e+08
28.6,31.1,3.91375e+08
28.6,31.2,3.99587e+08
28.6,31.3,4.07899e+08
28.6,31.4,4.16311e+08
28.6,31.5,4.24823e+08
28.6,31.6,4.33435e+08
28.6,31.7,4.42149e+08
28.6,31.8,4.50964e+08
28.6,31.9,4.59881e+08
28.6,32,4.689e+08
28.6,32.1,4.78023e+08
28.6,32.2,4.87249e+08
28.6,32.3,4.96578e+08
28.6,32.4,5.06012e+08
28.6,32.5,5.1555e+08
28.6,32.6,5.25193e+08
28.6,32.7,5.34942e+08
28.6,32.8,5.44797e+08
28.6,32.9,5.54758e+08
28.6,33,5.64826e+08
28.6,33.1,5.75002e+08
28.6,33.2,5.85285e+08
28.6,33.3,5.95676e+08
28.6,33.4,6.06176e+08
28.6,33.5,6.16785e+08
28.6,33.6,6.27504e+08
28.6,33.7,6.38332e+08
28.6,33.8,6.49271e+08
28.6,33.9,6.60321e+08
28.6,34,6.71482e+08
28.6,34.1,6.82755e+08
28.6,34.2,6.9414e+08
28.6,34.3,7.05638e+08
28.6,34.4,7.17249e+08
28.6,34.5,7.28974e+08
28.6,34.6,7.40812e+08
28.6,34.7,7.52766e+08
28.6,34.8,7.64834e+08
28.6,34.9,7.77017e+08
28.6,35,7.89317e+08
28.6,35.1,8.01733e+08
28.6,35.2,8.14265e+08
28.6,35.3,8.26915e+08
28.6,35.4,8.39683e+08
28.6,35.5,8.52569e+08
28.6,35.6,8.65574e+08
28.6,35.7,8.78697e+08
28.6,35.8,8.91941e+08
28.6,35.9,9.05304e+08
28.6,36,9.18788e+08
28.6,36.1,9.32393e+08
28.6,36.2,9.46119e+08
28.6,36.3,9.59967e+08
28.6,36.4,9.73938e+08
28.6,36.5,9.88032e+08
28.6,36.6,1.00225e+09
28.6,36.7,1.01659e+09
28.6,36.8,1.03105e+09
28.6,36.9,1.04564e+09
28.6,37,1.06036e+09
28.6,37.1,1.0752e+09
28.6,37.2,1.09017e+09
28.6,37.3,1.10526e+09
28.6,37.4,1.12048e+09
28.6,37.5,1.13583e+09
28.6,37.6,1.15131e+09
28.6,37.7,1.16691e+09
28.6,37.8,1.18265e+09
28.6,37.9,1.19851e+09
28.6,38,1.2145e+09
28.6,38.1,1.23063e+09
28.6,38.2,1.24688e+09
28.6,38.3,1.26327e+09
28.6,38.4,1.27979e+09
28.6,38.5,1.29644e+09
28.6,38.6,1.31322e+09
28.6,38.7,1.33014e+09
28.6,38.8,1.34719e+09
28.6,38.9,1.36438e+09
28.6,39,1.3817e+09
28.6,39.1,1.39915e+09
28.6,39.2,1.41674e+09
28.6,39.3,1.43447e+09
28.6,39.4,1.45234e+09
28.6,39.5,1.47034e+09
28.6,39.6,1.48848e+09
28.6,39.7,1.50676e+09
28.6,39.8,1.52518e+09
28.6,39.9,1.54373e+09
28.7,20,1.98287e+08
28.7,20.1,1.89711e+08
28.7,20.2,1.81296e+08
28.7,20.3,1.73045e+08
28.7,20.4,1.64959e+08
28.7,20.5,1.5704e+08
28.7,20.6,1.49291e+08
28.7,20.7,1.41713e+08
28.7,20.8,1.34308e+08
28.7,20.9,1.27078e+08
28.7,21,1.20025e+08
28.7,21.1,1.13151e+08
28.7,21.2,1.06458e+08
28.7,21.3,9.99486e+07
28.7,21.4,9.36242e+07
28.7,21.5,8.74869e+07
28.7,21.6,8.15388e+07
28.7,21.7,7.57818e+07
28.7,21.8,7.02182e+07
28.7,21.9,6.48498e+07
28.7,22,5.96787e+07
28.7,22.1,5.47071e+07
28.7,22.2,4.99369e+07
28.7,22.3,4.53703e+07
28.7,22.4,4.10093e+07
28.7,22.5,3.6856e+07
28.7,22.6,3.29125e+07
28.7,22.7,2.91809e+07
28.7,22.8,2.56633e+07
28.7,22.9,2.23619e+07
28.7,23,1.92786e+07
28.7,23.1,1.64157e+07
28.7,23.2,1.37753e+07
28.7,23.3,1.13596e+07
28.7,23.4,9.1706e+06
28.7,23.5,7.21055e+06
28.7,23.6,5.48158e+06
28.7,23.7,3.98586e+06
28.7,23.8,2.72556e+06
28.7,23.9,1.70286e+06
28.7,24,919940
28.7,24.1,378998
28.7,24.2,82228.1
28.7,24.3,31834.8
28.7,24.4,230029
28.7,24.5,679027
28.7,24.6,1.38105e+06
28.7,24.7,2.33834e+06
28.7,24.8,3.55312e+06
28.7,24.9,5.02765e+06
28.7,25,6.76416e+06
28.7,25.1,8.76492e+06
28.7,25.2,1.10322e+07
28.7,25.3,1.35682e+07
28.7,25.4,1.63753e+07
28.7,25.5,1.94558e+07
28.7,25.6,2.28119e+07
28.7,25.7,2.64459e+07
28.7,25.8,3.03601e+07
28.7,25.9,3.45569e+07
28.7,26,3.90385e+07
28.7,26.1,4.38073e+07
28.7,26.2,4.88656e+07
28.7,26.3,5.42158e+07
28.7,26.4,5.98601e+07
28.7,26.5,6.5801e+07
28.7,26.6,7.20408e+07
28.7,26.7,7.85818e+07
28.7,26.8,8.54264e+07
28.7,26.9,9.2577e+07
28.7,27,1.00036e+08
28.7,27.1,1.07806e+08
28.7,27.2,1.15889e+08
28.7,27.3,1.24287e+08
28.7,27.4,1.23989e+08
28.7,27.5,1.39766e+08
28.7,27.6,1.46713e+08
28.7,27.7,1.53845e+08
28.7,27.8,1.61165e+08
28.7,27.9,1.68673e+08
28.7,28,1.7637e+08
28.7,28.1,1.84258e+08
28.7,28.2,1.92338e+08
28.7,28.3,2.00611e+08
28.7,28.4,2.09078e+08
28.7,28.5,2.17742e+08
28.7,28.6,2.26602e+08
28.7,28.7,2.3566e+08
28.7,28.8,2.41786e+08
28.7,28.9,2.48002e+08
28.7,29,2.54309e+08
28.7,29.1,2.60705e+08
28.7,29.2,2.67193e+08
28.7,29.3,2.73772e+08
28.7,29.4,2.80442e+08
28.7,29.5,2.87205e+08
28.7,29.6,2.9406e+08
28.7,29.7,3.01009e+08
28.7,29.8,3.0805e+08
28.7,29.9,3.15186e+08
28.7,30,3.22416e+08
28.7,30.1,3.2974e+08
28.7,30.2,3.3716e+08
28.7,30.3,3.44675e+08
28.7,30.4,3.52286e+08
28.7,30.5,3.59993e+08
28.7,30.6,3.67797e+08
28.7,30.7,3.75699e+08
28.7,30.8,3.83698e+08
28.7,30.9,3.91795e+08
28.7,31,3.99991e+08
28.7,31.1,4.08285e+08
28.7,31.2,4.1668e+08
28.7,31.3,4.25173e+08
28.7,31.4,4.33768e+08
28.7,31.5,4.42462e+08
28.7,31.6,4.51258e+08
28.7,31.7,4.60156e+08
28.7,31.8,4.69155e+08
28.7,31.9,4.78257e+08
28.7,32,4.87462e+08
28.7,32.1,4.9677e+08
28.7,32.2,5.06182e+08
28.7,32.3,5.15698e+08
28.7,32.4,5.25319e+08
28.7,32.5,5.35045e+08
28.7,32.6,5.44876e+08
28.7,32.7,5.54813e+08
28.7,32.8,5.64857e+08
28.7,32.9,5.75007e+08
28.7,33,5.85265e+08
28.7,33.1,5.95631e+08
28.7,33.2,6.06104e+08
28.7,33.3,6.16687e+08
28.7,33.4,6.27378e+08
28.7,33.5,6.38179e+08
28.7,33.6,6.4909e+08
28.7,33.7,6.60111e+08
28.7,33.8,6.71244e+08
28.7,33.9,6.82487e+08
28.7,34,6.93843e+08
28.7,34.1,7.0531e+08
28.7,34.2,7.1689e+08
28.7,34.3,7.28584e+08
28.7,34.4,7.40391e+08
28.7,34.5,7.52312e+08
28.7,34.6,7.64347e+08
28.7,34.7,7.76498e+08
28.7,34.8,7.88764e+08
28.7,34.9,8.01146e+08
28.7,35,8.13644e+08
28.7,35.1,8.26259e+08
28.7,35.2,8.38991e+08
28.7,35.3,8.51841e+08
28.7,35.4,8.6481e+08
28.7,35.5,8.77897e+08
28.7,35.6,8.91103e+08
28.7,35.7,9.04428e+08
28.7,35.8,9.17874e+08
28.7,35.9,9.3144e+08
28.7,36,9.45127e+08
28.7,36.1,9.58936e+08
28.7,36.2,9.72866e+08
28.7,36.3,9.86919e+08
28.7,36.4,1.00109e+09
28.7,36.5,1.01539e+09
28.7,36.6,1.02982e+09
28.7,36.7,1.04436e+09
28.7,36.8,1.05904e+09
28.7,36.9,1.07383e+09
28.7,37,1.08876e+09
28.7,37.1,1.10381e+09
28.7,37.2,1.11898e+09
28.7,37.3,1.13428e+09
28.7,37.4,1.14971e+09
28.7,37.5,1.16527e+09
28.7,37.6,1.18096e+09
28.7,37.7,1.19678e+09
28.7,37.8,1.21272e+09
28.7,37.9,1.2288e+09
28.7,38,1.245e+09
28.7,38.1,1.26134e+09
28.7,38.2,1.27781e+09
28.7,38.3,1.29441e+09
28.7,38.4,1.31114e+09
28.7,38.5,1.32801e+09
28.7,38.6,1.34501e+09
28.7,38.7,1.36214e+09
28.7,38.8,1.37941e+09
28.7,38.9,1.39681e+09
28.7,39,1.41435e+09
28.7,39.1,1.43202e+09
28.7,39.2,1.44983e+09
28.7,39.3,1.46778e+09
28.7,39.4,1.48586e+09
28.7,39.5,1.50408e+09
28.7,39.6,1.52244e+09
28.7,39.7,1.54094e+09
28.7,39.8,1.55958e+09
28.7,39.9,1.57836e+09
28.8,20,1.89813e+08
28.8,20.1,1.8142e+08
28.8,20.2,1.73189e+08
28.8,20.3,1.65122e+08
28.8,20.4,1.57221e+08
28.8,20.5,1.49489e+08
28.8,20.6,1.41926e+08
28.8,20.7,1.34536e+08
28.8,20.8,1.27319e+08
28.8,20.9,1.20278e+08
28.8,21,1.13416e+08
28.8,21.1,1.06733e+08
28.8,21.2,1.00233e+08
28.8,21.3,9.3916e+07
28.8,21.4,8.77854e+07
28.8,21.5,8.18427e+07
28.8,21.6,7.60901e+07
28.8,21.7,7.05296e+07
28.8,21.8,6.51632e+07
28.8,21.9,5.9993e+07
28.8,22,5.50209e+07
28.8,22.1,5.02492e+07
28.8,22.2,4.56798e+07
28.8,22.3,4.13148e+07
28.8,22.4,3.71563e+07
28.8,22.5,3.32064e+07
28.8,22.6,2.94672e+07
28.8,22.7,2.59407e+07
28.8,22.8,2.26291e+07
28.8,22.9,1.95346e+07
28.8,23,1.66591e+07
28.8,23.1,1.40049e+07
28.8,23.2,1.15741e+07
28.8,23.3,9.3688e+06
28.8,23.4,7.39116e+06
28.8,23.5,5.64333e+06
28.8,23.6,4.12748e+06
28.8,23.7,2.84578e+06
28.8,23.8,1.80038e+06
28.8,23.9,993476
28.8,24,427251
28.8,24.1,103897
28.8,24.2,25611.3
28.8,24.3,194600
28.8,24.4,613075
28.8,24.5,1.28325e+06
28.8,24.6,2.20736e+06
28.8,24.7,3.38764e+06
28.8,24.8,4.82631e+06
28.8,24.9,6.52562e+06
28.8,25,8.48783e+06
28.8,25.1,1.07152e+07
28.8,25.2,1.321e+07
28.8,25.3,1.59745e+07
28.8,25.4,1.90109e+07
28.8,25.5,2.23216e+07
28.8,25.6,2.59088e+07
28.8,25.7,2.97749e+07
28.8,25.8,3.39221e+07
28.8,25.9,3.83528e+07
28.8,26,4.30692e+07
28.8,26.1,4.80737e+07
28.8,26.2,5.33687e+07
28.8,26.3,5.89564e+07
28.8,26.4,6.48393e+07
28.8,26.5,7.10195e+07
28.8,26.6,7.74996e+07
28.8,26.7,8.42819e+07
28.8,26.8,9.13687e+07
28.8,26.9,9.87625e+07
28.8,27,1.06466e+08
28.8,27.1,1.1448e+08
28.8,27.2,1.22809e+08
28.8,27.3,1.31454e+08
28.8,27.4,1.31152e+08
28.8,27.5,1.47369e+08
28.8,27.6,1.54504e+08
28.8,27.7,1.61826e+08
28.8,27.8,1.69335e+08
28.8,27.9,1.77033e+08
28.8,28,1.84922e+08
28.8,28.1,1.93002e+08
28.8,28.2,2.01274e+08
28.8,28.3,2.0974e+08
28.8,28.4,2.18401e+08
28.8,28.5,2.27259e+08
28.8,28.6,2.36314e+08
28.8,28.7,2.45568e+08
28.8,28.8,2.55021e+08
28.8,28.9,2.6141e+08
28.8,29,2.67889e+08
28.8,29.1,2.74459e+08
28.8,29.2,2.8112e+08
28.8,29.3,2.87873e+08
28.8,29.4,2.94719e+08
28.8,29.5,3.01656e+08
28.8,29.6,3.08687e+08
28.8,29.7,3.15811e+08
28.8,29.8,3.23029e+08
28.8,29.9,3.30342e+08
28.8,30,3.37749e+08
28.8,30.1,3.45251e+08
28.8,30.2,3.52848e+08
28.8,30.3,3.60542e+08
28.8,30.4,3.68332e+08
28.8,30.5,3.76219e+08
28.8,30.6,3.84203e+08
28.8,30.7,3.92285e+08
28.8,30.8,4.00464e+08
28.8,30.9,4.08743e+08
28.8,31,4.1712e+08
28.8,31.1,4.25597e+08
28.8,31.2,4.34173e+08
28.8,31.3,4.4285e+08
28.8,31.4,4.51628e+08
28.8,31.5,4.60506e+08
28.8,31.6,4.69486e+08
28.8,31.7,4.78569e+08
28.8,31.8,4.87753e+08
28.8,31.9,4.97041e+08
28.8,32,5.06432e+08
28.8,32.1,5.15926e+08
28.8,32.2,5.25525e+08
28.8,32.3,5.35228e+08
28.8,32.4,5.45037e+08
28.8,32.5,5.54951e+08
28.8,32.6,5.64971e+08
28.8,32.7,5.75097e+08
28.8,32.8,5.8533e+08
28.8,32.9,5.95671e+08
28.8,33,6.06119e+08
28.8,33.1,6.16675e+08
28.8,33.2,6.2734e+08
28.8,33.3,6.38115e+08
28.8,33.4,6.48998e+08
28.8,33.5,6.59992e+08
28.8,33.6,6.71096e+08
28.8,33.7,6.82311e+08
28.8,33.8,6.93637e+08
28.8,33.9,7.05075e+08
28.8,34,7.16625e+08
28.8,34.1,7.28288e+08
28.8,34.2,7.40065e+08
28.8,34.3,7.51954e+08
28.8,34.4,7.63958e+08
28.8,34.5,7.76076e+08
28.8,34.6,7.88309e+08
28.8,34.7,8.00658e+08
28.8,34.8,8.13123e+08
28.8,34.9,8.25704e+08
28.8,35,8.38401e+08
28.8,35.1,8.51216e+08
28.8,35.2,8.64149e+08
28.8,35.3,8.772e+08
28.8,35.4,8.90369e+08
28.8,35.5,9.03658e+08
28.8,35.6,9.17066e+08
28.8,35.7,9.30594e+08
28.8,35.8,9.44243e+08
28.8,35.9,9.58013e+08
28.8,36,9.71904e+08
28.8,36.1,9.85917e+08
28.8,36.2,1.00005e+09
28.8,36.3,1.01431e+09
28.8,36.4,1.02869e+09
28.8,36.5,1.0432e+09
28.8,36.6,1.05783e+09
28.8,36.7,1.07258e+09
28.8,36.8,1.08746e+09
28.8,36.9,1.10247e+09
28.8,37,1.1176e+09
28.8,37.1,1.13286e+09
28.8,37.2,1.14824e+09
28.8,37.3,1.16375e+09
28.8,37.4,1.1794e+09
28.8,37.5,1.19517e+09
28.8,37.6,1.21106e+09
28.8,37.7,1.22709e+09
28.8,37.8,1.24325e+09
28.8,37.9,1.25954e+09
28.8,38,1.27596e+09
28.8,38.1,1.29251e+09
28.8,38.2,1.30919e+09
28.8,38.3,1.32601e+09
28.8,38.4,1.34295e+09
28.8,38.5,1.36004e+09
28.8,38.6,1.37725e+09
28.8,38.7,1.3946e+09
28.8,38.8,1.41208e+09
28.8,38.9,1.4297e+09
28.8,39,1.44746e+09
28.8,39.1,1.46535e+09
28.8,39.2,1.48338e+09
28.8,39.3,1.50155e+09
28.8,39.4,1.51985e+09
28.8,39.5,1.53829e+09
28.8,39.6,1.55687e+09
28.8,39.7,1.57559e+09
28.8,39.8,1.59445e+09
28.8,39.9,1.61345e+09
28.9,20,1.81506e+08
28.9,20.1,1.73296e+08
28.9,20.2,1.65249e+08
28.9,20.3,1.57367e+08
28.9,20.4,1.49652e+08
28.9,20.5,1.42106e+08
28.9,20.6,1.34731e+08
28.9,20.7,1.27529e+08
28.9,20.8,1.20502e+08
28.9,20.9,1.13651e+08
28.9,21,1.0698e+08
28.9,21.1,1.00489e+08
28.9,21.2,9.41813e+07
28.9,21.3,8.80582e+07
28.9,21.4,8.2122e+07
28.9,21.5,7.63747e+07
28.9,21.6,7.08183e+07
28.9,21.7,6.54548e+07
28.9,21.8,6.02863e+07
28.9,21.9,5.53149e+07
28.9,22,5.05426e+07
28.9,22.1,4.59714e+07
28.9,22.2,4.16034e+07
28.9,22.3,3.74407e+07
28.9,22.4,3.34854e+07
28.9,22.5,2.97396e+07
28.9,22.6,2.62053e+07
28.9,22.7,2.28847e+07
28.9,22.8,1.97798e+07
28.9,22.9,1.68929e+07
28.9,23,1.42259e+07
28.9,23.1,1.17811e+07
28.9,23.2,9.56051e+06
28.9,23.3,7.56635e+06
28.9,23.4,5.80074e+06
28.9,23.5,4.26584e+06
28.9,23.6,2.96381e+06
28.9,23.7,1.89681e+06
28.9,23.8,1.06702e+06
28.9,23.9,476620
28.9,24,127791
28.9,24.1,22730.4
28.9,24.2,163637
28.9,24.3,552717
28.9,24.4,1.19218e+06
28.9,24.5,2.08426e+06
28.9,24.6,3.23116e+06
28.9,24.7,4.63513e+06
28.9,24.8,6.29841e+06
28.9,24.9,8.22324e+06
28.9,25,1.04119e+07
28.9,25.1,1.28666e+07
28.9,25.2,1.55896e+07
28.9,25.3,1.85832e+07
28.9,25.4,2.18497e+07
28.9,25.5,2.53913e+07
28.9,25.6,2.92105e+07
28.9,25.7,3.33093e+07
28.9,25.8,3.76903e+07
28.9,25.9,4.23556e+07
28.9,26,4.73076e+07
28.9,26.1,5.25486e+07
28.9,26.2,5.80809e+07
28.9,26.3,6.39069e+07
28.9,26.4,7.0029e+07
28.9,26.5,7.64494e+07
28.9,26.6,8.31706e+07
28.9,26.7,9.01949e+07
28.9,26.8,9.75247e+07
28.9,26.9,1.05162e+08
28.9,27,1.1311e+08
28.9,27.1,1.21371e+08
28.9,27.2,1.29946e+08
28.9,27.3,1.38839e+08
28.9,27.4,1.38532e+08
28.9,27.5,1.5519e+08
28.9,27.6,1.62515e+08
28.9,27.7,1.70026e+08
28.9,27.8,1.77726e+08
28.9,27.9,1.85615e+08
28.9,28,1.93696e+08
28.9,28.1,2.01968e+08
28.9,28.2,2.10433e+08
28.9,28.3,2.19093e+08
28.9,28.4,2.27949e+08
28.9,28.5,2.37001e+08
28.9,28.6,2.46252e+08
28.9,28.7,2.55702e+08
28.9,28.8,2.65353e+08
28.9,28.9,2.75206e+08
28.9,29,2.81858e+08
28.9,29.1,2.88602e+08
28.9,29.2,2.95438e+08
28.9,29.3,3.02366e+08
28.9,29.4,3.09386e+08
28.9,29.5,3.165e+08
28.9,29.6,3.23707e+08
28.9,29.7,3.31008e+08
28.9,29.8,3.38403e+08
28.9,29.9,3.45892e+08
28.9,30,3.53477e+08
28.9,30.1,3.61158e+08
28.9,30.2,3.68934e+08
28.9,30.3,3.76807e+08
28.9,30.4,3.84777e+08
28.9,30.5,3.92844e+08
28.9,30.6,4.01008e+08
28.9,30.7,4.09271e+08
28.9,30.8,4.17632e+08
28.9,30.9,4.26092e+08
28.9,31,4.34652e+08
28.9,31.1,4.43312e+08
28.9,31.2,4.52071e+08
28.9,31.3,4.60932e+08
28.9,31.4,4.69893e+08
28.9,31.5,4.78956e+08
28.9,31.6,4.88122e+08
28.9,31.7,4.97389e+08
28.9,31.8,5.0676e+08
28.9,31.9,5.16233e+08
28.9,32,5.25811e+08
28.9,32.1,5.35493e+08
28.9,32.2,5.45279e+08
28.9,32.3,5.55171e+08
28.9,32.4,5.65168e+08
28.9,32.5,5.75271e+08
28.9,32.6,5.8548e+08
28.9,32.7,5.95796e+08
28.9,32.8,6.0622e+08
28.9,32.9,6.16751e+08
28.9,33,6.2739e+08
28.9,33.1,6.38138e+08
28.9,33.2,6.48996e+08
28.9,33.3,6.59962e+08
28.9,33.4,6.71039e+08
28.9,33.5,6.82226e+08
28.9,33.6,6.93524e+08
28.9,33.7,7.04933e+08
28.9,33.8,7.16454e+08
28.9,33.9,7.28088e+08
28.9,34,7.39833e+08
28.9,34.1,7.51693e+08
28.9,34.2,7.63665e+08
28.9,34.3,7.75752e+08
28.9,34.4,7.87953e+08
28.9,34.5,8.00269e+08
28.9,34.6,8.12701e+08
28.9,34.7,8.25249e+08
28.9,34.8,8.37912e+08
28.9,34.9,8.50693e+08
28.9,35,8.63591e+08
28.9,35.1,8.76607e+08
28.9,35.2,8.8974e+08
28.9,35.3,9.02993e+08
28.9,35.4,9.16364e+08
28.9,35.5,9.29856e+08
28.9,35.6,9.43467e+08
28.9,35.7,9.57198e+08
28.9,35.8,9.71051e+08
28.9,35.9,9.85025e+08
28.9,36,9.99121e+08
28.9,36.1,1.01334e+09
28.9,36.2,1.02768e+09
28.9,36.3,1.04215e+09
28.9,36.4,1.05673e+09
28.9,36.5,1.07145e+09
28.9,36.6,1.08628e+09
28.9,36.7,1.10125e+09
28.9,36.8,1.11633e+09
28.9,36.9,1.13155e+09
28.9,37,1.14689e+09
28.9,37.1,1.16236e+09
28.9,37.2,1.17795e+09
28.9,37.3,1.19368e+09
28.9,37.4,1.20953e+09
28.9,37.5,1.22551e+09
28.9,37.6,1.24162e+09
28.9,37.7,1.25786e+09
28.9,37.8,1.27423e+09
28.9,37.9,1.29073e+09
28.9,38,1.30737e+09
28.9,38.1,1.32413e+09
28.9,38.2,1.34103e+09
28.9,38.3,1.35806e+09
28.9,38.4,1.37522e+09
28.9,38.5,1.39252e+09
28.9,38.6,1.40995e+09
28.9,38.7,1.42752e+09
28.9,38.8,1.44522e+09
28.9,38.9,1.46306e+09
28.9,39,1.48104e+09
28.9,39.1,1.49915e+09
28.9,39.2,1.5174e+09
28.9,39.3,1.53578e+09
28.9,39.4,1.55431e+09
28.9,39.5,1.57297e+09
28.9,39.6,1.59177e+09
28.9,39.7,1.61071e+09
28.9,39.8,1.6298e+09
28.9,39.9,1.64902e+09
29,20,1.73366e+08
29,20.1,1.6534e+08
29,20.2,1.57478e+08
29,20.3,1.49782e+08
29,20.4,1.42253e+08
29,20.5,1.34895e+08
29,20.6,1.27708e+08
29,20.7,1.20695e+08
29,20.8,1.13858e+08
29,20.9,1.07198e+08
29,21,1.00718e+08
29,21.1,9.44198e+07
29,21.2,8.83052e+07
29,21.3,8.23764e+07
29,21.4,7.66353e+07
29,21.5,7.1084e+07
29,21.6,6.57245e+07
29,21.7,6.05587e+07
29,21.8,5.55889e+07
29,21.9,5.08169e+07
29,22,4.62449e+07
29,22.1,4.18749e+07
29,22.2,3.77091e+07
29,22.3,3.37494e+07
29,22.4,2.9998e+07
29,22.5,2.64569e+07
29,22.6,2.31282e+07
29,22.7,2.00141e+07
29,22.8,1.71167e+07
29,22.9,1.4438e+07
29,23,1.19802e+07
29,23.1,9.74545e+06
29,23.2,7.73584e+06
29,23.3,5.95352e+06
29,23.4,4.40065e+06
29,23.5,3.07937e+06
29,23.6,1.99186e+06
29,23.7,1.14027e+06
29,23.8,526791
29,23.9,153592
29,24,22865.8
29,24.1,136806
29,24.2,497613
29,24.3,1.10749e+06
29,24.4,1.96867e+06
29,24.5,3.08335e+06
29,24.6,4.45376e+06
29,24.7,6.08215e+06
29,24.8,7.97075e+06
29,24.9,1.01218e+07
29,25,1.25376e+07
29,25.1,1.52203e+07
29,25.2,1.81723e+07
29,25.3,2.13958e+07
29,25.4,2.48931e+07
29,25.5,2.86664e+07
29,25.6,3.27182e+07
29,25.7,3.70506e+07
29,25.8,4.16659e+07
29,25.9,4.65666e+07
29,26,5.17549e+07
29,26.1,5.72331e+07
29,26.2,6.30036e+07
29,26.3,6.90686e+07
29,26.4,7.54307e+07
29,26.5,8.2092e+07
29,26.6,8.9055e+07
29,26.7,9.63221e+07
29,26.8,1.03896e+08
29,26.9,1.11778e+08
29,27,1.19971e+08
29,27.1,1.28478e+08
29,27.2,1.37301e+08
29,27.3,1.46442e+08
29,27.4,1.46131e+08
29,27.5,1.63232e+08
29,27.6,1.70746e+08
29,27.7,1.78448e+08
29,27.8,1.86339e+08
29,27.9,1.9442e+08
29,28,2.02693e+08
29,28.1,2.11158e+08
29,28.2,2.19817e+08
29,28.3,2.28671e+08
29,28.4,2.37722e+08
29,28.5,2.4697e+08
29,28.6,2.56417e+08
29,28.7,2.66064e+08
29,28.8,2.75912e+08
29,28.9,2.85963e+08
29,29,2.96218e+08
29,29.1,3.03137e+08
29,29.2,3.10148e+08
29,29.3,3.17251e+08
29,29.4,3.24448e+08
29,29.5,3.31738e+08
29,29.6,3.39122e+08
29,29.7,3.466e+08
29,29.8,3.54173e+08
29,29.9,3.61841e+08
29,30,3.69604e+08
29,30.1,3.77464e+08
29,30.2,3.8542e+08
29,30.3,3.93473e+08
29,30.4,4.01623e+08
29,30.5,4.0987e+08
29,30.6,4.18216e+08
29,30.7,4.26661e+08
29,30.8,4.35204e+08
29,30.9,4.43847e+08
29,31,4.5259e+08
29,31.1,4.61433e+08
29,31.2,4.70376e+08
29,31.3,4.79421e+08
29,31.4,4.88567e+08
29,31.5,4.97816e+08
29,31.6,5.07167e+08
29,31.7,5.1662e+08
29,31.8,5.26178e+08
29,31.9,5.35838e+08
29,32,5.45603e+08
29,32.1,5.55473e+08
29,32.2,5.65448e+08
29,32.3,5.75528e+08
29,32.4,5.85714e+08
29,32.5,5.96007e+08
29,32.6,6.06407e+08
29,32.7,6.16913e+08
29,32.8,6.27528e+08
29,32.9,6.38251e+08
29,33,6.49082e+08
29,33.1,6.60022e+08
29,33.2,6.71072e+08
29,33.3,6.82232e+08
29,33.4,6.93503e+08
29,33.5,7.04884e+08
29,33.6,7.16377e+08
29,33.7,7.27981e+08
29,33.8,7.39698e+08
29,33.9,7.51527e+08
29,34,7.63469e+08
29,34.1,7.75525e+08
29,34.2,7.87695e+08
29,34.3,7.9998e+08
29,34.4,8.12379e+08
29,34.5,8.24894e+08
29,34.6,8.37525e+08
29,34.7,8.50272e+08
29,34.8,8.63136e+08
29,34.9,8.76117e+08
29,35,8.89216e+08
29,35.1,9.02433e+08
29,35.2,9.15769e+08
29,35.3,9.29224e+08
29,35.4,9.42798e+08
29,35.5,9.56493e+08
29,35.6,9.70307e+08
29,35.7,9.84243e+08
29,35.8,9.98301e+08
29,35.9,1.01248e+09
29,36,1.02678e+09
29,36.1,1.04121e+09
29,36.2,1.05575e+09
29,36.3,1.07042e+09
29,36.4,1.08522e+09
29,36.5,1.10014e+09
29,36.6,1.11519e+09
29,36.7,1.13036e+09
29,36.8,1.14566e+09
29,36.9,1.16108e+09
29,37,1.17663e+09
29,37.1,1.19231e+09
29,37.2,1.20812e+09
29,37.3,1.22405e+09
29,37.4,1.24011e+09
29,37.5,1.25631e+09
29,37.6,1.27263e+09
29,37.7,1.28909e+09
29,37.8,1.30567e+09
29,37.9,1.32239e+09
29,38,1.33924e+09
29,38.1,1.35622e+09
29,38.2,1.37333e+09
29,38.3,1.39058e+09
29,38.4,1.40796e+09
29,38.5,1.42547e+09
29,38.6,1.44312e+09
29,38.7,1.46091e+09
29,38.8,1.47883e+09
29,38.9,1.49689e+09
29,39,1.51508e+09
29,39.1,1.53341e+09
29,39.2,1.55188e+09
29,39.3,1.57049e+09
29,39.4,1.58923e+09
29,39.5,1.60812e+09
29,39.6,1.62714e+09
29,39.7,1.64631e+09
29,39.8,1.66561e+09
29,39.9,1.68506e+09
29.1,20,1.65396e+08
29.1,20.1,1.57554e+08
29.1,20.2,1.49877e+08
29.1,20.3,1.42367e+08
29.1,20.4,1.35026e+08
29.1,20.5,1.27855e+08
29.1,20.6,1.20857e+08
29.1,20.7,1.14034e+08
29.1,20.8,1.07387e+08
29.1,20.9,1.00919e+08
29.1,21,9.46314e+07
29.1,21.1,8.85263e+07
29.1,21.2,8.26059e+07
29.1,21.3,7.6872e+07
29.1,21.4,7.13267e+07
29.1,21.5,6.5972e+07
29.1,21.6,6.081e+07
29.1,21.7,5.58426e+07
29.1,21.8,5.1072e+07
29.1,21.9,4.65002e+07
29.1,22,4.21293e+07
29.1,22.1,3.79612e+07
29.1,22.2,3.39982e+07
29.1,22.3,3.02421e+07
29.1,22.4,2.66953e+07
29.1,22.5,2.33596e+07
29.1,22.6,2.02373e+07
29.1,22.7,1.73304e+07
29.1,22.8,1.4641e+07
29.1,22.9,1.21713e+07
29.1,23,9.9234e+06
29.1,23.1,7.89938e+06
29.1,23.2,6.10141e+06
29.1,23.3,4.53163e+06
29.1,23.4,3.19219e+06
29.1,23.5,2.08523e+06
29.1,23.6,1.21294e+06
29.1,23.7,577466
29.1,23.8,180993
29.1,23.9,25703.4
29.1,24,113785
29.1,24.1,447433
29.1,24.2,1.02885e+06
29.1,24.3,1.86024e+06
29.1,24.4,2.94383e+06
29.1,24.5,4.28183e+06
29.1,24.6,5.87648e+06
29.1,24.7,7.73e+06
29.1,24.8,9.84464e+06
29.1,24.9,1.22226e+07
29.1,25,1.48663e+07
29.1,25.1,1.77778e+07
29.1,25.2,2.09594e+07
29.1,25.3,2.44135e+07
29.1,25.4,2.81423e+07
29.1,25.5,3.21481e+07
29.1,25.6,3.64332e+07
29.1,25.7,4.09999e+07
29.1,25.8,4.58504e+07
29.1,25.9,5.09872e+07
29.1,26,5.64125e+07
29.1,26.1,6.21286e+07
29.1,26.2,6.8138e+07
29.1,26.3,7.44429e+07
29.1,26.4,8.10456e+07
29.1,26.5,8.79486e+07
29.1,26.6,9.51542e+07
29.1,26.7,1.02665e+08
29.1,26.8,1.10483e+08
29.1,26.9,1.1861e+08
29.1,27,1.2705e+08
29.1,27.1,1.35804e+08
29.1,27.2,1.44875e+08
29.1,27.3,1.54265e+08
29.1,27.4,1.53951e+08
29.1,27.5,1.71495e+08
29.1,27.6,1.792e+08
29.1,27.7,1.87093e+08
29.1,27.8,1.95175e+08
29.1,27.9,2.03449e+08
29.1,28,2.11914e+08
29.1,28.1,2.20573e+08
29.1,28.2,2.29427e+08
29.1,28.3,2.38476e+08
29.1,28.4,2.47722e+08
29.1,28.5,2.57166e+08
29.1,28.6,2.6681e+08
29.1,28.7,2.76655e+08
29.1,28.8,2.86702e+08
29.1,28.9,2.96952e+08
29.1,29,3.07406e+08
29.1,29.1,3.18066e+08
29.1,29.2,3.25253e+08
29.1,29.3,3.32533e+08
29.1,29.4,3.39906e+08
29.1,29.5,3.47373e+08
29.1,29.6,3.54935e+08
29.1,29.7,3.62591e+08
29.1,29.8,3.70342e+08
29.1,29.9,3.78189e+08
29.1,30,3.86132e+08
29.1,30.1,3.94172e+08
29.1,30.2,4.02308e+08
29.1,30.3,4.10541e+08
29.1,30.4,4.18872e+08
29.1,30.5,4.27302e+08
29.1,30.6,4.3583e+08
29.1,30.7,4.44456e+08
29.1,30.8,4.53183e+08
29.1,30.9,4.62009e+08
29.1,31,4.70935e+08
29.1,31.1,4.79963e+08
29.1,31.2,4.89091e+08
29.1,31.3,4.98321e+08
29.1,31.4,5.07653e+08
29.1,31.5,5.17087e+08
29.1,31.6,5.26624e+08
29.1,31.7,5.36265e+08
29.1,31.8,5.46009e+08
29.1,31.9,5.55858e+08
29.1,32,5.65811e+08
29.1,32.1,5.7587e+08
29.1,32.2,5.86033e+08
29.1,32.3,5.96303e+08
29.1,32.4,6.0668e+08
29.1,32.5,6.17163e+08
29.1,32.6,6.27753e+08
29.1,32.7,6.38451e+08
29.1,32.8,6.49258e+08
29.1,32.9,6.60172e+08
29.1,33,6.71197e+08
29.1,33.1,6.8233e+08
29.1,33.2,6.93574e+08
29.1,33.3,7.04928e+08
29.1,33.4,7.16393e+08
29.1,33.5,7.27969e+08
29.1,33.6,7.39657e+08
29.1,33.7,7.51457e+08
29.1,33.8,7.6337e+08
29.1,33.9,7.75396e+08
29.1,34,7.87535e+08
29.1,34.1,7.99789e+08
29.1,34.2,8.12157e+08
29.1,34.3,8.2464e+08
29.1,34.4,8.37239e+08
29.1,34.5,8.49953e+08
29.1,34.6,8.62784e+08
29.1,34.7,8.75732e+08
29.1,34.8,8.88796e+08
29.1,34.9,9.01979e+08
29.1,35,9.15279e+08
29.1,35.1,9.28699e+08
29.1,35.2,9.42237e+08
29.1,35.3,9.55895e+08
29.1,35.4,9.69673e+08
29.1,35.5,9.83571e+08
29.1,35.6,9.97591e+08
29.1,35.7,1.01173e+09
29.1,35.8,1.02599e+09
29.1,35.9,1.04038e+09
29.1,36,1.05489e+09
29.1,36.1,1.06952e+09
29.1,36.2,1.08427e+09
29.1,36.3,1.09915e+09
29.1,36.4,1.11416e+09
29.1,36.5,1.12929e+09
29.1,36.6,1.14454e+09
29.1,36.7,1.15992e+09
29.1,36.8,1.17543e+09
29.1,36.9,1.19106e+09
29.1,37,1.20683e+09
29.1,37.1,1.22272e+09
29.1,37.2,1.23873e+09
29.1,37.3,1.25488e+09
29.1,37.4,1.27116e+09
29.1,37.5,1.28757e+09
29.1,37.6,1.3041e+09
29.1,37.7,1.32077e+09
29.1,37.8,1.33757e+09
29.1,37.9,1.3545e+09
29.1,38,1.37157e+09
29.1,38.1,1.38876e+09
29.1,38.2,1.40609e+09
29.1,38.3,1.42356e+09
29.1,38.4,1.44115e+09
29.1,38.5,1.45889e+09
29.1,38.6,1.47676e+09
29.1,38.7,1.49476e+09
29.1,38.8,1.5129e+09
29.1,38.9,1.53118e+09
29.1,39,1.54959e+09
29.1,39.1,1.56814e+09
29.1,39.2,1.58683e+09
29.1,39.3,1.60566e+09
29.1,39.4,1.62463e+09
29.1,39.5,1.64374e+09
29.1,39.6,1.66298e+09
29.1,39.7,1.68237e+09
29.1,39.8,1.7019e+09
29.1,39.9,1.72157e+09
29.2,20,1.57595e+08
29.2,20.1,1.49938e+08
29.2,20.2,1.42448e+08
29.2,20.3,1.35125e+08
29.2,20.4,1.27971e+08
29.2,20.5,1.20989e+08
29.2,20.6,1.14181e+08
29.2,20.7,1.07548e+08
29.2,20.8,1.01092e+08
29.2,20.9,9.48161e+07
29.2,21,8.87215e+07
29.2,21.1,8.28102e+07
29.2,21.2,7.70845e+07
29.2,21.3,7.15461e+07
29.2,21.4,6.61973e+07
29.2,21.5,6.10399e+07
29.2,21.6,5.60761e+07
29.2,21.7,5.13079e+07
29.2,21.8,4.67372e+07
29.2,21.9,4.23662e+07
29.2,22,3.8197e+07
29.2,22.1,3.42315e+07
29.2,22.2,3.04719e+07
29.2,22.3,2.69202e+07
29.2,22.4,2.35786e+07
29.2,22.5,2.0449e+07
29.2,22.6,1.75337e+07
29.2,22.7,1.48347e+07
29.2,22.8,1.23541e+07
29.2,22.9,1.00941e+07
29.2,23,8.05673e+06
29.2,23.1,6.24417e+06
29.2,23.2,4.65854e+06
29.2,23.3,3.30199e+06
29.2,23.4,2.17667e+06
29.2,23.5,1.28473e+06
29.2,23.6,628356
29.2,23.7,209699
29.2,23.8,30940.4
29.2,23.9,94264.3
29.2,24,401860
29.2,24.1,955925
29.2,24.2,1.75866e+06
29.2,24.3,2.81228e+06
29.2,24.4,4.119e+06
29.2,24.5,5.68103e+06
29.2,24.6,7.50062e+06
29.2,24.7,9.57999e+06
29.2,24.8,1.19214e+07
29.2,24.9,1.45271e+07
29.2,25,1.73993e+07
29.2,25.1,2.05403e+07
29.2,25.2,2.39524e+07
29.2,25.3,2.76378e+07
29.2,25.4,3.15988e+07
29.2,25.5,3.58378e+07
29.2,25.6,4.03569e+07
29.2,25.7,4.51586e+07
29.2,25.8,5.02451e+07
29.2,25.9,5.56187e+07
29.2,26,6.12817e+07
29.2,26.1,6.72366e+07
29.2,26.2,7.34855e+07
29.2,26.3,8.0031e+07
29.2,26.4,8.68752e+07
29.2,26.5,9.40206e+07
29.2,26.6,1.01469e+08
29.2,26.7,1.09224e+08
29.2,26.8,1.17287e+08
29.2,26.9,1.25661e+08
29.2,27,1.34348e+08
29.2,27.1,1.4335e+08
29.2,27.2,1.5267e+08
29.2,27.3,1.6231e+08
29.2,27.4,1.61991e+08
29.2,27.5,1.79981e+08
29.2,27.6,1.87876e+08
29.2,27.7,1.95961e+08
29.2,27.8,2.04236e+08
29.2,27.9,2.12703e+08
29.2,28,2.21362e+08
29.2,28.1,2.30215e+08
29.2,28.2,2.39263e+08
29.2,28.3,2.48508e+08
29.2,28.4,2.57951e+08
29.2,28.5,2.67592e+08
29.2,28.6,2.77434e+08
29.2,28.7,2.87477e+08
29.2,28.8,2.97722e+08
29.2,28.9,3.08172e+08
29.2,29,3.18826e+08
29.2,29.1,3.29687e+08
29.2,29.2,3.40756e+08
29.2,29.3,3.48213e+08
29.2,29.4,3.55764e+08
29.2,29.5,3.63409e+08
29.2,29.6,3.71149e+08
29.2,29.7,3.78984e+08
29.2,29.8,3.86914e+08
29.2,29.9,3.94941e+08
29.2,30,4.03064e+08
29.2,30.1,4.11284e+08
29.2,30.2,4.19601e+08
29.2,30.3,4.28016e+08
29.2,30.4,4.36529e+08
29.2,30.5,4.4514e+08
29.2,30.6,4.53851e+08
29.2,30.7,4.62661e+08
29.2,30.8,4.71571e+08
29.2,30.9,4.80581e+08
29.2,31,4.89692e+08
29.2,31.1,4.98904e+08
29.2,31.2,5.08218e+08
29.2,31.3,5.17634e+08
29.2,31.4,5.27152e+08
29.2,31.5,5.36773e+08
29.2,31.6,5.46497e+08
29.2,31.7,5.56326e+08
29.2,31.8,5.66258e+08
29.2,31.9,5.76295e+08
29.2,32,5.86437e+08
29.2,32.1,5.96685e+08
29.2,32.2,6.07039e+08
29.2,32.3,6.17499e+08
29.2,32.4,6.28066e+08
29.2,32.5,6.3874e+08
29.2,32.6,6.49522e+08
29.2,32.7,6.60412e+08
29.2,32.8,6.71411e+08
29.2,32.9,6.82519e+08
29.2,33,6.93737e+08
29.2,33.1,7.05064e+08
29.2,33.2,7.16502e+08
29.2,33.3,7.28051e+08
29.2,33.4,7.39711e+08
29.2,33.5,7.51483e+08
29.2,33.6,7.63367e+08
29.2,33.7,7.75364e+08
29.2,33.8,7.87474e+08
29.2,33.9,7.99697e+08
29.2,34,8.12035e+08
29.2,34.1,8.24487e+08
29.2,34.2,8.37054e+08
29.2,34.3,8.49736e+08
29.2,34.4,8.62535e+08
29.2,34.5,8.75449e+08
29.2,34.6,8.88481e+08
29.2,34.7,9.0163e+08
29.2,34.8,9.14896e+08
29.2,34.9,9.2828e+08
29.2,35,9.41784e+08
29.2,35.1,9.55406e+08
29.2,35.2,9.69148e+08
29.2,35.3,9.83009e+08
29.2,35.4,9.96992e+08
29.2,35.5,1.0111e+09
29.2,35.6,1.02532e+09
29.2,35.7,1.03967e+09
29.2,35.8,1.05414e+09
29.2,35.9,1.06873e+09
29.2,36,1.08344e+09
29.2,36.1,1.09828e+09
29.2,36.2,1.11324e+09
29.2,36.3,1.12833e+09
29.2,36.4,1.14354e+09
29.2,36.5,1.15888e+09
29.2,36.6,1.17435e+09
29.2,36.7,1.18994e+09
29.2,36.8,1.20566e+09
29.2,36.9,1.2215e+09
29.2,37,1.23748e+09
29.2,37.1,1.25358e+09
29.2,37.2,1.26981e+09
29.2,37.3,1.28617e+09
29.2,37.4,1.30266e+09
29.2,37.5,1.31928e+09
29.2,37.6,1.33603e+09
29.2,37.7,1.35292e+09
29.2,37.8,1.36993e+09
29.2,37.9,1.38708e+09
29.2,38,1.40436e+09
29.2,38.1,1.42177e+09
29.2,38.2,1.43932e+09
29.2,38.3,1.457e+09
29.2,38.4,1.47482e+09
29.2,38.5,1.49277e+09
29.2,38.6,1.51086e+09
29.2,38.7,1.52908e+09
29.2,38.8,1.54744e+09
29.2,38.9,1.56594e+09
29.2,39,1.58457e+09
29.2,39.1,1.60335e+09
29.2,39.2,1.62226e+09
29.2,39.3,1.64131e+09
29.2,39.4,1.6605e+09
29.2,39.5,1.67983e+09
29.2,39.6,1.69931e+09
29.2,39.7,1.71892e+09
29.2,39.8,1.73867e+09
29.2,39.9,1.75857e+09
29.3,20,1.49966e+08
29.3,20.1,1.42495e+08
29.3,20.2,1.35191e+08
29.3,20.3,1.28056e+08
29.3,20.4,1.2109e+08
29.3,20.5,1.14298e+08
29.3,20.6,1.07679e+08
29.3,20.7,1.01237e+08
29.3,20.8,9.49738e+07
29.3,20.9,8.88905e+07
29.3,21,8.29895e+07
29.3,21.1,7.72727e+07
29.3,21.2,7.17423e+07
29.3,21.3,6.64003e+07
29.3,21.4,6.12485e+07
29.3,21.5,5.62891e+07
29.3,21.6,5.15242e+07
29.3,21.7,4.69557e+07
29.3,21.8,4.25857e+07
29.3,21.9,3.84162e+07
29.3,22,3.44493e+07
29.3,22.1,3.06871e+07
29.3,22.2,2.71316e+07
29.3,22.3,2.3785e+07
29.3,22.4,2.06493e+07
29.3,22.5,1.77265e+07
29.3,22.6,1.50189e+07
29.3,22.7,1.25285e+07
29.3,22.8,1.02573e+07
29.3,22.9,8.20766e+06
29.3,23,6.38154e+06
29.3,23.1,4.78111e+06
29.3,23.2,3.40851e+06
29.3,23.3,2.26589e+06
29.3,23.4,1.3554e+06
29.3,23.5,679185
29.3,23.6,239425
29.3,23.7,38285.8
29.3,23.8,77945.8
29.3,23.9,360589
29.3,24,888408
29.3,24.1,1.6636e+06
29.3,24.2,2.68837e+06
29.3,24.3,3.96492e+06
29.3,24.4,5.49548e+06
29.3,24.5,7.28227e+06
29.3,24.6,9.32751e+06
29.3,24.7,1.16335e+07
29.3,24.8,1.42023e+07
29.3,24.9,1.70364e+07
29.3,25,2.01379e+07
29.3,25.1,2.35092e+07
29.3,25.2,2.71524e+07
29.3,25.3,3.10698e+07
29.3,25.4,3.52638e+07
29.3,25.5,3.97367e+07
29.3,25.6,4.44907e+07
29.3,25.7,4.9528e+07
29.3,25.8,5.48512e+07
29.3,25.9,6.04624e+07
29.3,26,6.63639e+07
29.3,26.1,7.25582e+07
29.3,26.2,7.90475e+07
29.3,26.3,8.58342e+07
29.3,26.4,9.29206e+07
29.3,26.5,1.00309e+08
29.3,26.6,1.08002e+08
29.3,26.7,1.16002e+08
29.3,26.8,1.24311e+08
29.3,26.9,1.32931e+08
29.3,27,1.41866e+08
29.3,27.1,1.51117e+08
29.3,27.2,1.60687e+08
29.3,27.3,1.70577e+08
29.3,27.4,1.70255e+08
29.3,27.5,1.88691e+08
29.3,27.6,1.96778e+08
29.3,27.7,2.05055e+08
29.3,27.8,2.13523e+08
29.3,27.9,2.22183e+08
29.3,28,2.31037e+08
29.3,28.1,2.40085e+08
29.3,28.2,2.49329e+08
29.3,28.3,2.5877e+08
29.3,28.4,2.68409e+08
29.3,28.5,2.78248e+08
29.3,28.6,2.88288e+08
29.3,28.7,2.9853e+08
29.3,28.8,3.08975e+08
29.3,28.9,3.19625e+08
29.3,29,3.3048e+08
29.3,29.1,3.41543e+08
29.3,29.2,3.52814e+08
29.3,29.3,3.64294e+08
29.3,29.4,3.72023e+08
29.3,29.5,3.79847e+08
29.3,29.6,3.87766e+08
29.3,29.7,3.9578e+08
29.3,29.8,4.03891e+08
29.3,29.9,4.12098e+08
29.3,30,4.20401e+08
29.3,30.1,4.28803e+08
29.3,30.2,4.37301e+08
29.3,30.3,4.45898e+08
29.3,30.4,4.54594e+08
29.3,30.5,4.63389e+08
29.3,30.6,4.72283e+08
29.3,30.7,4.81277e+08
29.3,30.8,4.90371e+08
29.3,30.9,4.99566e+08
29.3,31,5.08862e+08
29.3,31.1,5.1826e+08
29.3,31.2,5.2776e+08
29.3,31.3,5.37362e+08
29.3,31.4,5.47067e+08
29.3,31.5,5.56876e+08
29.3,31.6,5.66788e+08
29.3,31.7,5.76805e+08
29.3,31.8,5.86926e+08
29.3,31.9,5.97152e+08
29.3,32,6.07484e+08
29.3,32.1,6.17922e+08
29.3,32.2,6.28466e+08
29.3,32.3,6.39118e+08
29.3,32.4,6.49876e+08
29.3,32.5,6.60742e+08
29.3,32.6,6.71717e+08
29.3,32.7,6.828e+08
29.3,32.8,6.93992e+08
29.3,32.9,7.05294e+08
29.3,33,7.16705e+08
29.3,33.1,7.28228e+08
29.3,33.2,7.39861e+08
29.3,33.3,7.51605e+08
29.3,33.4,7.63461e+08
29.3,33.5,7.75429e+08
29.3,33.6,7.8751e+08
29.3,33.7,7.99704e+08
29.3,33.8,8.12012e+08
29.3,33.9,8.24434e+08
29.3,34,8.3697e+08
29.3,34.1,8.49622e+08
29.3,34.2,8.62388e+08
29.3,34.3,8.75271e+08
29.3,34.4,8.8827e+08
29.3,34.5,9.01385e+08
29.3,34.6,9.14618e+08
29.3,34.7,9.27969e+08
29.3,34.8,9.41437e+08
29.3,34.9,9.55025e+08
29.3,35,9.68731e+08
29.3,35.1,9.82557e+08
29.3,35.2,9.96503e+08
29.3,35.3,1.01057e+09
29.3,35.4,1.02476e+09
29.3,35.5,1.03907e+09
29.3,35.6,1.0535e+09
29.3,35.7,1.06805e+09
29.3,35.8,1.08273e+09
29.3,35.9,1.09752e+09
29.3,36,1.11245e+09
29.3,36.1,1.12749e+09
29.3,36.2,1.14267e+09
29.3,36.3,1.15796e+09
29.3,36.4,1.17339e+09
29.3,36.5,1.18893e+09
29.3,36.6,1.20461e+09
29.3,36.7,1.22041e+09
29.3,36.8,1.23634e+09
29.3,36.9,1.2524e+09
29.3,37,1.26859e+09
29.3,37.1,1.2849e+09
29.3,37.2,1.30135e+09
29.3,37.3,1.31792e+09
29.3,37.4,1.33463e+09
29.3,37.5,1.35146e+09
29.3,37.6,1.36843e+09
29.3,37.7,1.38553e+09
29.3,37.8,1.40276e+09
29.3,37.9,1.42012e+09
29.3,38,1.43762e+09
29.3,38.1,1.45525e+09
29.3,38.2,1.47302e+09
29.3,38.3,1.49092e+09
29.3,38.4,1.50895e+09
29.3,38.5,1.52712e+09
29.3,38.6,1.54543e+09
29.3,38.7,1.56388e+09
29.3,38.8,1.58246e+09
29.3,38.9,1.60118e+09
29.3,39,1.62003e+09
29.3,39.1,1.63903e+09
29.3,39.2,1.65816e+09
29.3,39.3,1.67744e+09
29.3,39.4,1.69685e+09
29.3,39.5,1.71641e+09
29.3,39.6,1.73611e+09
29.3,39.7,1.75594e+09
29.3,39.8,1.77592e+09
29.3,39.9,1.79605e+09
29.4,20,1.42509e+08
29.4,20.1,1.35225e+08
29.4,20.2,1.28108e+08
29.4,20.3,1.21161e+08
29.4,20.4,1.14385e+08
29.4,20.5,1.07782e+08
29.4,20.6,1.01355e+08
29.4,20.7,9.51044e+07
29.4,20.8,8.90333e+07
29.4,20.9,8.31434e+07
29.4,21,7.74367e+07
29.4,21.1,7.19151e+07
29.4,21.2,6.65808e+07
29.4,21.3,6.14356e+07
29.4,21.4,5.64816e+07
29.4,21.5,5.17209e+07
29.4,21.6,4.71555e+07
29.4,21.7,4.27874e+07
29.4,21.8,3.86187e+07
29.4,21.9,3.46514e+07
29.4,22,3.08875e+07
29.4,22.1,2.73293e+07
29.4,22.2,2.39786e+07
29.4,22.3,2.08377e+07
29.4,22.4,1.79086e+07
29.4,22.5,1.51933e+07
29.4,22.6,1.26941e+07
29.4,22.7,1.04129e+07
29.4,22.8,8.35194e+06
29.4,22.9,6.5133e+06
29.4,23,4.89912e+06
29.4,23.1,3.51153e+06
29.4,23.2,2.35266e+06
29.4,23.3,1.42466e+06
29.4,23.4,729689
29.4,23.5,269900
29.4,23.6,47460.3
29.4,23.7,64542.9
29.4,23.8,323326
29.4,23.9,825996
29.4,24,1.57475e+06
29.4,24.1,2.57177e+06
29.4,24.2,3.81928e+06
29.4,24.3,5.31948e+06
29.4,24.4,7.0746e+06
29.4,24.5,9.08685e+06
29.4,24.6,1.13585e+07
29.4,24.7,1.38917e+07
29.4,24.8,1.66888e+07
29.4,24.9,1.9752e+07
29.4,25,2.30835e+07
29.4,25.1,2.66857e+07
29.4,25.2,3.05608e+07
29.4,25.3,3.4711e+07
29.4,25.4,3.91387e+07
29.4,25.5,4.38462e+07
29.4,25.6,4.88357e+07
29.4,25.7,5.41096e+07
29.4,25.8,5.96701e+07
29.4,25.9,6.55196e+07
29.4,26,7.16604e+07
29.4,26.1,7.80949e+07
29.4,26.2,8.48253e+07
29.4,26.3,9.1854e+07
29.4,26.4,9.91834e+07
29.4,26.5,1.06816e+08
29.4,26.6,1.14754e+08
29.4,26.7,1.22999e+08
29.4,26.8,1.31555e+08
29.4,26.9,1.40423e+08
29.4,27,1.49606e+08
29.4,27.1,1.59106e+08
29.4,27.2,1.68927e+08
29.4,27.3,1.79069e+08
29.4,27.4,1.78743e+08
29.4,27.5,1.97626e+08
29.4,27.6,2.05906e+08
29.4,27.7,2.14376e+08
29.4,27.8,2.23037e+08
29.4,27.9,2.31892e+08
29.4,28,2.4094e+08
29.4,28.1,2.50184e+08
29.4,28.2,2.59624e+08
29.4,28.3,2.69262e+08
29.4,28.4,2.79099e+08
29.4,28.5,2.89136e+08
29.4,28.6,2.99375e+08
29.4,28.7,3.09816e+08
29.4,28.8,3.20461e+08
29.4,28.9,3.31312e+08
29.4,29,3.42369e+08
29.4,29.1,3.53634e+08
29.4,29.2,3.65107e+08
29.4,29.3,3.76792e+08
29.4,29.4,3.88687e+08
29.4,29.5,3.9669e+08
29.4,29.6,4.04789e+08
29.4,29.7,4.12984e+08
29.4,29.8,4.21275e+08
29.4,29.9,4.29663e+08
29.4,30,4.38148e+08
29.4,30.1,4.46731e+08
29.4,30.2,4.55412e+08
29.4,30.3,4.64192e+08
29.4,30.4,4.73071e+08
29.4,30.5,4.8205e+08
29.4,30.6,4.91128e+08
29.4,30.7,5.00307e+08
29.4,30.8,5.09586e+08
29.4,30.9,5.18966e+08
29.4,31,5.28449e+08
29.4,31.1,5.38033e+08
29.4,31.2,5.47719e+08
29.4,31.3,5.57509e+08
29.4,31.4,5.67402e+08
29.4,31.5,5.77399e+08
29.4,31.6,5.875e+08
29.4,31.7,5.97706e+08
29.4,31.8,6.08016e+08
29.4,31.9,6.18433e+08
29.4,32,6.28955e+08
29.4,32.1,6.39584e+08
29.4,32.2,6.50319e+08
29.4,32.3,6.61162e+08
29.4,32.4,6.72113e+08
29.4,32.5,6.83172e+08
29.4,32.6,6.94339e+08
29.4,32.7,7.05616e+08
29.4,32.8,7.17002e+08
29.4,32.9,7.28498e+08
29.4,33,7.40105e+08
29.4,33.1,7.51823e+08
29.4,33.2,7.63651e+08
29.4,33.3,7.75592e+08
29.4,33.4,7.87645e+08
29.4,33.5,7.9981e+08
29.4,33.6,8.12089e+08
29.4,33.7,8.24481e+08
29.4,33.8,8.36988e+08
29.4,33.9,8.49609e+08
29.4,34,8.62344e+08
29.4,34.1,8.75195e+08
29.4,34.2,8.88163e+08
29.4,34.3,9.01246e+08
29.4,34.4,9.14446e+08
29.4,34.5,9.27763e+08
29.4,34.6,9.41199e+08
29.4,34.7,9.54752e+08
29.4,34.8,9.68424e+08
29.4,34.9,9.82215e+08
29.4,35,9.96125e+08
29.4,35.1,1.01016e+09
29.4,35.2,1.02431e+09
29.4,35.3,1.03858e+09
29.4,35.4,1.05297e+09
29.4,35.5,1.06749e+09
29.4,35.6,1.08212e+09
29.4,35.7,1.09688e+09
29.4,35.8,1.11177e+09
29.4,35.9,1.12678e+09
29.4,36,1.14191e+09
29.4,36.1,1.15716e+09
29.4,36.2,1.17254e+09
29.4,36.3,1.18805e+09
29.4,36.4,1.20368e+09
29.4,36.5,1.21944e+09
29.4,36.6,1.23533e+09
29.4,36.7,1.25135e+09
29.4,36.8,1.26749e+09
29.4,36.9,1.28376e+09
29.4,37,1.30016e+09
29.4,37.1,1.31669e+09
29.4,37.2,1.33335e+09
29.4,37.3,1.35014e+09
29.4,37.4,1.36706e+09
29.4,37.5,1.38411e+09
29.4,37.6,1.40129e+09
29.4,37.7,1.41861e+09
29.4,37.8,1.43605e+09
29.4,37.9,1.45364e+09
29.4,38,1.47135e+09
29.4,38.1,1.4892e+09
29.4,38.2,1.50719e+09
29.4,38.3,1.52531e+09
29.4,38.4,1.54356e+09
29.4,38.5,1.56195e+09
29.4,38.6,1.58048e+09
29.4,38.7,1.59915e+09
29.4,38.8,1.61795e+09
29.4,38.9,1.63689e+09
29.4,39,1.65597e+09
29.4,39.1,1.67519e+09
29.4,39.2,1.69455e+09
29.4,39.3,1.71405e+09
29.4,39.4,1.73369e+09
29.4,39.5,1.75347e+09
29.4,39.6,1.77339e+09
29.4,39.7,1.79345e+09
29.4,39.8,1.81366e+09
29.4,39.9,1.83401e+09
29.5,20,1.35226e+08
29.5,20.1,1.2813e+08
29.5,20.2,1.21201e+08
29.5,20.3,1.14442e+08
29.5,20.4,1.07856e+08
29.5,20.5,1.01444e+08
29.5,20.6,9.52079e+07
29.5,20.7,8.915e+07
29.5,20.8,8.32721e+07
29.5,20.9,7.75762e+07
29.5,21,7.20645e+07
29.5,21.1,6.67387e+07
29.5,21.2,6.1601e+07
29.5,21.3,5.66534e+07
29.5,21.4,5.18979e+07
29.5,21.5,4.73365e+07
29.5,21.6,4.29713e+07
29.5,21.7,3.88043e+07
29.5,21.8,3.48376e+07
29.5,21.9,3.10731e+07
29.5,22,2.7513e+07
29.5,22.1,2.41594e+07
29.5,22.2,2.10142e+07
29.5,22.3,1.80797e+07
29.5,22.4,1.53579e+07
29.5,22.5,1.28508e+07
29.5,22.6,1.05606e+07
29.5,22.7,8.48936e+06
29.5,22.8,6.63924e+06
29.5,22.9,5.01235e+06
29.5,23,3.6108e+06
29.5,23.1,2.43673e+06
29.5,23.2,1.49229e+06
29.5,23.3,779614
29.5,23.4,300863
29.5,23.5,58196.4
29.5,23.6,53780.5
29.5,23.7,289789
29.5,23.8,768402
29.5,23.9,1.49181e+06
29.5,24,2.46219e+06
29.5,24.1,3.68177e+06
29.5,24.2,5.15273e+06
29.5,24.3,6.87729e+06
29.5,24.4,8.85768e+06
29.5,24.5,1.10961e+07
29.5,24.6,1.35948e+07
29.5,24.7,1.63561e+07
29.5,24.8,1.93821e+07
29.5,24.9,2.26751e+07
29.5,25,2.62374e+07
29.5,25.1,3.00713e+07
29.5,25.2,3.41789e+07
29.5,25.3,3.85627e+07
29.5,25.4,4.32249e+07
29.5,25.5,4.81677e+07
29.5,25.6,5.33935e+07
29.5,25.7,5.89045e+07
29.5,25.8,6.47032e+07
29.5,25.9,7.07917e+07
29.5,26,7.71725e+07
29.5,26.1,8.38479e+07
29.5,26.2,9.08201e+07
29.5,26.3,9.80916e+07
29.5,26.4,1.05665e+08
29.5,26.5,1.13542e+08
29.5,26.6,1.21725e+08
29.5,26.7,1.30217e+08
29.5,26.8,1.3902e+08
29.5,26.9,1.48137e+08
29.5,27,1.57569e+08
29.5,27.1,1.6732e+08
29.5,27.2,1.77391e+08
29.5,27.3,1.87786e+08
29.5,27.4,1.87457e+08
29.5,27.5,2.06788e+08
29.5,27.6,2.15261e+08
29.5,27.7,2.23924e+08
29.5,27.8,2.3278e+08
29.5,27.9,2.4183e+08
29.5,28,2.51074e+08
29.5,28.1,2.60513e+08
29.5,28.2,2.70151e+08
29.5,28.3,2.79986e+08
29.5,28.4,2.90021e+08
29.5,28.5,3.00257e+08
29.5,28.6,3.10695e+08
29.5,28.7,3.21337e+08
29.5,28.8,3.32183e+08
29.5,28.9,3.43235e+08
29.5,29,3.54494e+08
29.5,29.1,3.65962e+08
29.5,29.2,3.77639e+08
29.5,29.3,3.89527e+08
29.5,29.4,4.01628e+08
29.5,29.5,4.13942e+08
29.5,29.6,4.22221e+08
29.5,29.7,4.30596e+08
29.5,29.8,4.39069e+08
29.5,29.9,4.47639e+08
29.5,30,4.56306e+08
29.5,30.1,4.65072e+08
29.5,30.2,4.73937e+08
29.5,30.3,4.829e+08
29.5,30.4,4.91963e+08
29.5,30.5,5.01126e+08
29.5,30.6,5.10389e+08
29.5,30.7,5.19753e+08
29.5,30.8,5.29218e+08
29.5,30.9,5.38785e+08
29.5,31,5.48454e+08
29.5,31.1,5.58225e+08
29.5,31.2,5.681e+08
29.5,31.3,5.78077e+08
29.5,31.4,5.88159e+08
29.5,31.5,5.98344e+08
29.5,31.6,6.08635e+08
29.5,31.7,6.1903e+08
29.5,31.8,6.29531e+08
29.5,31.9,6.40138e+08
29.5,32,6.50852e+08
29.5,32.1,6.61672e+08
29.5,32.2,6.726e+08
29.5,32.3,6.83635e+08
29.5,32.4,6.94779e+08
29.5,32.5,7.06032e+08
29.5,32.6,7.17393e+08
29.5,32.7,7.28864e+08
29.5,32.8,7.40445e+08
29.5,32.9,7.52136e+08
29.5,33,7.63939e+08
29.5,33.1,7.75852e+08
29.5,33.2,7.87878e+08
29.5,33.3,8.00015e+08
29.5,33.4,8.12266e+08
29.5,33.5,8.24629e+08
29.5,33.6,8.37106e+08
29.5,33.7,8.49697e+08
29.5,33.8,8.62403e+08
29.5,33.9,8.75224e+08
29.5,34,8.8816e+08
29.5,34.1,9.01212e+08
29.5,34.2,9.1438e+08
29.5,34.3,9.27665e+08
29.5,34.4,9.41067e+08
29.5,34.5,9.54587e+08
29.5,34.6,9.68225e+08
29.5,34.7,9.81982e+08
29.5,34.8,9.95857e+08
29.5,34.9,1.00985e+09
29.5,35,1.02397e+09
29.5,35.1,1.0382e+09
29.5,35.2,1.05256e+09
29.5,35.3,1.06704e+09
29.5,35.4,1.08164e+09
29.5,35.5,1.09636e+09
29.5,35.6,1.11121e+09
29.5,35.7,1.12617e+09
29.5,35.8,1.14127e+09
29.5,35.9,1.15648e+09
29.5,36,1.17182e+09
29.5,36.1,1.18729e+09
29.5,36.2,1.20288e+09
29.5,36.3,1.2186e+09
29.5,36.4,1.23444e+09
29.5,36.5,1.25042e+09
29.5,36.6,1.26651e+09
29.5,36.7,1.28274e+09
29.5,36.8,1.2991e+09
29.5,36.9,1.31558e+09
29.5,37,1.33219e+09
29.5,37.1,1.34894e+09
29.5,37.2,1.36581e+09
29.5,37.3,1.38282e+09
29.5,37.4,1.39995e+09
29.5,37.5,1.41722e+09
29.5,37.6,1.43462e+09
29.5,37.7,1.45215e+09
29.5,37.8,1.46982e+09
29.5,37.9,1.48762e+09
29.5,38,1.50556e+09
29.5,38.1,1.52362e+09
29.5,38.2,1.54183e+09
29.5,38.3,1.56017e+09
29.5,38.4,1.57864e+09
29.5,38.5,1.59726e+09
29.5,38.6,1.61601e+09
29.5,38.7,1.63489e+09
29.5,38.8,1.65392e+09
29.5,38.9,1.67308e+09
29.5,39,1.69239e+09
29.5,39.1,1.71183e+09
29.5,39.2,1.73141e+09
29.5,39.3,1.75114e+09
29.5,39.4,1.771e+09
29.5,39.5,1.79101e+09
29.5,39.6,1.81116e+09
29.5,39.7,1.83145e+09
29.5,39.8,1.85188e+09
29.5,39.9,1.87246e+09
29.6,20,1.28119e+08
29.6,20.1,1.2121e+08
29.6,20.2,1.1447e+08
29.6,20.3,1.07901e+08
29.6,20.4,1.01505e+08
29.6,20.5,9.52843e+07
29.6,20.6,8.92403e+07
29.6,20.7,8.33754e+07
29.6,20.8,7.76913e+07
29.6,20.9,7.21902e+07
29.6,21,6.68741e+07
29.6,21.1,6.17448e+07
29.6,21.2,5.68045e+07
29.6,21.3,5.20551e+07
29.6,21.4,4.74987e+07
29.6,21.5,4.31373e+07
29.6,21.6,3.8973e+07
29.6,21.7,3.50078e+07
29.6,21.8,3.12436e+07
29.6,21.9,2.76827e+07
29.6,22,2.4327e+07
29.6,22.1,2.11787e+07
29.6,22.2,1.82398e+07
29.6,22.3,1.55123e+07
29.6,22.4,1.29984e+07
29.6,22.5,1.07002e+07
29.6,22.6,8.61973e+06
29.6,22.7,6.75915e+06
29.6,22.8,5.12057e+06
29.6,22.9,3.70611e+06
29.6,23,2.51788e+06
29.6,23.1,1.55804e+06
29.6,23.2,828719
29.6,23.3,332067
29.6,23.4,70238.3
29.6,23.5,45395.5
29.6,23.6,259706
29.6,23.7,715345
29.6,23.8,1.41449e+06
29.6,23.9,2.35934e+06
29.6,24,3.55208e+06
29.6,24.1,4.99491e+06
29.6,24.2,6.69004e+06
29.6,24.3,8.63968e+06
29.6,24.4,1.08461e+07
29.6,24.5,1.33114e+07
29.6,24.6,1.60379e+07
29.6,24.7,1.90279e+07
29.6,24.8,2.22836e+07
29.6,24.9,2.58072e+07
29.6,25,2.96009e+07
29.6,25.1,3.36672e+07
29.6,25.2,3.80082e+07
29.6,25.3,4.26262e+07
29.6,25.4,4.75235e+07
29.6,25.5,5.27024e+07
29.6,25.6,5.81652e+07
29.6,25.7,6.39142e+07
29.6,25.8,6.99517e+07
29.6,25.9,7.62801e+07
29.6,26,8.29016e+07
29.6,26.1,8.98186e+07
29.6,26.2,9.70334e+07
29.6,26.3,1.04548e+08
29.6,26.4,1.12366e+08
29.6,26.5,1.20488e+08
29.6,26.6,1.28918e+08
29.6,26.7,1.37657e+08
29.6,26.8,1.46709e+08
29.6,26.9,1.56074e+08
29.6,27,1.65757e+08
29.6,27.1,1.75759e+08
29.6,27.2,1.86082e+08
29.6,27.3,1.96729e+08
29.6,27.4,1.96398e+08
29.6,27.5,2.16178e+08
29.6,27.6,2.24845e+08
29.6,27.7,2.33702e+08
29.6,27.8,2.42753e+08
29.6,27.9,2.51998e+08
29.6,28,2.61438e+08
29.6,28.1,2.71075e+08
29.6,28.2,2.8091e+08
29.6,28.3,2.90943e+08
29.6,28.4,3.01177e+08
29.6,28.5,3.11613e+08
29.6,28.6,3.22251e+08
29.6,28.7,3.33093e+08
29.6,28.8,3.44141e+08
29.6,28.9,3.55395e+08
29.6,29,3.66857e+08
29.6,29.1,3.78528e+08
29.6,29.2,3.9041e+08
29.6,29.3,4.02503e+08
29.6,29.4,4.14808e+08
29.6,29.5,4.27329e+08
29.6,29.6,4.40064e+08
29.6,29.7,4.48621e+08
29.6,29.8,4.57276e+08
29.6,29.9,4.66028e+08
29.6,30,4.74879e+08
29.6,30.1,4.83828e+08
29.6,30.2,4.92877e+08
29.6,30.3,5.02024e+08
29.6,30.4,5.11272e+08
29.6,30.5,5.2062e+08
29.6,30.6,5.30069e+08
29.6,30.7,5.39619e+08
29.6,30.8,5.49271e+08
29.6,30.9,5.59025e+08
29.6,31,5.68881e+08
29.6,31.1,5.7884e+08
29.6,31.2,5.88903e+08
29.6,31.3,5.99069e+08
29.6,31.4,6.0934e+08
29.6,31.5,6.19715e+08
29.6,31.6,6.30196e+08
29.6,31.7,6.40782e+08
29.6,31.8,6.51474e+08
29.6,31.9,6.62273e+08
29.6,32,6.73178e+08
29.6,32.1,6.84191e+08
29.6,32.2,6.95311e+08
29.6,32.3,7.0654e+08
29.6,32.4,7.17877e+08
29.6,32.5,7.29324e+08
29.6,32.6,7.4088e+08
29.6,32.7,7.52546e+08
29.6,32.8,7.64323e+08
29.6,32.9,7.7621e+08
29.6,33,7.88209e+08
29.6,33.1,8.00319e+08
29.6,33.2,8.12542e+08
29.6,33.3,8.24878e+08
29.6,33.4,8.37326e+08
29.6,33.5,8.49888e+08
29.6,33.6,8.62565e+08
29.6,33.7,8.75355e+08
29.6,33.8,8.88261e+08
29.6,33.9,9.01282e+08
29.6,34,9.14419e+08
29.6,34.1,9.27673e+08
29.6,34.2,9.41043e+08
29.6,34.3,9.5453e+08
29.6,34.4,9.68135e+08
29.6,34.5,9.81858e+08
29.6,34.6,9.957e+08
29.6,34.7,1.00966e+09
29.6,34.8,1.02374e+09
29.6,34.9,1.03794e+09
29.6,35,1.05226e+09
29.6,35.1,1.0667e+09
29.6,35.2,1.08127e+09
29.6,35.3,1.09595e+09
29.6,35.4,1.11076e+09
29.6,35.5,1.12569e+09
29.6,35.6,1.14074e+09
29.6,35.7,1.15592e+09
29.6,35.8,1.17122e+09
29.6,35.9,1.18665e+09
29.6,36,1.2022e+09
29.6,36.1,1.21788e+09
29.6,36.2,1.23368e+09
29.6,36.3,1.24961e+09
29.6,36.4,1.26567e+09
29.6,36.5,1.28185e+09
29.6,36.6,1.29816e+09
29.6,36.7,1.3146e+09
29.6,36.8,1.33117e+09
29.6,36.9,1.34787e+09
29.6,37,1.3647e+09
29.6,37.1,1.38166e+09
29.6,37.2,1.39875e+09
29.6,37.3,1.41597e+09
29.6,37.4,1.43332e+09
29.6,37.5,1.45081e+09
29.6,37.6,1.46842e+09
29.6,37.7,1.48618e+09
29.6,37.8,1.50406e+09
29.6,37.9,1.52208e+09
29.6,38,1.54023e+09
29.6,38.1,1.55852e+09
29.6,38.2,1.57695e+09
29.6,38.3,1.59551e+09
29.6,38.4,1.61421e+09
29.6,38.5,1.63304e+09
29.6,38.6,1.65201e+09
29.6,38.7,1.67112e+09
29.6,38.8,1.69037e+09
29.6,38.9,1.70976e+09
29.6,39,1.72929e+09
29.6,39.1,1.74896e+09
29.6,39.2,1.76876e+09
29.6,39.3,1.78871e+09
29.6,39.4,1.8088e+09
29.6,39.5,1.82904e+09
29.6,39.6,1.84941e+09
29.6,39.7,1.86993e+09
29.6,39.8,1.89059e+09
29.6,39.9,1.9114e+09
29.7,20,1.21188e+08
29.7,20.1,1.14468e+08
29.7,20.2,1.07917e+08
29.7,20.3,1.01538e+08
29.7,20.4,9.53334e+07
29.7,20.5,8.93044e+07
29.7,20.6,8.34532e+07
29.7,20.7,7.77819e+07
29.7,20.8,7.22924e+07
29.7,20.9,6.69867e+07
29.7,21,6.18668e+07
29.7,21.1,5.69347e+07
29.7,21.2,5.21924e+07
29.7,21.3,4.76419e+07
29.7,21.4,4.32853e+07
29.7,21.5,3.91246e+07
29.7,21.6,3.51618e+07
29.7,21.7,3.1399e+07
29.7,21.8,2.78382e+07
29.7,21.9,2.44815e+07
29.7,22,2.13309e+07
29.7,22.1,1.83886e+07
29.7,22.2,1.56565e+07
29.7,22.3,1.31368e+07
29.7,22.4,1.08315e+07
29.7,22.5,8.74286e+06
29.7,22.6,6.87284e+06
29.7,22.7,5.2236e+06
29.7,22.8,3.79724e+06
29.7,22.9,2.5959e+06
29.7,23,1.6217e+06
29.7,23.1,876775
29.7,23.2,363273
29.7,23.3,83341.6
29.7,23.4,39136.4
29.7,23.5,232820
29.7,23.6,666562
29.7,23.7,1.34254e+06
29.7,23.8,2.26293e+06
29.7,23.9,3.42993e+06
29.7,24,4.84572e+06
29.7,24.1,6.51252e+06
29.7,24.2,8.43253e+06
29.7,24.3,1.0608e+07
29.7,24.4,1.30411e+07
29.7,24.5,1.5734e+07
29.7,24.6,1.86891e+07
29.7,24.7,2.19085e+07
29.7,24.8,2.53945e+07
29.7,24.9,2.91494e+07
29.7,25,3.31754e+07
29.7,25.1,3.74748e+07
29.7,25.2,4.20498e+07
29.7,25.3,4.69028e+07
29.7,25.4,5.2036e+07
29.7,25.5,5.74517e+07
29.7,25.6,6.31523e+07
29.7,25.7,6.914e+07
29.7,25.8,7.54171e+07
29.7,25.9,8.1986e+07
29.7,26,8.8849e+07
29.7,26.1,9.60084e+07
29.7,26.2,1.03467e+08
29.7,26.3,1.11226e+08
29.7,26.4,1.19289e+08
29.7,26.5,1.27657e+08
29.7,26.6,1.36334e+08
29.7,26.7,1.45321e+08
29.7,26.8,1.54621e+08
29.7,26.9,1.64237e+08
29.7,27,1.7417e+08
29.7,27.1,1.84424e+08
29.7,27.2,1.95e+08
29.7,27.3,2.05901e+08
29.7,27.4,2.05567e+08
29.7,27.5,2.25798e+08
29.7,27.6,2.34659e+08
29.7,27.7,2.43711e+08
29.7,27.8,2.52958e+08
29.7,27.9,2.62399e+08
29.7,28,2.72036e+08
29.7,28.1,2.8187e+08
29.7,28.2,2.91903e+08
29.7,28.3,3.02135e+08
29.7,28.4,3.12568e+08
29.7,28.5,3.23204e+08
29.7,28.6,3.34043e+08
29.7,28.7,3.45087e+08
29.7,28.8,3.56337e+08
29.7,28.9,3.67794e+08
29.7,29,3.79459e+08
29.7,29.1,3.91334e+08
29.7,29.2,4.0342e+08
29.7,29.3,4.15719e+08
29.7,29.4,4.28231e+08
29.7,29.5,4.40958e+08
29.7,29.6,4.53901e+08
29.7,29.7,4.67061e+08
29.7,29.8,4.75899e+08
29.7,29.9,4.84834e+08
29.7,30,4.93869e+08
29.7,30.1,5.03002e+08
29.7,30.2,5.12235e+08
29.7,30.3,5.21568e+08
29.7,30.4,5.31001e+08
29.7,30.5,5.40535e+08
29.7,30.6,5.50171e+08
29.7,30.7,5.59907e+08
29.7,30.8,5.69746e+08
29.7,30.9,5.79688e+08
29.7,31,5.89732e+08
29.7,31.1,5.9988e+08
29.7,31.2,6.10132e+08
29.7,31.3,6.20488e+08
29.7,31.4,6.30949e+08
29.7,31.5,6.41514e+08
29.7,31.6,6.52186e+08
29.7,31.7,6.62963e+08
29.7,31.8,6.73847e+08
29.7,31.9,6.84838e+08
29.7,32,6.95936e+08
29.7,32.1,7.07142e+08
29.7,32.2,7.18456e+08
29.7,32.3,7.29879e+08
29.7,32.4,7.4141e+08
29.7,32.5,7.53052e+08
29.7,32.6,7.64803e+08
29.7,32.7,7.76665e+08
29.7,32.8,7.88638e+08
29.7,32.9,8.00722e+08
29.7,33,8.12918e+08
29.7,33.1,8.25226e+08
29.7,33.2,8.37647e+08
29.7,33.3,8.50181e+08
29.7,33.4,8.62829e+08
29.7,33.5,8.75591e+08
29.7,33.6,8.88467e+08
29.7,33.7,9.01458e+08
29.7,33.8,9.14564e+08
29.7,33.9,9.27787e+08
29.7,34,9.41126e+08
29.7,34.1,9.54581e+08
29.7,34.2,9.68154e+08
29.7,34.3,9.81844e+08
29.7,34.4,9.95653e+08
29.7,34.5,1.00958e+09
29.7,34.6,1.02363e+09
29.7,34.7,1.03779e+09
29.7,34.8,1.05208e+09
29.7,34.9,1.06648e+09
29.7,35,1.08101e+09
29.7,35.1,1.09566e+09
29.7,35.2,1.11043e+09
29.7,35.3,1.12532e+09
29.7,35.4,1.14034e+09
29.7,35.5,1.15548e+09
29.7,35.6,1.17074e+09
29.7,35.7,1.18613e+09
29.7,35.8,1.20164e+09
29.7,35.9,1.21728e+09
29.7,36,1.23304e+09
29.7,36.1,1.24893e+09
29.7,36.2,1.26494e+09
29.7,36.3,1.28108e+09
29.7,36.4,1.29735e+09
29.7,36.5,1.31375e+09
29.7,36.6,1.33028e+09
29.7,36.7,1.34693e+09
29.7,36.8,1.36371e+09
29.7,36.9,1.38063e+09
29.7,37,1.39767e+09
29.7,37.1,1.41485e+09
29.7,37.2,1.43215e+09
29.7,37.3,1.44959e+09
29.7,37.4,1.46716e+09
29.7,37.5,1.48487e+09
29.7,37.6,1.5027e+09
29.7,37.7,1.52067e+09
29.7,37.8,1.53878e+09
29.7,37.9,1.55702e+09
29.7,38,1.57539e+09
29.7,38.1,1.5939e+09
29.7,38.2,1.61255e+09
29.7,38.3,1.63133e+09
29.7,38.4,1.65025e+09
29.7,38.5,1.66931e+09
29.7,38.6,1.6885e+09
29.7,38.7,1.70784e+09
29.7,38.8,1.72731e+09
29.7,38.9,1.74692e+09
29.7,39,1.76667e+09
29.7,39.1,1.78657e+09
29.7,39.2,1.8066e+09
29.7,39.3,1.82678e+09
29.7,39.4,1.8471e+09
29.7,39.5,1.86756e+09
29.7,39.6,1.88816e+09
29.7,39.7,1.90891e+09
29.7,39.8,1.9298e+09
29.7,39.9,1.95083e+09
29.8,20,1.14436e+08
29.8,20.1,1.07904e+08
29.8,20.2,1.01543e+08
29.8,20.3,9.53553e+07
29.8,20.4,8.93421e+07
29.8,20.5,8.35056e+07
29.8,20.6,7.78479e+07
29.8,20.7,7.23709e+07
29.8,20.8,6.70766e+07
29.8,20.9,6.19669e+07
29.8,21,5.7044e+07
29.8,21.1,5.23097e+07
29.8,21.2,4.77661e+07
29.8,21.3,4.34152e+07
29.8,21.4,3.92591e+07
29.8,21.5,3.52997e+07
29.8,21.6,3.15391e+07
29.8,21.7,2.79794e+07
29.8,21.8,2.46226e+07
29.8,21.9,2.14708e+07
29.8,22,1.8526e+07
29.8,22.1,1.57903e+07
29.8,22.2,1.32657e+07
29.8,22.3,1.09545e+07
29.8,22.4,8.85858e+06
29.8,22.5,6.98013e+06
29.8,22.6,5.32124e+06
29.8,22.7,3.88401e+06
29.8,22.8,2.67057e+06
29.8,22.9,1.68305e+06
29.8,23,923564
29.8,23.1,394258
29.8,23.2,97273.9
29.8,23.3,34763.5
29.8,23.4,208883
29.8,23.5,621797
29.8,23.6,1.27567e+06
29.8,23.7,2.17269e+06
29.8,23.8,3.31503e+06
29.8,23.9,4.70489e+06
29.8,24,6.34446e+06
29.8,24.1,8.23594e+06
29.8,24.2,1.03815e+07
29.8,24.3,1.27835e+07
29.8,24.4,1.5444e+07
29.8,24.5,1.83653e+07
29.8,24.6,2.15496e+07
29.8,24.7,2.49992e+07
29.8,24.8,2.87163e+07
29.8,24.9,3.27032e+07
29.8,25,3.69622e+07
29.8,25.1,4.14954e+07
29.8,25.2,4.63052e+07
29.8,25.3,5.13939e+07
29.8,25.4,5.67637e+07
29.8,25.5,6.2417e+07
29.8,25.6,6.83561e+07
29.8,25.7,7.45832e+07
29.8,25.8,8.11006e+07
29.8,25.9,8.79108e+07
29.8,26,9.5016e+07
29.8,26.1,1.02419e+08
29.8,26.2,1.10121e+08
29.8,26.3,1.18125e+08
29.8,26.4,1.26434e+08
29.8,26.5,1.35049e+08
29.8,26.6,1.43974e+08
29.8,26.7,1.5321e+08
29.8,26.8,1.6276e+08
29.8,26.9,1.72626e+08
29.8,27,1.82811e+08
29.8,27.1,1.93317e+08
29.8,27.2,2.04146e+08
29.8,27.3,2.15302e+08
29.8,27.4,2.14966e+08
29.8,27.5,2.35649e+08
29.8,27.6,2.44704e+08
29.8,27.7,2.53952e+08
29.8,27.8,2.63395e+08
29.8,27.9,2.73032e+08
29.8,28,2.82867e+08
29.8,28.1,2.92899e+08
29.8,28.2,3.03131e+08
29.8,28.3,3.13563e+08
29.8,28.4,3.24196e+08
29.8,28.5,3.35033e+08
29.8,28.6,3.46073e+08
29.8,28.7,3.57319e+08
29.8,28.8,3.68772e+08
29.8,28.9,3.80432e+08
29.8,29,3.92302e+08
29.8,29.1,4.04382e+08
29.8,29.2,4.16673e+08
29.8,29.3,4.29178e+08
29.8,29.4,4.41897e+08
29.8,29.5,4.54831e+08
29.8,29.6,4.67982e+08
29.8,29.7,4.81351e+08
29.8,29.8,4.9494e+08
29.8,29.9,5.0406e+08
29.8,30,5.13278e+08
29.8,30.1,5.22597e+08
29.8,30.2,5.32015e+08
29.8,30.3,5.41534e+08
29.8,30.4,5.51153e+08
29.8,30.5,5.60874e+08
29.8,30.6,5.70696e+08
29.8,30.7,5.80621e+08
29.8,30.8,5.90648e+08
29.8,30.9,6.00777e+08
29.8,31,6.11011e+08
29.8,31.1,6.21348e+08
29.8,31.2,6.3179e+08
29.8,31.3,6.42336e+08
29.8,31.4,6.52987e+08
29.8,31.5,6.63744e+08
29.8,31.6,6.74607e+08
29.8,31.7,6.85577e+08
29.8,31.8,6.96653e+08
29.8,31.9,7.07837e+08
29.8,32,7.19128e+08
29.8,32.1,7.30528e+08
29.8,32.2,7.42036e+08
29.8,32.3,7.53654e+08
29.8,32.4,7.65381e+08
29.8,32.5,7.77218e+08
29.8,32.6,7.89166e+08
29.8,32.7,8.01224e+08
29.8,32.8,8.13394e+08
29.8,32.9,8.25676e+08
29.8,33,8.38069e+08
29.8,33.1,8.50576e+08
29.8,33.2,8.63196e+08
29.8,33.3,8.75929e+08
29.8,33.4,8.88777e+08
29.8,33.5,9.01739e+08
29.8,33.6,9.14815e+08
29.8,33.7,9.28008e+08
29.8,33.8,9.41316e+08
29.8,33.9,9.5474e+08
29.8,34,9.68282e+08
29.8,34.1,9.8194e+08
29.8,34.2,9.95716e+08
29.8,34.3,1.00961e+09
29.8,34.4,1.02362e+09
29.8,34.5,1.03776e+09
29.8,34.6,1.05201e+09
29.8,34.7,1.06638e+09
29.8,34.8,1.08087e+09
29.8,34.9,1.09548e+09
29.8,35,1.11022e+09
29.8,35.1,1.12507e+09
29.8,35.2,1.14005e+09
29.8,35.3,1.15515e+09
29.8,35.4,1.17038e+09
29.8,35.5,1.18573e+09
29.8,35.6,1.2012e+09
29.8,35.7,1.2168e+09
29.8,35.8,1.23252e+09
29.8,35.9,1.24837e+09
29.8,36,1.26434e+09
29.8,36.1,1.28044e+09
29.8,36.2,1.29667e+09
29.8,36.3,1.31302e+09
29.8,36.4,1.32951e+09
29.8,36.5,1.34612e+09
29.8,36.6,1.36286e+09
29.8,36.7,1.37973e+09
29.8,36.8,1.39673e+09
29.8,36.9,1.41386e+09
29.8,37,1.43112e+09
29.8,37.1,1.44851e+09
29.8,37.2,1.46604e+09
29.8,37.3,1.48369e+09
29.8,37.4,1.50148e+09
29.8,37.5,1.5194e+09
29.8,37.6,1.53746e+09
29.8,37.7,1.55565e+09
29.8,37.8,1.57397e+09
29.8,37.9,1.59243e+09
29.8,38,1.61103e+09
29.8,38.1,1.62976e+09
29.8,38.2,1.64863e+09
29.8,38.3,1.66763e+09
29.8,38.4,1.68678e+09
29.8,38.5,1.70606e+09
29.8,38.6,1.72548e+09
29.8,38.7,1.74503e+09
29.8,38.8,1.76473e+09
29.8,38.9,1.78457e+09
29.8,39,1.80455e+09
29.8,39.1,1.82467e+09
29.8,39.2,1.84493e+09
29.8,39.3,1.86533e+09
29.8,39.4,1.88588e+09
29.8,39.5,1.90657e+09
29.8,39.6,1.9274e+09
29.8,39.7,1.94838e+09
29.8,39.8,1.9695e+09
29.8,39.9,1.99077e+09
29.9,20,1.07862e+08
29.9,20.1,1.0152e+08
29.9,20.2,9.53499e+07
29.9,20.3,8.93534e+07
29.9,20.4,8.35326e+07
29.9,20.5,7.78894e+07
29.9,20.6,7.24257e+07
29.9,20.7,6.71437e+07
29.9,20.8,6.20452e+07
29.9,20.9,5.71323e+07
29.9,21,5.24069e+07
29.9,21.1,4.78711e+07
29.9,21.2,4.35269e+07
29.9,21.3,3.93762e+07
29.9,21.4,3.54212e+07
29.9,21.5,3.16638e+07
29.9,21.6,2.81062e+07
29.9,21.7,2.47503e+07
29.9,21.8,2.15981e+07
29.9,21.9,1.86519e+07
29.9,22,1.59135e+07
29.9,22.1,1.33851e+07
29.9,22.2,1.10689e+07
29.9,22.3,8.96672e+06
29.9,22.4,7.08084e+06
29.9,22.5,5.41331e+06
29.9,22.6,3.96623e+06
29.9,22.7,2.74172e+06
29.9,22.8,1.74189e+06
29.9,22.9,968879
29.9,23,424806
29.9,23.1,111815
29.9,23.2,32048.5
29.9,23.3,187660
29.9,23.4,580807
29.9,23.5,1.21365e+06
29.9,23.6,2.08837e+06
29.9,23.7,3.20714e+06
29.9,23.8,4.57214e+06
29.9,23.9,6.18557e+06
29.9,24,8.04962e+06
29.9,24.1,1.01665e+07
29.9,24.2,1.25384e+07
29.9,24.3,1.51676e+07
29.9,24.4,1.80562e+07
29.9,24.5,2.12066e+07
29.9,24.6,2.46209e+07
29.9,24.7,2.83014e+07
29.9,24.8,3.22503e+07
29.9,24.9,3.647e+07
29.9,25,4.09625e+07
29.9,25.1,4.57304e+07
29.9,25.2,5.07757e+07
29.9,25.3,5.61008e+07
29.9,25.4,6.1708e+07
29.9,25.5,6.75996e+07
29.9,25.6,7.37779e+07
29.9,25.7,8.02451e+07
29.9,25.8,8.70037e+07
29.9,25.9,9.40559e+07
29.9,26,1.01404e+08
29.9,26.1,1.0905e+08
29.9,26.2,1.16997e+08
29.9,26.3,1.25248e+08
29.9,26.4,1.33803e+08
29.9,26.5,1.42666e+08
29.9,26.6,1.51839e+08
29.9,26.7,1.61325e+08
29.9,26.8,1.71125e+08
29.9,26.9,1.81243e+08
29.9,27,1.9168e+08
29.9,27.1,2.02439e+08
29.9,27.2,2.13523e+08
29.9,27.3,2.24934e+08
29.9,27.4,2.24595e+08
29.9,27.5,2.45732e+08
29.9,27.6,2.54982e+08
29.9,27.7,2.64427e+08
29.9,27.8,2.74066e+08
29.9,27.9,2.83901e+08
29.9,28,2.93934e+08
29.9,28.1,3.04165e+08
29.9,28.2,3.14596e+08
29.9,28.3,3.25228e+08
29.9,28.4,3.36062e+08
29.9,28.5,3.471e+08
29.9,28.6,3.58343e+08
29.9,28.7,3.69791e+08
29.9,28.8,3.81447e+08
29.9,28.9,3.93312e+08
29.9,29,4.05386e+08
29.9,29.1,4.17671e+08
29.9,29.2,4.30169e+08
29.9,29.3,4.4288e+08
29.9,29.4,4.55807e+08
29.9,29.5,4.68949e+08
29.9,29.6,4.82309e+08
29.9,29.7,4.95888e+08
29.9,29.8,5.09686e+08
29.9,29.9,5.23706e+08
29.9,30,5.3311e+08
29.9,30.1,5.42614e+08
29.9,30.2,5.52219e+08
29.9,30.3,5.61924e+08
29.9,30.4,5.7173e+08
29.9,30.5,5.81638e+08
29.9,30.6,5.91648e+08
29.9,30.7,6.01761e+08
29.9,30.8,6.11977e+08
29.9,30.9,6.22296e+08
29.9,31,6.32719e+08
29.9,31.1,6.43247e+08
29.9,31.2,6.53879e+08
29.9,31.3,6.64616e+08
29.9,31.4,6.75459e+08
29.9,31.5,6.86407e+08
29.9,31.6,6.97463e+08
29.9,31.7,7.08625e+08
29.9,31.8,7.19895e+08
29.9,31.9,7.31272e+08
29.9,32,7.42758e+08
29.9,32.1,7.54352e+08
29.9,32.2,7.66056e+08
29.9,32.3,7.77869e+08
29.9,32.4,7.89792e+08
29.9,32.5,8.01825e+08
29.9,32.6,8.1397e+08
29.9,32.7,8.26226e+08
29.9,32.8,8.38593e+08
29.9,32.9,8.51073e+08
29.9,33,8.63666e+08
29.9,33.1,8.76371e+08
29.9,33.2,8.89191e+08
29.9,33.3,9.02124e+08
29.9,33.4,9.15172e+08
29.9,33.5,9.28335e+08
29.9,33.6,9.41613e+08
29.9,33.7,9.55008e+08
29.9,33.8,9.68518e+08
29.9,33.9,9.82145e+08
29.9,34,9.9589e+08
29.9,34.1,1.00975e+09
29.9,34.2,1.02373e+09
29.9,34.3,1.03783e+09
29.9,34.4,1.05205e+09
29.9,34.5,1.06639e+09
29.9,34.6,1.08085e+09
29.9,34.7,1.09542e+09
29.9,34.8,1.11012e+09
29.9,34.9,1.12494e+09
29.9,35,1.13989e+09
29.9,35.1,1.15495e+09
29.9,35.2,1.17014e+09
29.9,35.3,1.18545e+09
29.9,35.4,1.20088e+09
29.9,35.5,1.21644e+09
29.9,35.6,1.23212e+09
29.9,35.7,1.24793e+09
29.9,35.8,1.26387e+09
29.9,35.9,1.27993e+09
29.9,36,1.29611e+09
29.9,36.1,1.31243e+09
29.9,36.2,1.32887e+09
29.9,36.3,1.34544e+09
29.9,36.4,1.36213e+09
29.9,36.5,1.37896e+09
29.9,36.6,1.39592e+09
29.9,36.7,1.413e+09
29.9,36.8,1.43022e+09
29.9,36.9,1.44756e+09
29.9,37,1.46504e+09
29.9,37.1,1.48265e+09
29.9,37.2,1.50039e+09
29.9,37.3,1.51827e+09
29.9,37.4,1.53628e+09
29.9,37.5,1.55442e+09
29.9,37.6,1.57269e+09
29.9,37.7,1.5911e+09
29.9,37.8,1.60965e+09
29.9,37.9,1.62833e+09
29.9,38,1.64715e+09
29.9,38.1,1.6661e+09
29.9,38.2,1.68519e+09
29.9,38.3,1.70442e+09
29.9,38.4,1.72379e+09
29.9,38.5,1.74329e+09
29.9,38.6,1.76294e+09
29.9,38.7,1.78272e+09
29.9,38.8,1.80265e+09
29.9,38.9,1.82271e+09
29.9,39,1.84292e+09
29.9,39.1,1.86326e+09
29.9,39.2,1.88375e+09
29.9,39.3,1.90438e+09
29.9,39.4,1.92516e+09
29.9,39.5,1.94608e+09
29.9,39.6,1.96714e+09
29.9,39.7,1.98835e+09
29.9,39.8,2.0097e+09
29.9,39.9,2.03119e+09
30,20,1.01469e+08
30,20.1,9.53173e+07
30,20.2,8.93384e+07
30,20.3,8.3534e+07
30,20.4,7.79062e+07
30,20.5,7.24568e+07
30,20.6,6.7188e+07
30,20.7,6.21015e+07
30,20.8,5.71996e+07
30,20.9,5.2484e+07
30,21,4.79569e+07
30,21.1,4.36202e+07
30,21.2,3.9476e+07
30,21.3,3.55263e+07
30,21.4,3.17731e+07
30,21.5,2.82184e+07
30,21.6,2.48643e+07
30,21.7,2.17129e+07
30,21.8,1.87661e+07
30,21.9,1.60261e+07
30,22,1.34948e+07
30,22.1,1.11745e+07
30,22.2,9.06714e+06
30,22.3,7.17482e+06
30,22.4,5.49965e+06
30,22.5,4.04373e+06
30,22.6,2.80915e+06
30,22.7,1.79805e+06
30,22.8,1.01253e+06
30,22.9,454718
30,23,126754
30,23.1,30775.2
30,23.2,168927
30,23.3,543361
30,23.4,1.15624e+06
30,23.5,2.00972e+06
30,23.6,3.10599e+06
30,23.7,4.44722e+06
30,23.8,6.03559e+06
30,23.9,7.8733e+06
30,24,9.96254e+06
30,24.1,1.23055e+07
30,24.2,1.49045e+07
30,24.3,1.77616e+07
30,24.4,2.08791e+07
30,24.5,2.42592e+07
30,24.6,2.79042e+07
30,24.7,3.18163e+07
30,24.8,3.59978e+07
30,24.9,4.04509e+07
30,25,4.51779e+07
30,25.1,5.0181e+07
30,25.2,5.54626e+07
30,25.3,6.10249e+07
30,25.4,6.68702e+07
30,25.5,7.30008e+07
30,25.6,7.94191e+07
30,25.7,8.61272e+07
30,25.8,9.31276e+07
30,25.9,1.00423e+08
30,26,1.08014e+08
30,26.1,1.15905e+08
30,26.2,1.24098e+08
30,26.3,1.32595e+08
30,26.4,1.41397e+08
30,26.5,1.50509e+08
30,26.6,1.59931e+08
30,26.7,1.69667e+08
30,26.8,1.79719e+08
30,26.9,1.90089e+08
30,27,2.00779e+08
30,27.1,2.11792e+08
30,27.2,2.23131e+08
30,27.3,2.34798e+08
30,27.4,2.34457e+08
30,27.5,2.56048e+08
30,27.6,2.65495e+08
30,27.7,2.75136e+08
30,27.8,2.84973e+08
30,27.9,2.95006e+08
30,28,3.05237e+08
30,28.1,3.15668e+08
30,28.2,3.26299e+08
30,28.3,3.37132e+08
30,28.4,3.48167e+08
30,28.5,3.59407e+08
30,28.6,3.70853e+08
30,28.7,3.82505e+08
30,28.8,3.94365e+08
30,28.9,4.06434e+08
30,29,4.18713e+08
30,29.1,4.31205e+08
30,29.2,4.43909e+08
30,29.3,4.56828e+08
30,29.4,4.69963e+08
30,29.5,4.83314e+08
30,29.6,4.96883e+08
30,29.7,5.10672e+08
30,29.8,5.24681e+08
30,29.9,5.38913e+08
30,30,5.53367e+08
30,30.1,5.63058e+08
30,30.2,5.72849e+08
30,30.3,5.82741e+08
30,30.4,5.92735e+08
30,30.5,6.02832e+08
30,30.6,6.1303e+08
30,30.7,6.23332e+08
30,30.8,6.33738e+08
30,30.9,6.44247e+08
30,31,6.5486e+08
30,31.1,6.65578e+08
30,31.2,6.76402e+08
30,31.3,6.87331e+08
30,31.4,6.98366e+08
30,31.5,7.09507e+08
30,31.6,7.20755e+08
30,31.7,7.32111e+08
30,31.8,7.43575e+08
30,31.9,7.55147e+08
30,32,7.66827e+08
30,32.1,7.78617e+08
30,32.2,7.90516e+08
30,32.3,8.02526e+08
30,32.4,8.14646e+08
30,32.5,8.26876e+08
30,32.6,8.39218e+08
30,32.7,8.51672e+08
30,32.8,8.64238e+08
30,32.9,8.76917e+08
30,33,8.89709e+08
30,33.1,9.02615e+08
30,33.2,9.15635e+08
30,33.3,9.28769e+08
30,33.4,9.42018e+08
30,33.5,9.55383e+08
30,33.6,9.68864e+08
30,33.7,9.8246e+08
30,33.8,9.96174e+08
30,33.9,1.01e+09
30,34,1.02395e+09
30,34.1,1.03802e+09
30,34.2,1.05221e+09
30,34.3,1.06651e+09
30,34.4,1.08093e+09
30,34.5,1.09548e+09
30,34.6,1.11014e+09
30,34.7,1.12493e+09
30,34.8,1.13984e+09
30,34.9,1.15486e+09
30,35,1.17001e+09
30,35.1,1.18529e+09
30,35.2,1.20069e+09
30,35.3,1.21621e+09
30,35.4,1.23185e+09
30,35.5,1.24762e+09
30,35.6,1.26352e+09
30,35.7,1.27954e+09
30,35.8,1.29568e+09
30,35.9,1.31195e+09
30,36,1.32835e+09
30,36.1,1.34488e+09
30,36.2,1.36154e+09
30,36.3,1.37832e+09
30,36.4,1.39523e+09
30,36.5,1.41228e+09
30,36.6,1.42945e+09
30,36.7,1.44675e+09
30,36.8,1.46418e+09
30,36.9,1.48175e+09
30,37,1.49944e+09
30,37.1,1.51727e+09
30,37.2,1.53523e+09
30,37.3,1.55333e+09
30,37.4,1.57155e+09
30,37.5,1.58992e+09
30,37.6,1.60841e+09
30,37.7,1.62705e+09
30,37.8,1.64581e+09
30,37.9,1.66472e+09
30,38,1.68376e+09
30,38.1,1.70293e+09
30,38.2,1.72225e+09
30,38.3,1.7417e+09
30,38.4,1.76129e+09
30,38.5,1.78102e+09
30,38.6,1.80089e+09
30,38.7,1.8209e+09
30,38.8,1.84105e+09
30,38.9,1.86135e+09
30,39,1.88178e+09
30,39.1,1.90235e+09
30,39.2,1.92307e+09
30,39.3,1.94393e+09
30,39.4,1.96494e+09
30,39.5,1.98608e+09
30,39.6,2.00738e+09
30,39.7,2.02881e+09
30,39.8,2.0504e+09
30,39.9,2.07213e+09
30.1,20,9.52575e+07
30.1,20.1,8.9297e+07
30.1,20.2,8.351e+07
30.1,20.3,7.78984e+07
30.1,20.4,7.24642e+07
30.1,20.5,6.72094e+07
30.1,20.6,6.21359e+07
30.1,20.7,5.72458e+07
30.1,20.8,5.2541e+07
30.1,20.9,4.80235e+07
30.1,21,4.36953e+07
30.1,21.1,3.95585e+07
30.1,21.2,3.5615e+07
30.1,21.3,3.18668e+07
30.1,21.4,2.83161e+07
30.1,21.5,2.49648e+07
30.1,21.6,2.18149e+07
30.1,21.7,1.88686e+07
30.1,21.8,1.61278e+07
30.1,21.9,1.35947e+07
30.1,22,1.12713e+07
30.1,22.1,9.15969e+06
30.1,22.2,7.26193e+06
30.1,22.3,5.58011e+06
30.1,22.4,4.11634e+06
30.1,22.5,2.87271e+06
30.1,22.6,1.85133e+06
30.1,22.7,1.05432e+06
30.1,22.8,483802
30.1,22.9,141896
30.1,23,30738.8
30.1,23.1,152472
30.1,23.2,509241
30.1,23.3,1.1032e+06
30.1,23.4,1.93651e+06
30.1,23.5,3.01134e+06
30.1,23.6,4.32986e+06
30.1,23.7,5.89426e+06
30.1,23.8,7.70671e+06
30.1,23.9,9.76941e+06
30.1,24,1.20846e+07
30.1,24.1,1.46544e+07
30.1,24.2,1.74811e+07
30.1,24.3,2.05668e+07
30.1,24.4,2.39139e+07
30.1,24.5,2.75246e+07
30.1,24.6,3.1401e+07
30.1,24.7,3.55454e+07
30.1,24.8,3.99602e+07
30.1,24.9,4.46475e+07
30.1,25,4.96096e+07
30.1,25.1,5.48488e+07
30.1,25.2,6.03673e+07
30.1,25.3,6.61675e+07
30.1,25.4,7.22517e+07
30.1,25.5,7.8622e+07
30.1,25.6,8.5281e+07
30.1,25.7,9.22307e+07
30.1,25.8,9.94737e+07
30.1,25.9,1.07012e+08
30.1,26,1.14848e+08
30.1,26.1,1.22985e+08
30.1,26.2,1.31424e+08
30.1,26.3,1.40168e+08
30.1,26.4,1.49219e+08
30.1,26.5,1.58579e+08
30.1,26.6,1.68252e+08
30.1,26.7,1.78239e+08
30.1,26.8,1.88542e+08
30.1,26.9,1.99165e+08
30.1,27,2.10109e+08
30.1,27.1,2.21378e+08
30.1,27.2,2.32972e+08
30.1,27.3,2.44895e+08
30.1,27.4,2.44553e+08
30.1,27.5,2.66599e+08
30.1,27.6,2.76243e+08
30.1,27.7,2.86081e+08
30.1,27.8,2.96116e+08
30.1,27.9,3.06348e+08
30.1,28,3.16779e+08
30.1,28.1,3.2741e+08
30.1,28.2,3.38241e+08
30.1,28.3,3.49275e+08
30.1,28.4,3.60513e+08
30.1,28.5,3.71956e+08
30.1,28.6,3.83604e+08
30.1,28.7,3.95461e+08
30.1,28.8,4.07525e+08
30.1,28.9,4.198e+08
30.1,29,4.32286e+08
30.1,29.1,4.44984e+08
30.1,29.2,4.57896e+08
30.1,29.3,4.71023e+08
30.1,29.4,4.84366e+08
30.1,29.5,4.97926e+08
30.1,29.6,5.11706e+08
30.1,29.7,5.25705e+08
30.1,29.8,5.39926e+08
30.1,29.9,5.5437e+08
30.1,30,5.69037e+08
30.1,30.1,5.8393e+08
30.1,30.2,5.93909e+08
30.1,30.3,6.03989e+08
30.1,30.4,6.14172e+08
30.1,30.5,6.24457e+08
30.1,30.6,6.34845e+08
30.1,30.7,6.45336e+08
30.1,30.8,6.55932e+08
30.1,30.9,6.66632e+08
30.1,31,6.77436e+08
30.1,31.1,6.88346e+08
30.1,31.2,6.99361e+08
30.1,31.3,7.10483e+08
30.1,31.4,7.21711e+08
30.1,31.5,7.33046e+08
30.1,31.6,7.44488e+08
30.1,31.7,7.56038e+08
30.1,31.8,7.67696e+08
30.1,31.9,7.79464e+08
30.1,32,7.9134e+08
30.1,32.1,8.03326e+08
30.1,32.2,8.15421e+08
30.1,32.3,8.27628e+08
30.1,32.4,8.39945e+08
30.1,32.5,8.52374e+08
30.1,32.6,8.64914e+08
30.1,32.7,8.77567e+08
30.1,32.8,8.90332e+08
30.1,32.9,9.03211e+08
30.1,33,9.16203e+08
30.1,33.1,9.2931e+08
30.1,33.2,9.42531e+08
30.1,33.3,9.55867e+08
30.1,33.4,9.69318e+08
30.1,33.5,9.82885e+08
30.1,33.6,9.96568e+08
30.1,33.7,1.01037e+09
30.1,33.8,1.02429e+09
30.1,33.9,1.03832e+09
30.1,34,1.05248e+09
30.1,34.1,1.06675e+09
30.1,34.2,1.08114e+09
30.1,34.3,1.09565e+09
30.1,34.4,1.11028e+09
30.1,34.5,1.12503e+09
30.1,34.6,1.1399e+09
30.1,34.7,1.1549e+09
30.1,34.8,1.17001e+09
30.1,34.9,1.18525e+09
30.1,35,1.20061e+09
30.1,35.1,1.21609e+09
30.1,35.2,1.2317e+09
30.1,35.3,1.24743e+09
30.1,35.4,1.26329e+09
30.1,35.5,1.27927e+09
30.1,35.6,1.29538e+09
30.1,35.7,1.31161e+09
30.1,35.8,1.32797e+09
30.1,35.9,1.34446e+09
30.1,36,1.36107e+09
30.1,36.1,1.37781e+09
30.1,36.2,1.39468e+09
30.1,36.3,1.41168e+09
30.1,36.4,1.42881e+09
30.1,36.5,1.44607e+09
30.1,36.6,1.46346e+09
30.1,36.7,1.48098e+09
30.1,36.8,1.49863e+09
30.1,36.9,1.51641e+09
30.1,37,1.53433e+09
30.1,37.1,1.55237e+09
30.1,37.2,1.57055e+09
30.1,37.3,1.58887e+09
30.1,37.4,1.60732e+09
30.1,37.5,1.6259e+09
30.1,37.6,1.64462e+09
30.1,37.7,1.66347e+09
30.1,37.8,1.68246e+09
30.1,37.9,1.70159e+09
30.1,38,1.72085e+09
30.1,38.1,1.74025e+09
30.1,38.2,1.75979e+09
30.1,38.3,1.77947e+09
30.1,38.4,1.79929e+09
30.1,38.5,1.81925e+09
30.1,38.6,1.83934e+09
30.1,38.7,1.85958e+09
30.1,38.8,1.87996e+09
30.1,38.9,1.90048e+09
30.1,39,1.92114e+09
30.1,39.1,1.94194e+09
30.1,39.2,1.96289e+09
30.1,39.3,1.98398e+09
30.1,39.4,2.00521e+09
30.1,39.5,2.02659e+09
30.1,39.6,2.04812e+09
30.1,39.7,2.06978e+09
30.1,39.8,2.0916e+09
30.1,39.9,2.11356e+09
30.2,20,8.92292e+07
30.2,20.1,8.34604e+07
30.2,20.2,7.7866e+07
30.2,20.3,7.24478e+07
30.2,20.4,6.72079e+07
30.2,20.5,6.21483e+07
30.2,20.6,5.72709e+07
30.2,20.7,5.25777e+07
30.2,20.8,4.80708e+07
30.2,20.9,4.3752e+07
30.2,21,3.96234e+07
30.2,21.1,3.5687e+07
30.2,21.2,3.19449e+07
30.2,21.3,2.8399e+07
30.2,21.4,2.50514e+07
30.2,21.5,2.19041e+07
30.2,21.6,1.89592e+07
30.2,21.7,1.62187e+07
30.2,21.8,1.36847e+07
30.2,21.9,1.13592e+07
30.2,22,9.24425e+06
30.2,22.1,7.34202e+06
30.2,22.2,5.65454e+06
30.2,22.3,4.18391e+06
30.2,22.4,2.93223e+06
30.2,22.5,1.90159e+06
30.2,22.6,1.0941e+06
30.2,22.7,511880
30.2,22.8,157053
30.2,22.9,31746.2
30.2,23,138094
30.2,23.1,478238
30.2,23.2,1.05433e+06
30.2,23.3,1.86852e+06
30.2,23.4,2.92297e+06
30.2,23.5,4.21985e+06
30.2,23.6,5.76133e+06
30.2,23.7,7.5496e+06
30.2,23.8,9.58684e+06
30.2,23.9,1.18752e+07
30.2,24,1.4417e+07
30.2,24.1,1.72144e+07
30.2,24.2,2.02695e+07
30.2,24.3,2.35847e+07
30.2,24.4,2.71621e+07
30.2,24.5,3.10039e+07
30.2,24.6,3.51125e+07
30.2,24.7,3.949e+07
30.2,24.8,4.41388e+07
30.2,24.9,4.9061e+07
30.2,25,5.42589e+07
30.2,25.1,5.97349e+07
30.2,25.2,6.54912e+07
30.2,25.3,7.153e+07
30.2,25.4,7.78537e+07
30.2,25.5,8.44646e+07
30.2,25.6,9.1365e+07
30.2,25.7,9.85571e+07
30.2,25.8,1.06043e+08
30.2,25.9,1.13826e+08
30.2,26,1.21908e+08
30.2,26.1,1.3029e+08
30.2,26.2,1.38976e+08
30.2,26.3,1.47968e+08
30.2,26.4,1.57268e+08
30.2,26.5,1.66878e+08
30.2,26.6,1.76802e+08
30.2,26.7,1.87041e+08
30.2,26.8,1.97597e+08
30.2,26.9,2.08473e+08
30.2,27,2.19672e+08
30.2,27.1,2.31196e+08
30.2,27.2,2.43047e+08
30.2,27.3,2.55228e+08
30.2,27.4,2.54884e+08
30.2,27.5,2.77387e+08
30.2,27.6,2.87228e+08
30.2,27.7,2.97265e+08
30.2,27.8,3.07498e+08
30.2,27.9,3.17929e+08
30.2,28,3.2856e+08
30.2,28.1,3.39391e+08
30.2,28.2,3.50424e+08
30.2,28.3,3.61661e+08
30.2,28.4,3.73101e+08
30.2,28.5,3.84747e+08
30.2,28.6,3.966e+08
30.2,28.7,4.08661e+08
30.2,28.8,4.20931e+08
30.2,28.9,4.33411e+08
30.2,29,4.46104e+08
30.2,29.1,4.59009e+08
30.2,29.2,4.72129e+08
30.2,29.3,4.85465e+08
30.2,29.4,4.99017e+08
30.2,29.5,5.12788e+08
30.2,29.6,5.26778e+08
30.2,29.7,5.40989e+08
30.2,29.8,5.55422e+08
30.2,29.9,5.70078e+08
30.2,30,5.84959e+08
30.2,30.1,6.00066e+08
30.2,30.2,6.154e+08
30.2,30.3,6.2567e+08
30.2,30.4,6.36041e+08
30.2,30.5,6.46516e+08
30.2,30.6,6.57094e+08
30.2,30.7,6.67776e+08
30.2,30.8,6.78563e+08
30.2,30.9,6.89454e+08
30.2,31,7.00451e+08
30.2,31.1,7.11553e+08
30.2,31.2,7.22761e+08
30.2,31.3,7.34075e+08
30.2,31.4,7.45497e+08
30.2,31.5,7.57026e+08
30.2,31.6,7.68663e+08
30.2,31.7,7.80408e+08
30.2,31.8,7.92262e+08
30.2,31.9,8.04225e+08
30.2,32,8.16298e+08
30.2,32.1,8.2848e+08
30.2,32.2,8.40774e+08
30.2,32.3,8.53178e+08
30.2,32.4,8.65693e+08
30.2,32.5,8.78321e+08
30.2,32.6,8.9106e+08
30.2,32.7,9.03913e+08
30.2,32.8,9.16878e+08
30.2,32.9,9.29957e+08
30.2,33,9.43151e+08
30.2,33.1,9.56458e+08
30.2,33.2,9.69881e+08
30.2,33.3,9.83419e+08
30.2,33.4,9.97073e+08
30.2,33.5,1.01084e+09
30.2,33.6,1.02473e+09
30.2,33.7,1.03874e+09
30.2,33.8,1.05286e+09
30.2,33.9,1.0671e+09
30.2,34,1.08146e+09
30.2,34.1,1.09594e+09
30.2,34.2,1.11053e+09
30.2,34.3,1.12525e+09
30.2,34.4,1.14009e+09
30.2,34.5,1.15505e+09
30.2,34.6,1.17013e+09
30.2,34.7,1.18533e+09
30.2,34.8,1.20066e+09
30.2,34.9,1.2161e+09
30.2,35,1.23167e+09
30.2,35.1,1.24737e+09
30.2,35.2,1.26319e+09
30.2,35.3,1.27913e+09
30.2,35.4,1.2952e+09
30.2,35.5,1.31139e+09
30.2,35.6,1.32771e+09
30.2,35.7,1.34416e+09
30.2,35.8,1.36073e+09
30.2,35.9,1.37743e+09
30.2,36,1.39426e+09
30.2,36.1,1.41122e+09
30.2,36.2,1.42831e+09
30.2,36.3,1.44552e+09
30.2,36.4,1.46287e+09
30.2,36.5,1.48034e+09
30.2,36.6,1.49795e+09
30.2,36.7,1.51569e+09
30.2,36.8,1.53356e+09
30.2,36.9,1.55156e+09
30.2,37,1.56969e+09
30.2,37.1,1.58796e+09
30.2,37.2,1.60636e+09
30.2,37.3,1.6249e+09
30.2,37.4,1.64357e+09
30.2,37.5,1.66237e+09
30.2,37.6,1.68131e+09
30.2,37.7,1.70039e+09
30.2,37.8,1.7196e+09
30.2,37.9,1.73895e+09
30.2,38,1.75844e+09
30.2,38.1,1.77807e+09
30.2,38.2,1.79783e+09
30.2,38.3,1.81774e+09
30.2,38.4,1.83778e+09
30.2,38.5,1.85796e+09
30.2,38.6,1.87829e+09
30.2,38.7,1.89875e+09
30.2,38.8,1.91936e+09
30.2,38.9,1.94011e+09
30.2,39,1.961e+09
30.2,39.1,1.98203e+09
30.2,39.2,2.00321e+09
30.2,39.3,2.02453e+09
30.2,39.4,2.04599e+09
30.2,39.5,2.0676e+09
30.2,39.6,2.08936e+09
30.2,39.7,2.11126e+09
30.2,39.8,2.13331e+09
30.2,39.9,2.1555e+09
30.3,20,8.33854e+07
30.3,20.1,7.78089e+07
30.3,20.2,7.24077e+07
30.3,20.3,6.71836e+07
30.3,20.4,6.21387e+07
30.3,20.5,5.7275e+07
30.3,20.6,5.25943e+07
30.3,20.7,4.80987e+07
30.3,20.8,4.37902e+07
30.3,20.9,3.96708e+07
30.3,21,3.57425e+07
30.3,21.1,3.20073e+07
30.3,21.2,2.84672e+07
30.3,21.3,2.51243e+07
30.3,21.4,2.19805e+07
30.3,21.5,1.90379e+07
30.3,21.6,1.62986e+07
30.3,21.7,1.37646e+07
30.3,21.8,1.14379e+07
30.3,21.9,9.32071e+06
30.3,22,7.41498e+06
30.3,22.1,5.72282e+06
30.3,22.2,4.24632e+06
30.3,22.3,2.98757e+06
30.3,22.4,1.94866e+06
30.3,22.5,1.13169e+06
30.3,22.6,538786
30.3,22.7,172053
30.3,22.8,33616.3
30.3,22.9,125606
30.3,23,450157
30.3,23.1,1.00941e+06
30.3,23.2,1.80552e+06
30.3,23.3,2.84065e+06
30.3,23.4,4.11694e+06
30.3,23.5,5.63658e+06
30.3,23.6,7.40173e+06
30.3,23.7,9.41459e+06
30.3,23.8,1.16773e+07
30.3,23.9,1.41922e+07
30.3,24,1.69613e+07
30.3,24.1,1.99869e+07
30.3,24.2,2.32712e+07
30.3,24.3,2.68164e+07
30.3,24.4,3.06249e+07
30.3,24.5,3.46987e+07
30.3,24.6,3.90401e+07
30.3,24.7,4.36514e+07
30.3,24.8,4.85349e+07
30.3,24.9,5.36928e+07
30.3,25,5.91273e+07
30.3,25.1,6.48408e+07
30.3,25.2,7.08355e+07
30.3,25.3,7.71137e+07
30.3,25.4,8.36777e+07
30.3,25.5,9.05298e+07
30.3,25.6,9.76724e+07
30.3,25.7,1.05108e+08
30.3,25.8,1.12838e+08
30.3,25.9,1.20866e+08
30.3,26,1.29193e+08
30.3,26.1,1.37822e+08
30.3,26.2,1.46756e+08
30.3,26.3,1.55997e+08
30.3,26.4,1.65547e+08
30.3,26.5,1.75408e+08
30.3,26.6,1.85583e+08
30.3,26.7,1.96074e+08
30.3,26.8,2.06884e+08
30.3,26.9,2.18015e+08
30.3,27,2.29469e+08
30.3,27.1,2.41249e+08
30.3,27.2,2.53357e+08
30.3,27.3,2.65796e+08
30.3,27.4,2.65451e+08
30.3,27.5,2.88412e+08
30.3,27.6,2.98451e+08
30.3,27.7,3.08686e+08
30.3,27.8,3.19119e+08
30.3,27.9,3.29751e+08
30.3,28,3.40582e+08
30.3,28.1,3.51615e+08
30.3,28.2,3.6285e+08
30.3,28.3,3.74289e+08
30.3,28.4,3.85932e+08
30.3,28.5,3.97782e+08
30.3,28.6,4.0984e+08
30.3,28.7,4.22106e+08
30.3,28.8,4.34582e+08
30.3,28.9,4.47269e+08
30.3,29,4.60169e+08
30.3,29.1,4.73283e+08
30.3,29.2,4.86611e+08
30.3,29.3,5.00156e+08
30.3,29.4,5.13919e+08
30.3,29.5,5.279e+08
30.3,29.6,5.42102e+08
30.3,29.7,5.56525e+08
30.3,29.8,5.71171e+08
30.3,29.9,5.86041e+08
30.3,30,6.01136e+08
30.3,30.1,6.16457e+08
30.3,30.2,6.32007e+08
30.3,30.3,6.47786e+08
30.3,30.4,6.58347e+08
30.3,30.5,6.69013e+08
30.3,30.6,6.79782e+08
30.3,30.7,6.90655e+08
30.3,30.8,7.01633e+08
30.3,30.9,7.12717e+08
30.3,31,7.23906e+08
30.3,31.1,7.35201e+08
30.3,31.2,7.46602e+08
30.3,31.3,7.58111e+08
30.3,31.4,7.69727e+08
30.3,31.5,7.81451e+08
30.3,31.6,7.93283e+08
30.3,31.7,8.05224e+08
30.3,31.8,8.17274e+08
30.3,31.9,8.29434e+08
30.3,32,8.41704e+08
30.3,32.1,8.54084e+08
30.3,32.2,8.66575e+08
30.3,32.3,8.79178e+08
30.3,32.4,8.91893e+08
30.3,32.5,9.04719e+08
30.3,32.6,9.17659e+08
30.3,32.7,9.30712e+08
30.3,32.8,9.43878e+08
30.3,32.9,9.57158e+08
30.3,33,9.70553e+08
30.3,33.1,9.84063e+08
30.3,33.2,9.97689e+08
30.3,33.3,1.01143e+09
30.3,33.4,1.02529e+09
30.3,33.5,1.03926e+09
30.3,33.6,1.05335e+09
30.3,33.7,1.06756e+09
30.3,33.8,1.08189e+09
30.3,33.9,1.09634e+09
30.3,34,1.1109e+09
30.3,34.1,1.12559e+09
30.3,34.2,1.14039e+09
30.3,34.3,1.15532e+09
30.3,34.4,1.17036e+09
30.3,34.5,1.18553e+09
30.3,34.6,1.20082e+09
30.3,34.7,1.21623e+09
30.3,34.8,1.23177e+09
30.3,34.9,1.24743e+09
30.3,35,1.26321e+09
30.3,35.1,1.27911e+09
30.3,35.2,1.29514e+09
30.3,35.3,1.3113e+09
30.3,35.4,1.32758e+09
30.3,35.5,1.34399e+09
30.3,35.6,1.36052e+09
30.3,35.7,1.37718e+09
30.3,35.8,1.39397e+09
30.3,35.9,1.41089e+09
30.3,36,1.42793e+09
30.3,36.1,1.44511e+09
30.3,36.2,1.46241e+09
30.3,36.3,1.47984e+09
30.3,36.4,1.4974e+09
30.3,36.5,1.5151e+09
30.3,36.6,1.53292e+09
30.3,36.7,1.55088e+09
30.3,36.8,1.56897e+09
30.3,36.9,1.58719e+09
30.3,37,1.60555e+09
30.3,37.1,1.62403e+09
30.3,37.2,1.64266e+09
30.3,37.3,1.66141e+09
30.3,37.4,1.68031e+09
30.3,37.5,1.69933e+09
30.3,37.6,1.7185e+09
30.3,37.7,1.7378e+09
30.3,37.8,1.75724e+09
30.3,37.9,1.77681e+09
30.3,38,1.79653e+09
30.3,38.1,1.81638e+09
30.3,38.2,1.83637e+09
30.3,38.3,1.8565e+09
30.3,38.4,1.87677e+09
30.3,38.5,1.89718e+09
30.3,38.6,1.91773e+09
30.3,38.7,1.93843e+09
30.3,38.8,1.95926e+09
30.3,38.9,1.98024e+09
30.3,39,2.00136e+09
30.3,39.1,2.02262e+09
30.3,39.2,2.04403e+09
30.3,39.3,2.06558e+09
30.3,39.4,2.08728e+09
30.3,39.5,2.10912e+09
30.3,39.6,2.13111e+09
30.3,39.7,2.15325e+09
30.3,39.8,2.17553e+09
30.3,39.9,2.19796e+09
30.4,20,7.77274e+07
30.4,20.1,7.23439e+07
30.4,20.2,6.71365e+07
30.4,20.3,6.21072e+07
30.4,20.4,5.72579e+07
30.4,20.5,5.25906e+07
30.4,20.6,4.81074e+07
30.4,20.7,4.38101e+07
30.4,20.8,3.97008e+07
30.4,20.9,3.57814e+07
30.4,21,3.2054e+07
30.4,21.1,2.85206e+07
30.4,21.2,2.51832e+07
30.4,21.3,2.20439e+07
30.4,21.4,1.91046e+07
30.4,21.5,1.63674e+07
30.4,21.6,1.38344e+07
30.4,21.7,1.15075e+07
30.4,21.8,9.38895e+06
30.4,21.9,7.48069e+06
30.4,22,5.78482e+06
30.4,22.1,4.30343e+06
30.4,22.2,3.03859e+06
30.4,22.3,1.9924e+06
30.4,22.4,1.16696e+06
30.4,22.5,564364
30.4,22.6,186732
30.4,22.7,36179.3
30.4,22.8,114829
30.4,22.9,424813
30.4,23,968269
30.4,23.1,1.74734e+06
30.4,23.2,2.76417e+06
30.4,23.3,4.02093e+06
30.4,23.4,5.51978e+06
30.4,23.5,7.26288e+06
30.4,23.6,9.25241e+06
30.4,23.7,1.14906e+07
30.4,23.8,1.39795e+07
30.4,23.9,1.67215e+07
30.4,24,1.97186e+07
30.4,24.1,2.29732e+07
30.4,24.2,2.64874e+07
30.4,24.3,3.02635e+07
30.4,24.4,3.43037e+07
30.4,24.5,3.86101e+07
30.4,24.6,4.31852e+07
30.4,24.7,4.8031e+07
30.4,24.8,5.31499e+07
30.4,24.9,5.85442e+07
30.4,25,6.4216e+07
30.4,25.1,7.01678e+07
30.4,25.2,7.64016e+07
30.4,25.3,8.292e+07
30.4,25.4,8.9725e+07
30.4,25.5,9.68191e+07
30.4,25.6,1.04205e+08
30.4,25.7,1.11884e+08
30.4,25.8,1.19859e+08
30.4,25.9,1.28132e+08
30.4,26,1.36706e+08
30.4,26.1,1.45583e+08
30.4,26.2,1.54766e+08
30.4,26.3,1.64256e+08
30.4,26.4,1.74056e+08
30.4,26.5,1.84169e+08
30.4,26.6,1.94596e+08
30.4,26.7,2.05341e+08
30.4,26.8,2.16405e+08
30.4,26.9,2.27791e+08
30.4,27,2.39501e+08
30.4,27.1,2.51538e+08
30.4,27.2,2.63905e+08
30.4,27.3,2.76603e+08
30.4,27.4,2.76256e+08
30.4,27.5,2.99677e+08
30.4,27.6,3.09914e+08
30.4,27.7,3.20349e+08
30.4,27.8,3.30982e+08
30.4,27.9,3.41814e+08
30.4,28,3.52846e+08
30.4,28.1,3.64081e+08
30.4,28.2,3.75519e+08
30.4,28.3,3.87161e+08
30.4,28.4,3.99009e+08
30.4,28.5,4.11063e+08
30.4,28.6,4.23326e+08
30.4,28.7,4.35798e+08
30.4,28.8,4.48481e+08
30.4,28.9,4.61376e+08
30.4,29,4.74483e+08
30.4,29.1,4.87806e+08
30.4,29.2,5.01344e+08
30.4,29.3,5.15099e+08
30.4,29.4,5.29072e+08
30.4,29.5,5.43265e+08
30.4,29.6,5.57678e+08
30.4,29.7,5.72314e+08
30.4,29.8,5.87173e+08
30.4,29.9,6.02257e+08
30.4,30,6.17567e+08
30.4,30.1,6.33104e+08
30.4,30.2,6.4887e+08
30.4,30.3,6.64866e+08
30.4,30.4,6.81093e+08
30.4,30.5,6.91949e+08
30.4,30.6,7.02909e+08
30.4,30.7,7.13975e+08
30.4,30.8,7.25145e+08
30.4,30.9,7.36422e+08
30.4,31,7.47804e+08
30.4,31.1,7.59293e+08
30.4,31.2,7.70889e+08
30.4,31.3,7.82592e+08
30.4,31.4,7.94404e+08
30.4,31.5,8.06323e+08
30.4,31.6,8.18352e+08
30.4,31.7,8.30489e+08
30.4,31.8,8.42736e+08
30.4,31.9,8.55093e+08
30.4,32,8.67561e+08
30.4,32.1,8.8014e+08
30.4,32.2,8.9283e+08
30.4,32.3,9.05632e+08
30.4,32.4,9.18546e+08
30.4,32.5,9.31573e+08
30.4,32.6,9.44713e+08
30.4,32.7,9.57967e+08
30.4,32.8,9.71335e+08
30.4,32.9,9.84818e+08
30.4,33,9.98415e+08
30.4,33.1,1.01213e+09
30.4,33.2,1.02596e+09
30.4,33.3,1.0399e+09
30.4,33.4,1.05396e+09
30.4,33.5,1.06814e+09
30.4,33.6,1.08244e+09
30.4,33.7,1.09686e+09
30.4,33.8,1.11139e+09
30.4,33.9,1.12604e+09
30.4,34,1.14081e+09
30.4,34.1,1.15571e+09
30.4,34.2,1.17072e+09
30.4,34.3,1.18585e+09
30.4,34.4,1.20111e+09
30.4,34.5,1.21649e+09
30.4,34.6,1.23199e+09
30.4,34.7,1.24761e+09
30.4,34.8,1.26335e+09
30.4,34.9,1.27922e+09
30.4,35,1.29522e+09
30.4,35.1,1.31134e+09
30.4,35.2,1.32758e+09
30.4,35.3,1.34395e+09
30.4,35.4,1.36044e+09
30.4,35.5,1.37706e+09
30.4,35.6,1.39381e+09
30.4,35.7,1.41069e+09
30.4,35.8,1.42769e+09
30.4,35.9,1.44482e+09
30.4,36,1.46208e+09
30.4,36.1,1.47948e+09
30.4,36.2,1.497e+09
30.4,36.3,1.51465e+09
30.4,36.4,1.53243e+09
30.4,36.5,1.55034e+09
30.4,36.6,1.56838e+09
30.4,36.7,1.58656e+09
30.4,36.8,1.60487e+09
30.4,36.9,1.62331e+09
30.4,37,1.64189e+09
30.4,37.1,1.6606e+09
30.4,37.2,1.67944e+09
30.4,37.3,1.69842e+09
30.4,37.4,1.71754e+09
30.4,37.5,1.73679e+09
30.4,37.6,1.75618e+09
30.4,37.7,1.7757e+09
30.4,37.8,1.79537e+09
30.4,37.9,1.81517e+09
30.4,38,1.83511e+09
30.4,38.1,1.85519e+09
30.4,38.2,1.8754e+09
30.4,38.3,1.89576e+09
30.4,38.4,1.91626e+09
30.4,38.5,1.9369e+09
30.4,38.6,1.95768e+09
30.4,38.7,1.9786e+09
30.4,38.8,1.99967e+09
30.4,38.9,2.02088e+09
30.4,39,2.04223e+09
30.4,39.1,2.06372e+09
30.4,39.2,2.08536e+09
30.4,39.3,2.10715e+09
30.4,39.4,2.12908e+09
30.4,39.5,2.15115e+09
30.4,39.6,2.17337e+09
30.4,39.7,2.19574e+09
30.4,39.8,2.21826e+09
30.4,39.9,2.24093e+09
30.5,20,7.22564e+07
30.5,20.1,6.70665e+07
30.5,20.2,6.20537e+07
30.5,20.3,5.72197e+07
30.5,20.4,5.25668e+07
30.5,20.5,4.80967e+07
30.5,20.6,4.38115e+07
30.5,20.7,3.97131e+07
30.5,20.8,3.58036e+07
30.5,20.9,3.2085e+07
30.5,21,2.85592e+07
30.5,21.1,2.52283e+07
30.5,21.2,2.20943e+07
30.5,21.3,1.91592e+07
30.5,21.4,1.64251e+07
30.5,21.5,1.3894e+07
30.5,21.6,1.15679e+07
30.5,21.7,9.44889e+06
30.5,21.8,7.53906e+06
30.5,21.9,5.84044e+06
30.5,22,4.35513e+06
30.5,22.1,3.08518e+06
30.5,22.2,2.03269e+06
30.5,22.3,1.19976e+06
30.5,22.4,588472
30.5,22.5,200941
30.5,22.6,39277.4
30.5,22.7,105600
30.5,22.8,402034
30.5,22.9,930712
30.5,23,1.69377e+06
30.5,23.1,2.69336e+06
30.5,23.2,3.93162e+06
30.5,23.3,5.41072e+06
30.5,23.4,7.13282e+06
30.5,23.5,9.1001e+06
30.5,23.6,1.13147e+07
30.5,23.7,1.37789e+07
30.5,23.8,1.64948e+07
30.5,23.9,1.94646e+07
30.5,24,2.26905e+07
30.5,24.1,2.61748e+07
30.5,24.2,2.99196e+07
30.5,24.3,3.39272e+07
30.5,24.4,3.81998e+07
30.5,24.5,4.27397e+07
30.5,24.6,4.75491e+07
30.5,24.7,5.26302e+07
30.5,24.8,5.79853e+07
30.5,24.9,6.36166e+07
30.5,25,6.95265e+07
30.5,25.1,7.57172e+07
30.5,25.2,8.2191e+07
30.5,25.3,8.89502e+07
30.5,25.4,9.5997e+07
30.5,25.5,1.03334e+08
30.5,25.6,1.10963e+08
30.5,25.7,1.18887e+08
30.5,25.8,1.27107e+08
30.5,25.9,1.35627e+08
30.5,26,1.44449e+08
30.5,26.1,1.53574e+08
30.5,26.2,1.63006e+08
30.5,26.3,1.72746e+08
30.5,26.4,1.82798e+08
30.5,26.5,1.93162e+08
30.5,26.6,2.03843e+08
30.5,26.7,2.14842e+08
30.5,26.8,2.26161e+08
30.5,26.9,2.37803e+08
30.5,27,2.4977e+08
30.5,27.1,2.62065e+08
30.5,27.2,2.7469e+08
30.5,27.3,2.87648e+08
30.5,27.4,2.87301e+08
30.5,27.5,3.11181e+08
30.5,27.6,3.21618e+08
30.5,27.7,3.32253e+08
30.5,27.8,3.43086e+08
30.5,27.9,3.5412e+08
30.5,28,3.65354e+08
30.5,28.1,3.76791e+08
30.5,28.2,3.88433e+08
30.5,28.3,4.00279e+08
30.5,28.4,4.12331e+08
30.5,28.5,4.24591e+08
30.5,28.6,4.3706e+08
30.5,28.7,4.49738e+08
30.5,28.8,4.62629e+08
30.5,28.9,4.75731e+08
30.5,29,4.89048e+08
30.5,29.1,5.02579e+08
30.5,29.2,5.16327e+08
30.5,29.3,5.30293e+08
30.5,29.4,5.44478e+08
30.5,29.5,5.58883e+08
30.5,29.6,5.73509e+08
30.5,29.7,5.88358e+08
30.5,29.8,6.03431e+08
30.5,29.9,6.1873e+08
30.5,30,6.34255e+08
30.5,30.1,6.50009e+08
30.5,30.2,6.65991e+08
30.5,30.3,6.82204e+08
30.5,30.4,6.9865e+08
30.5,30.5,7.15328e+08
30.5,30.6,7.26481e+08
30.5,30.7,7.37739e+08
30.5,30.8,7.49103e+08
30.5,30.9,7.60573e+08
30.5,31,7.72149e+08
30.5,31.1,7.83833e+08
30.5,31.2,7.95624e+08
30.5,31.3,8.07522e+08
30.5,31.4,8.1953e+08
30.5,31.5,8.31646e+08
30.5,31.6,8.43871e+08
30.5,31.7,8.56205e+08
30.5,31.8,8.6865e+08
30.5,31.9,8.81206e+08
30.5,32,8.93872e+08
30.5,32.1,9.0665e+08
30.5,32.2,9.1954e+08
30.5,32.3,9.32542e+08
30.5,32.4,9.45656e+08
30.5,32.5,9.58884e+08
30.5,32.6,9.72226e+08
30.5,32.7,9.85682e+08
30.5,32.8,9.99252e+08
30.5,32.9,1.01294e+09
30.5,33,1.02674e+09
30.5,33.1,1.04065e+09
30.5,33.2,1.05469e+09
30.5,33.3,1.06884e+09
30.5,33.4,1.0831e+09
30.5,33.5,1.09749e+09
30.5,33.6,1.11199e+09
30.5,33.7,1.12661e+09
30.5,33.8,1.14136e+09
30.5,33.9,1.15622e+09
30.5,34,1.1712e+09
30.5,34.1,1.1863e+09
30.5,34.2,1.20152e+09
30.5,34.3,1.21686e+09
30.5,34.4,1.23233e+09
30.5,34.5,1.24791e+09
30.5,34.6,1.26362e+09
30.5,34.7,1.27946e+09
30.5,34.8,1.29542e+09
30.5,34.9,1.3115e+09
30.5,35,1.3277e+09
30.5,35.1,1.34403e+09
30.5,35.2,1.36049e+09
30.5,35.3,1.37707e+09
30.5,35.4,1.39378e+09
30.5,35.5,1.41062e+09
30.5,35.6,1.42758e+09
30.5,35.7,1.44467e+09
30.5,35.8,1.46189e+09
30.5,35.9,1.47924e+09
30.5,36,1.49672e+09
30.5,36.1,1.51433e+09
30.5,36.2,1.53207e+09
30.5,36.3,1.54994e+09
30.5,36.4,1.56794e+09
30.5,36.5,1.58607e+09
30.5,36.6,1.60434e+09
30.5,36.7,1.62273e+09
30.5,36.8,1.64126e+09
30.5,36.9,1.65993e+09
30.5,37,1.67872e+09
30.5,37.1,1.69766e+09
30.5,37.2,1.71673e+09
30.5,37.3,1.73593e+09
30.5,37.4,1.75527e+09
30.5,37.5,1.77474e+09
30.5,37.6,1.79436e+09
30.5,37.7,1.81411e+09
30.5,37.8,1.834e+09
30.5,37.9,1.85402e+09
30.5,38,1.87419e+09
30.5,38.1,1.8945e+09
30.5,38.2,1.91494e+09
30.5,38.3,1.93553e+09
30.5,38.4,1.95625e+09
30.5,38.5,1.97712e+09
30.5,38.6,1.99813e+09
30.5,38.7,2.01929e+09
30.5,38.8,2.04058e+09
30.5,38.9,2.06202e+09
30.5,39,2.0836e+09
30.5,39.1,2.10533e+09
30.5,39.2,2.1272e+09
30.5,39.3,2.14922e+09
30.5,39.4,2.17138e+09
30.5,39.5,2.19369e+09
30.5,39.6,2.21615e+09
30.5,39.7,2.23876e+09
30.5,39.8,2.26151e+09
30.5,39.9,2.28441e+09
30.6,20,6.69738e+07
30.6,20.1,6.19782e+07
30.6,20.2,5.71605e+07
30.6,20.3,5.25227e+07
30.6,20.4,4.80666e+07
30.6,20.5,4.37944e+07
30.6,20.6,3.97079e+07
30.6,20.7,3.58091e+07
30.6,20.8,3.21001e+07
30.6,20.9,2.85829e+07
30.6,21,2.52594e+07
30.6,21.1,2.21316e+07
30.6,21.2,1.92017e+07
30.6,21.3,1.64716e+07
30.6,21.4,1.39433e+07
30.6,21.5,1.16189e+07
30.6,21.6,9.50045e+06
30.6,21.7,7.58999e+06
30.6,21.8,5.88959e+06
30.6,21.9,4.40131e+06
30.6,22,3.12723e+06
30.6,22.1,2.06942e+06
30.6,22.2,1.22997e+06
30.6,22.3,610977
30.6,22.4,214540
30.6,22.5,42764.3
30.6,22.6,97764.3
30.6,22.7,381659
30.6,22.8,896575
30.6,22.9,1.64465e+06
30.6,23,2.62801e+06
30.6,23.1,3.84881e+06
30.6,23.2,5.30921e+06
30.6,23.3,7.01136e+06
30.6,23.4,8.95742e+06
30.6,23.5,1.11496e+07
30.6,23.6,1.359e+07
30.6,23.7,1.62809e+07
30.6,23.8,1.92244e+07
30.6,23.9,2.24228e+07
30.6,24,2.58782e+07
30.6,24.1,2.95929e+07
30.6,24.2,3.35691e+07
30.6,24.3,3.78089e+07
30.6,24.4,4.23147e+07
30.6,24.5,4.70887e+07
30.6,24.6,5.21331e+07
30.6,24.7,5.74502e+07
30.6,24.8,6.30422e+07
30.6,24.9,6.89114e+07
30.6,25,7.50601e+07
30.6,25.1,8.14905e+07
30.6,25.2,8.82049e+07
30.6,25.3,9.52057e+07
30.6,25.4,1.02495e+08
30.6,25.5,1.10075e+08
30.6,25.6,1.17949e+08
30.6,25.7,1.26118e+08
30.6,25.8,1.34585e+08
30.6,25.9,1.43352e+08
30.6,26,1.52422e+08
30.6,26.1,1.61796e+08
30.6,26.2,1.71478e+08
30.6,26.3,1.81469e+08
30.6,26.4,1.91773e+08
30.6,26.5,2.0239e+08
30.6,26.6,2.13325e+08
30.6,26.7,2.24578e+08
30.6,26.8,2.36153e+08
30.6,26.9,2.48052e+08
30.6,27,2.60277e+08
30.6,27.1,2.72831e+08
30.6,27.2,2.85716e+08
30.6,27.3,2.98934e+08
30.6,27.4,2.98586e+08
30.6,27.5,3.22928e+08
30.6,27.6,3.33565e+08
30.6,27.7,3.444e+08
30.6,27.8,3.55434e+08
30.6,27.9,3.6667e+08
30.6,28,3.78107e+08
30.6,28.1,3.89748e+08
30.6,28.2,4.01593e+08
30.6,28.3,4.13643e+08
30.6,28.4,4.25901e+08
30.6,28.5,4.38367e+08
30.6,28.6,4.51042e+08
30.6,28.7,4.63928e+08
30.6,28.8,4.77026e+08
30.6,28.9,4.90338e+08
30.6,29,5.03864e+08
30.6,29.1,5.17605e+08
30.6,29.2,5.31564e+08
30.6,29.3,5.45741e+08
30.6,29.4,5.60138e+08
30.6,29.5,5.74755e+08
30.6,29.6,5.89595e+08
30.6,29.7,6.04658e+08
30.6,29.8,6.19946e+08
30.6,29.9,6.3546e+08
30.6,30,6.51202e+08
30.6,30.1,6.67172e+08
30.6,30.2,6.83372e+08
30.6,30.3,6.99803e+08
30.6,30.4,7.16467e+08
30.6,30.5,7.33365e+08
30.6,30.6,7.50498e+08
30.6,30.7,7.6195e+08
30.6,30.8,7.73507e+08
30.6,30.9,7.85172e+08
30.6,31,7.96943e+08
30.6,31.1,8.08822e+08
30.6,31.2,8.20809e+08
30.6,31.3,8.32904e+08
30.6,31.4,8.45108e+08
30.6,31.5,8.57421e+08
30.6,31.6,8.69843e+08
30.6,31.7,8.82376e+08
30.6,31.8,8.9502e+08
30.6,31.9,9.07774e+08
30.6,32,9.2064e+08
30.6,32.1,9.33618e+08
30.6,32.2,9.46708e+08
30.6,32.3,9.5991e+08
30.6,32.4,9.73226e+08
30.6,32.5,9.86656e+08
30.6,32.6,1.0002e+09
30.6,32.7,1.01386e+09
30.6,32.8,1.02763e+09
30.6,32.9,1.04152e+09
30.6,33,1.05553e+09
30.6,33.1,1.06965e+09
30.6,33.2,1.08388e+09
30.6,33.3,1.09824e+09
30.6,33.4,1.11271e+09
30.6,33.5,1.1273e+09
30.6,33.6,1.14201e+09
30.6,33.7,1.15684e+09
30.6,33.8,1.17179e+09
30.6,33.9,1.18686e+09
30.6,34,1.20205e+09
30.6,34.1,1.21736e+09
30.6,34.2,1.23279e+09
30.6,34.3,1.24834e+09
30.6,34.4,1.26402e+09
30.6,34.5,1.27982e+09
30.6,34.6,1.29574e+09
30.6,34.7,1.31178e+09
30.6,34.8,1.32795e+09
30.6,34.9,1.34425e+09
30.6,35,1.36067e+09
30.6,35.1,1.37721e+09
30.6,35.2,1.39388e+09
30.6,35.3,1.41068e+09
30.6,35.4,1.42761e+09
30.6,35.5,1.44466e+09
30.6,35.6,1.46184e+09
30.6,35.7,1.47915e+09
30.6,35.8,1.49658e+09
30.6,35.9,1.51415e+09
30.6,36,1.53185e+09
30.6,36.1,1.54967e+09
30.6,36.2,1.56763e+09
30.6,36.3,1.58572e+09
30.6,36.4,1.60394e+09
30.6,36.5,1.62229e+09
30.6,36.6,1.64078e+09
30.6,36.7,1.6594e+09
30.6,36.8,1.67815e+09
30.6,36.9,1.69704e+09
30.6,37,1.71606e+09
30.6,37.1,1.73521e+09
30.6,37.2,1.7545e+09
30.6,37.3,1.77393e+09
30.6,37.4,1.7935e+09
30.6,37.5,1.8132e+09
30.6,37.6,1.83304e+09
30.6,37.7,1.85301e+09
30.6,37.8,1.87313e+09
30.6,37.9,1.89338e+09
30.6,38,1.91378e+09
30.6,38.1,1.93431e+09
30.6,38.2,1.95498e+09
30.6,38.3,1.9758e+09
30.6,38.4,1.99676e+09
30.6,38.5,2.01785e+09
30.6,38.6,2.03909e+09
30.6,38.7,2.06048e+09
30.6,38.8,2.08201e+09
30.6,38.9,2.10368e+09
30.6,39,2.12549e+09
30.6,39.1,2.14745e+09
30.6,39.2,2.16956e+09
30.6,39.3,2.19181e+09
30.6,39.4,2.21421e+09
30.6,39.5,2.23675e+09
30.6,39.6,2.25944e+09
30.6,39.7,2.28228e+09
30.6,39.8,2.30527e+09
30.6,39.9,2.32841e+09
30.7,20,6.18809e+07
30.7,20.1,5.70803e+07
30.7,20.2,5.24584e+07
30.7,20.3,4.80173e+07
30.7,20.4,4.37589e+07
30.7,20.5,3.96851e+07
30.7,20.6,3.5798e+07
30.7,20.7,3.20995e+07
30.7,20.8,2.85917e+07
30.7,20.9,2.52765e+07
30.7,21,2.21559e+07
30.7,21.1,1.9232e+07
30.7,21.2,1.65068e+07
30.7,21.3,1.39823e+07
30.7,21.4,1.16605e+07
30.7,21.5,9.54355e+06
30.7,21.6,7.63342e+06
30.7,21.7,5.93218e+06
30.7,21.8,4.44189e+06
30.7,21.9,3.16463e+06
30.7,22,2.10247e+06
30.7,22.1,1.25748e+06
30.7,22.2,631759
30.7,22.3,227401
30.7,22.4,46505.6
30.7,22.5,91180
30.7,22.6,363539
30.7,22.7,865703
30.7,22.8,1.5998e+06
30.7,22.9,2.56796e+06
30.7,23,3.77233e+06
30.7,23.1,5.21506e+06
30.7,23.2,6.89829e+06
30.7,23.3,8.8242e+06
30.7,23.4,1.09949e+07
30.7,23.5,1.34127e+07
30.7,23.6,1.60796e+07
30.7,23.7,1.89979e+07
30.7,23.8,2.21698e+07
30.7,23.9,2.55975e+07
30.7,24,2.92831e+07
30.7,24.1,3.32289e+07
30.7,24.2,3.74371e+07
30.7,24.3,4.191e+07
30.7,24.4,4.66497e+07
30.7,24.5,5.16585e+07
30.7,24.6,5.69387e+07
30.7,24.7,6.24925e+07
30.7,24.8,6.83222e+07
30.7,24.9,7.44299e+07
30.7,25,8.08181e+07
30.7,25.1,8.7489e+07
30.7,25.2,9.44448e+07
30.7,25.3,1.01688e+08
30.7,25.4,1.09221e+08
30.7,25.5,1.17045e+08
30.7,25.6,1.25164e+08
30.7,25.7,1.33579e+08
30.7,25.8,1.42293e+08
30.7,25.9,1.51308e+08
30.7,26,1.60627e+08
30.7,26.1,1.70251e+08
30.7,26.2,1.80184e+08
30.7,26.3,1.90427e+08
30.7,26.4,2.00983e+08
30.7,26.5,2.11854e+08
30.7,26.6,2.23043e+08
30.7,26.7,2.34552e+08
30.7,26.8,2.46384e+08
30.7,26.9,2.5854e+08
30.7,27,2.71023e+08
30.7,27.1,2.83837e+08
30.7,27.2,2.96982e+08
30.7,27.3,3.10461e+08
30.7,27.4,3.10113e+08
30.7,27.5,3.34918e+08
30.7,27.6,3.45755e+08
30.7,27.7,3.56791e+08
30.7,27.8,3.68028e+08
30.7,27.9,3.79466e+08
30.7,28,3.91106e+08
30.7,28.1,4.02951e+08
30.7,28.2,4.15e+08
30.7,28.3,4.27256e+08
30.7,28.4,4.3972e+08
30.7,28.5,4.52392e+08
30.7,28.6,4.65275e+08
30.7,28.7,4.78369e+08
30.7,28.8,4.91676e+08
30.7,28.9,5.05196e+08
30.7,29,5.18932e+08
30.7,29.1,5.32885e+08
30.7,29.2,5.47055e+08
30.7,29.3,5.61444e+08
30.7,29.4,5.76053e+08
30.7,29.5,5.90884e+08
30.7,29.6,6.05938e+08
30.7,29.7,6.21216e+08
30.7,29.8,6.36719e+08
30.7,29.9,6.52449e+08
30.7,30,6.68408e+08
30.7,30.1,6.84595e+08
30.7,30.2,7.01013e+08
30.7,30.3,7.17664e+08
30.7,30.4,7.34547e+08
30.7,30.5,7.51665e+08
30.7,30.6,7.69019e+08
30.7,30.7,7.8661e+08
30.7,30.8,7.98363e+08
30.7,30.9,8.10222e+08
30.7,31,8.22189e+08
30.7,31.1,8.34264e+08
30.7,31.2,8.46447e+08
30.7,31.3,8.58739e+08
30.7,31.4,8.71141e+08
30.7,31.5,8.83652e+08
30.7,31.6,8.96273e+08
30.7,31.7,9.09004e+08
30.7,31.8,9.21847e+08
30.7,31.9,9.34801e+08
30.7,32,9.47867e+08
30.7,32.1,9.61045e+08
30.7,32.2,9.74336e+08
30.7,32.3,9.87741e+08
30.7,32.4,1.00126e+09
30.7,32.5,1.01489e+09
30.7,32.6,1.02864e+09
30.7,32.7,1.0425e+09
30.7,32.8,1.05648e+09
30.7,32.9,1.07057e+09
30.7,33,1.08478e+09
30.7,33.1,1.09911e+09
30.7,33.2,1.11355e+09
30.7,33.3,1.12811e+09
30.7,33.4,1.14279e+09
30.7,33.5,1.15759e+09
30.7,33.6,1.17251e+09
30.7,33.7,1.18754e+09
30.7,33.8,1.2027e+09
30.7,33.9,1.21798e+09
30.7,34,1.23338e+09
30.7,34.1,1.2489e+09
30.7,34.2,1.26454e+09
30.7,34.3,1.2803e+09
30.7,34.4,1.29619e+09
30.7,34.5,1.3122e+09
30.7,34.6,1.32833e+09
30.7,34.7,1.34459e+09
30.7,34.8,1.36097e+09
30.7,34.9,1.37748e+09
30.7,35,1.39412e+09
30.7,35.1,1.41088e+09
30.7,35.2,1.42776e+09
30.7,35.3,1.44477e+09
30.7,35.4,1.46192e+09
30.7,35.5,1.47918e+09
30.7,35.6,1.49658e+09
30.7,35.7,1.51411e+09
30.7,35.8,1.53176e+09
30.7,35.9,1.54955e+09
30.7,36,1.56746e+09
30.7,36.1,1.58551e+09
30.7,36.2,1.60369e+09
30.7,36.3,1.62199e+09
30.7,36.4,1.64044e+09
30.7,36.5,1.65901e+09
30.7,36.6,1.67772e+09
30.7,36.7,1.69656e+09
30.7,36.8,1.71553e+09
30.7,36.9,1.73464e+09
30.7,37,1.75389e+09
30.7,37.1,1.77327e+09
30.7,37.2,1.79278e+09
30.7,37.3,1.81244e+09
30.7,37.4,1.83222e+09
30.7,37.5,1.85215e+09
30.7,37.6,1.87222e+09
30.7,37.7,1.89242e+09
30.7,37.8,1.91276e+09
30.7,37.9,1.93325e+09
30.7,38,1.95387e+09
30.7,38.1,1.97463e+09
30.7,38.2,1.99553e+09
30.7,38.3,2.01658e+09
30.7,38.4,2.03777e+09
30.7,38.5,2.0591e+09
30.7,38.6,2.08057e+09
30.7,38.7,2.10218e+09
30.7,38.8,2.12394e+09
30.7,38.9,2.14585e+09
30.7,39,2.16789e+09
30.7,39.1,2.19009e+09
30.7,39.2,2.21243e+09
30.7,39.3,2.23491e+09
30.7,39.4,2.25755e+09
30.7,39.5,2.28033e+09
30.7,39.6,2.30326e+09
30.7,39.7,2.32633e+09
30.7,39.8,2.34956e+09
30.7,39.9,2.37293e+09
30.8,20,5.6979e+07
30.8,20.1,5.2374e+07
30.8,20.2,4.79487e+07
30.8,20.3,4.3705e+07
30.8,20.4,3.96448e+07
30.8,20.5,3.57702e+07
30.8,20.6,3.20831e+07
30.8,20.7,2.85856e+07
30.8,20.8,2.52796e+07
30.8,20.9,2.21671e+07
30.8,21,1.92501e+07
30.8,21.1,1.65307e+07
30.8,21.2,1.40109e+07
30.8,21.3,1.16927e+07
30.8,21.4,9.57814e+06
30.8,21.5,7.66927e+06
30.8,21.6,5.96813e+06
30.8,21.7,4.47679e+06
30.8,21.8,3.1973e+06
30.8,21.9,2.13174e+06
30.8,22,1.28219e+06
30.8,22.1,650712
30.8,22.2,239411
30.8,22.3,50378.3
30.8,22.4,85717.2
30.8,22.5,347536
30.8,22.6,837950
30.8,22.7,1.55908e+06
30.8,22.8,2.51306e+06
30.8,22.9,3.70202e+06
30.8,23,5.1281e+06
30.8,23.1,6.79345e+06
30.8,23.2,8.70023e+06
30.8,23.3,1.08506e+07
30.8,23.4,1.32467e+07
30.8,23.5,1.58908e+07
30.8,23.6,1.87849e+07
30.8,23.7,2.19314e+07
30.8,23.8,2.53323e+07
30.8,23.9,2.899e+07
30.8,24,3.29065e+07
30.8,24.1,3.70842e+07
30.8,24.2,4.15252e+07
30.8,24.3,4.62318e+07
30.8,24.4,5.12061e+07
30.8,24.5,5.64505e+07
30.8,24.6,6.19672e+07
30.8,24.7,6.77584e+07
30.8,24.8,7.38264e+07
30.8,24.9,8.01735e+07
30.8,25,8.6802e+07
30.8,25.1,9.3714e+07
30.8,25.2,1.00912e+08
30.8,25.3,1.08398e+08
30.8,25.4,1.16175e+08
30.8,25.5,1.24244e+08
30.8,25.6,1.32609e+08
30.8,25.7,1.41271e+08
30.8,25.8,1.50233e+08
30.8,25.9,1.59496e+08
30.8,26,1.69065e+08
30.8,26.1,1.7894e+08
30.8,26.2,1.89124e+08
30.8,26.3,1.9962e+08
30.8,26.4,2.10429e+08
30.8,26.5,2.21555e+08
30.8,26.6,2.32999e+08
30.8,26.7,2.44765e+08
30.8,26.8,2.56853e+08
30.8,26.9,2.69268e+08
30.8,27,2.82011e+08
30.8,27.1,2.95084e+08
30.8,27.2,3.0849e+08
30.8,27.3,3.22232e+08
30.8,27.4,3.21883e+08
30.8,27.5,3.47152e+08
30.8,27.6,3.58191e+08
30.8,27.7,3.69429e+08
30.8,27.8,3.80868e+08
30.8,27.9,3.92509e+08
30.8,28,4.04353e+08
30.8,28.1,4.16402e+08
30.8,28.2,4.28657e+08
30.8,28.3,4.41119e+08
30.8,28.4,4.53789e+08
30.8,28.5,4.66669e+08
30.8,28.6,4.7976e+08
30.8,28.7,4.93062e+08
30.8,28.8,5.06578e+08
30.8,28.9,5.20309e+08
30.8,29,5.34255e+08
30.8,29.1,5.48419e+08
30.8,29.2,5.62801e+08
30.8,29.3,5.77403e+08
30.8,29.4,5.92225e+08
30.8,29.5,6.0727e+08
30.8,29.6,6.22539e+08
30.8,29.7,6.38032e+08
30.8,29.8,6.53752e+08
30.8,29.9,6.69699e+08
30.8,30,6.85874e+08
30.8,30.1,7.0228e+08
30.8,30.2,7.18917e+08
30.8,30.3,7.35787e+08
30.8,30.4,7.52891e+08
30.8,30.5,7.7023e+08
30.8,30.6,7.87805e+08
30.8,30.7,8.05618e+08
30.8,30.8,8.23671e+08
30.8,30.9,8.35726e+08
30.8,31,8.4789e+08
30.8,31.1,8.60161e+08
30.8,31.2,8.72542e+08
30.8,31.3,8.85032e+08
30.8,31.4,8.97631e+08
30.8,31.5,9.10341e+08
30.8,31.6,9.23161e+08
30.8,31.7,9.36092e+08
30.8,31.8,9.49135e+08
30.8,31.9,9.62289e+08
30.8,32,9.75556e+08
30.8,32.1,9.88936e+08
30.8,32.2,1.00243e+09
30.8,32.3,1.01604e+09
30.8,32.4,1.02976e+09
30.8,32.5,1.04359e+09
30.8,32.6,1.05754e+09
30.8,32.7,1.07161e+09
30.8,32.8,1.08579e+09
30.8,32.9,1.10009e+09
30.8,33,1.1145e+09
30.8,33.1,1.12904e+09
30.8,33.2,1.14369e+09
30.8,33.3,1.15845e+09
30.8,33.4,1.17334e+09
30.8,33.5,1.18835e+09
30.8,33.6,1.20347e+09
30.8,33.7,1.21872e+09
30.8,33.8,1.23409e+09
30.8,33.9,1.24957e+09
30.8,34,1.26518e+09
30.8,34.1,1.28091e+09
30.8,34.2,1.29677e+09
30.8,34.3,1.31274e+09
30.8,34.4,1.32884e+09
30.8,34.5,1.34506e+09
30.8,34.6,1.36141e+09
30.8,34.7,1.37788e+09
30.8,34.8,1.39448e+09
30.8,34.9,1.4112e+09
30.8,35,1.42805e+09
30.8,35.1,1.44502e+09
30.8,35.2,1.46213e+09
30.8,35.3,1.47936e+09
30.8,35.4,1.49671e+09
30.8,35.5,1.5142e+09
30.8,35.6,1.53181e+09
30.8,35.7,1.54956e+09
30.8,35.8,1.56743e+09
30.8,35.9,1.58544e+09
30.8,36,1.60357e+09
30.8,36.1,1.62184e+09
30.8,36.2,1.64023e+09
30.8,36.3,1.65876e+09
30.8,36.4,1.67743e+09
30.8,36.5,1.69622e+09
30.8,36.6,1.71515e+09
30.8,36.7,1.73422e+09
30.8,36.8,1.75341e+09
30.8,36.9,1.77275e+09
30.8,37,1.79222e+09
30.8,37.1,1.81182e+09
30.8,37.2,1.83156e+09
30.8,37.3,1.85144e+09
30.8,37.4,1.87146e+09
30.8,37.5,1.89161e+09
30.8,37.6,1.9119e+09
30.8,37.7,1.93234e+09
30.8,37.8,1.95291e+09
30.8,37.9,1.97362e+09
30.8,38,1.99447e+09
30.8,38.1,2.01546e+09
30.8,38.2,2.0366e+09
30.8,38.3,2.05787e+09
30.8,38.4,2.07929e+09
30.8,38.5,2.10085e+09
30.8,38.6,2.12255e+09
30.8,38.7,2.1444e+09
30.8,38.8,2.16639e+09
30.8,38.9,2.18853e+09
30.8,39,2.21081e+09
30.8,39.1,2.23324e+09
30.8,39.2,2.25582e+09
30.8,39.3,2.27854e+09
30.8,39.4,2.30141e+09
30.8,39.5,2.32443e+09
30.8,39.6,2.34759e+09
30.8,39.7,2.37091e+09
30.8,39.8,2.39437e+09
30.8,39.9,2.41798e+09
30.9,20,5.22696e+07
30.9,20.1,4.78608e+07
30.9,20.2,4.36327e+07
30.9,20.3,3.9587e+07
30.9,20.4,3.57257e+07
30.9,20.5,3.20509e+07
30.9,20.6,2.85646e+07
30.9,20.7,2.52686e+07
30.9,20.8,2.21651e+07
30.9,20.9,1.9256e+07
30.9,21,1.65434e+07
30.9,21.1,1.40292e+07
30.9,21.2,1.17154e+07
30.9,21.3,9.60418e+06
30.9,21.4,7.6975e+06
30.9,21.5,5.9974e+06
30.9,21.6,4.50594e+06
30.9,21.7,3.22518e+06
30.9,21.8,2.15717e+06
30.9,21.9,1.304e+06
30.9,22,667737
30.9,22.1,250464
30.9,22.2,54271.4
30.9,22.3,81257.3
30.9,22.4,333525
30.9,22.5,813183
30.9,22.6,1.52235e+06
30.9,22.7,2.46315e+06
30.9,22.8,3.6377e+06
30.9,22.9,5.04816e+06
30.9,23,6.69665e+06
30.9,23.1,8.58533e+06
30.9,23.2,1.07164e+07
30.9,23.3,1.30919e+07
30.9,23.4,1.57141e+07
30.9,23.5,1.85852e+07
30.9,23.6,2.17073e+07
30.9,23.7,2.50826e+07
30.9,23.8,2.87133e+07
30.9,23.9,3.26017e+07
30.9,24,3.67499e+07
30.9,24.1,4.11601e+07
30.9,24.2,4.58346e+07
30.9,24.3,5.07756e+07
30.9,24.4,5.59853e+07
30.9,24.5,6.1466e+07
30.9,24.6,6.722e+07
30.9,24.7,7.32493e+07
30.9,24.8,7.95565e+07
30.9,24.9,8.61436e+07
30.9,25,9.3013e+07
30.9,25.1,1.00167e+08
30.9,25.2,1.07608e+08
30.9,25.3,1.15338e+08
30.9,25.4,1.23359e+08
30.9,25.5,1.31674e+08
30.9,25.6,1.40285e+08
30.9,25.7,1.49195e+08
30.9,25.8,1.58405e+08
30.9,25.9,1.67919e+08
30.9,26,1.77737e+08
30.9,26.1,1.87864e+08
30.9,26.2,1.983e+08
30.9,26.3,2.09049e+08
30.9,26.4,2.20113e+08
30.9,26.5,2.31494e+08
30.9,26.6,2.43195e+08
30.9,26.7,2.55217e+08
30.9,26.8,2.67564e+08
30.9,26.9,2.80237e+08
30.9,27,2.9324e+08
30.9,27.1,3.06574e+08
30.9,27.2,3.20243e+08
30.9,27.3,3.34247e+08
30.9,27.4,3.33899e+08
30.9,27.5,3.59632e+08
30.9,27.6,3.70873e+08
30.9,27.7,3.82313e+08
30.9,27.8,3.93956e+08
30.9,27.9,4.05801e+08
30.9,28,4.1785e+08
30.9,28.1,4.30104e+08
30.9,28.2,4.42565e+08
30.9,28.3,4.55233e+08
30.9,28.4,4.6811e+08
30.9,28.5,4.81198e+08
30.9,28.6,4.94497e+08
30.9,28.7,5.08009e+08
30.9,28.8,5.21735e+08
30.9,28.9,5.35676e+08
30.9,29,5.49834e+08
30.9,29.1,5.6421e+08
30.9,29.2,5.78804e+08
30.9,29.3,5.93619e+08
30.9,29.4,6.08656e+08
30.9,29.5,6.23916e+08
30.9,29.6,6.394e+08
30.9,29.7,6.55109e+08
30.9,29.8,6.71045e+08
30.9,29.9,6.8721e+08
30.9,30,7.03604e+08
30.9,30.1,7.20228e+08
30.9,30.2,7.37085e+08
30.9,30.3,7.54175e+08
30.9,30.4,7.71499e+08
30.9,30.5,7.8906e+08
30.9,30.6,8.06857e+08
30.9,30.7,8.24894e+08
30.9,30.8,8.4317e+08
30.9,30.9,8.61687e+08
30.9,31,8.74048e+08
30.9,31.1,8.86517e+08
30.9,31.2,8.99096e+08
30.9,31.3,9.11784e+08
30.9,31.4,9.24582e+08
30.9,31.5,9.37491e+08
30.9,31.6,9.50511e+08
30.9,31.7,9.63643e+08
30.9,31.8,9.76886e+08
30.9,31.9,9.90242e+08
30.9,32,1.00371e+09
30.9,32.1,1.01729e+09
30.9,32.2,1.03099e+09
30.9,32.3,1.0448e+09
30.9,32.4,1.05872e+09
30.9,32.5,1.07276e+09
30.9,32.6,1.08692e+09
30.9,32.7,1.10119e+09
30.9,32.8,1.11557e+09
30.9,32.9,1.13008e+09
30.9,33,1.1447e+09
30.9,33.1,1.15944e+09
30.9,33.2,1.1743e+09
30.9,33.3,1.18927e+09
30.9,33.4,1.20437e+09
30.9,33.5,1.21958e+09
30.9,33.6,1.23492e+09
30.9,33.7,1.25037e+09
30.9,33.8,1.26595e+09
30.9,33.9,1.28165e+09
30.9,34,1.29747e+09
30.9,34.1,1.31341e+09
30.9,34.2,1.32947e+09
30.9,34.3,1.34566e+09
30.9,34.4,1.36197e+09
30.9,34.5,1.37841e+09
30.9,34.6,1.39497e+09
30.9,34.7,1.41166e+09
30.9,34.8,1.42847e+09
30.9,34.9,1.44541e+09
30.9,35,1.46247e+09
30.9,35.1,1.47966e+09
30.9,35.2,1.49698e+09
30.9,35.3,1.51443e+09
30.9,35.4,1.532e+09
30.9,35.5,1.54971e+09
30.9,35.6,1.56754e+09
30.9,35.7,1.5855e+09
30.9,35.8,1.60359e+09
30.9,35.9,1.62182e+09
30.9,36,1.64017e+09
30.9,36.1,1.65866e+09
30.9,36.2,1.67728e+09
30.9,36.3,1.69603e+09
30.9,36.4,1.71492e+09
30.9,36.5,1.73394e+09
30.9,36.6,1.75309e+09
30.9,36.7,1.77238e+09
30.9,36.8,1.7918e+09
30.9,36.9,1.81136e+09
30.9,37,1.83105e+09
30.9,37.1,1.85088e+09
30.9,37.2,1.87085e+09
30.9,37.3,1.89096e+09
30.9,37.4,1.9112e+09
30.9,37.5,1.93158e+09
30.9,37.6,1.9521e+09
30.9,37.7,1.97276e+09
30.9,37.8,1.99356e+09
30.9,37.9,2.0145e+09
30.9,38,2.03558e+09
30.9,38.1,2.05681e+09
30.9,38.2,2.07817e+09
30.9,38.3,2.09968e+09
30.9,38.4,2.12133e+09
30.9,38.5,2.14312e+09
30.9,38.6,2.16506e+09
30.9,38.7,2.18714e+09
30.9,38.8,2.20937e+09
30.9,38.9,2.23174e+09
30.9,39,2.25425e+09
30.9,39.1,2.27692e+09
30.9,39.2,2.29973e+09
30.9,39.3,2.32269e+09
30.9,39.4,2.34579e+09
30.9,39.5,2.36905e+09
30.9,39.6,2.39245e+09
30.9,39.7,2.416e+09
30.9,39.8,2.43971e+09
30.9,39.9,2.46356e+09
31,20,4.77538e+07
31,20.1,4.3542e+07
31,20.2,3.95117e+07
31,20.3,3.56647e+07
31,20.4,3.2003e+07
31,20.5,2.85287e+07
31,20.6,2.52437e+07
31,20.7,2.21501e+07
31,20.8,1.92497e+07
31,20.9,1.65447e+07
31,21,1.4037e+07
31,21.1,1.17286e+07
31,21.2,9.62163e+06
31,21.3,7.71806e+06
31,21.4,6.01992e+06
31,21.5,4.52928e+06
31,21.6,3.24818e+06
31,21.7,2.17868e+06
31,21.8,1.32285e+06
31,21.9,682751
31,22,260468
31,22.1,58085.5
31,22.2,77693.7
31,22.3,321391
31,22.4,791281
31,22.5,1.48948e+06
31,22.6,2.41809e+06
31,22.7,3.57925e+06
31,22.8,4.97509e+06
31,22.9,6.60775e+06
31,23,8.47936e+06
31,23.1,1.05921e+07
31,23.2,1.29481e+07
31,23.3,1.55495e+07
31,23.4,1.83985e+07
31,23.5,2.14973e+07
31,23.6,2.4848e+07
31,23.7,2.84529e+07
31,23.8,3.23142e+07
31,23.9,3.6434e+07
31,24,4.08145e+07
31,24.1,4.5458e+07
31,24.2,5.03668e+07
31,24.3,5.55429e+07
31,24.4,6.09887e+07
31,24.5,6.67065e+07
31,24.6,7.26983e+07
31,24.7,7.89666e+07
31,24.8,8.55136e+07
31,24.9,9.23415e+07
31,25,9.94526e+07
31,25.1,1.06849e+08
31,25.2,1.14534e+08
31,25.3,1.22508e+08
31,25.4,1.30775e+08
31,25.5,1.39337e+08
31,25.6,1.48195e+08
31,25.7,1.57353e+08
31,25.8,1.66813e+08
31,25.9,1.76576e+08
31,26,1.86646e+08
31,26.1,1.97025e+08
31,26.2,2.07714e+08
31,26.3,2.18717e+08
31,26.4,2.30036e+08
31,26.5,2.41673e+08
31,26.6,2.5363e+08
31,26.7,2.65911e+08
31,26.8,2.78516e+08
31,26.9,2.9145e+08
31,27,3.04713e+08
31,27.1,3.18309e+08
31,27.2,3.3224e+08
31,27.3,3.46508e+08
31,27.4,3.4616e+08
31,27.5,3.7236e+08
31,27.6,3.83803e+08
31,27.7,3.95447e+08
31,27.8,4.07293e+08
31,27.9,4.19342e+08
31,28,4.31596e+08
31,28.1,4.44057e+08
31,28.2,4.56724e+08
31,28.3,4.69599e+08
31,28.4,4.82685e+08
31,28.5,4.95981e+08
31,28.6,5.09489e+08
31,28.7,5.23211e+08
31,28.8,5.37148e+08
31,28.9,5.513e+08
31,29,5.6567e+08
31,29.1,5.80258e+08
31,29.2,5.95066e+08
31,29.3,6.10095e+08
31,29.4,6.25346e+08
31,29.5,6.40822e+08
31,29.6,6.56522e+08
31,29.7,6.72448e+08
31,29.8,6.88601e+08
31,29.9,7.04984e+08
31,30,7.21596e+08
31,30.1,7.3844e+08
31,30.2,7.55517e+08
31,30.3,7.72828e+08
31,30.4,7.90374e+08
31,30.5,8.08157e+08
31,30.6,8.26177e+08
31,30.7,8.44437e+08
31,30.8,8.62938e+08
31,30.9,8.8168e+08
31,31,9.00666e+08
31,31.1,9.13334e+08
31,31.2,9.26111e+08
31,31.3,9.38999e+08
31,31.4,9.51997e+08
31,31.5,9.65106e+08
31,31.6,9.78326e+08
31,31.7,9.91659e+08
31,31.8,1.0051e+09
31,31.9,1.01866e+09
31,32,1.03233e+09
31,32.1,1.04612e+09
31,32.2,1.06002e+09
31,32.3,1.07403e+09
31,32.4,1.08816e+09
31,32.5,1.1024e+09
31,32.6,1.11676e+09
31,32.7,1.13124e+09
31,32.8,1.14583e+09
31,32.9,1.16054e+09
31,33,1.17537e+09
31,33.1,1.19032e+09
31,33.2,1.20538e+09
31,33.3,1.22057e+09
31,33.4,1.23587e+09
31,33.5,1.2513e+09
31,33.6,1.26684e+09
31,33.7,1.28251e+09
31,33.8,1.2983e+09
31,33.9,1.3142e+09
31,34,1.33024e+09
31,34.1,1.34639e+09
31,34.2,1.36267e+09
31,34.3,1.37907e+09
31,34.4,1.3956e+09
31,34.5,1.41225e+09
31,34.6,1.42902e+09
31,34.7,1.44592e+09
31,34.8,1.46295e+09
31,34.9,1.4801e+09
31,35,1.49738e+09
31,35.1,1.51479e+09
31,35.2,1.53233e+09
31,35.3,1.54999e+09
31,35.4,1.56778e+09
31,35.5,1.58571e+09
31,35.6,1.60376e+09
31,35.7,1.62194e+09
31,35.8,1.64026e+09
31,35.9,1.6587e+09
31,36,1.67728e+09
31,36.1,1.69599e+09
31,36.2,1.71483e+09
31,36.3,1.7338e+09
31,36.4,1.75291e+09
31,36.5,1.77215e+09
31,36.6,1.79153e+09
31,36.7,1.81104e+09
31,36.8,1.83069e+09
31,36.9,1.85047e+09
31,37,1.87039e+09
31,37.1,1.89045e+09
31,37.2,1.91065e+09
31,37.3,1.93098e+09
31,37.4,1.95145e+09
31,37.5,1.97206e+09
31,37.6,1.99281e+09
31,37.7,2.0137e+09
31,37.8,2.03473e+09
31,37.9,2.0559e+09
31,38,2.07721e+09
31,38.1,2.09867e+09
31,38.2,2.12026e+09
31,38.3,2.142e+09
31,38.4,2.16388e+09
31,38.5,2.18591e+09
31,38.6,2.20808e+09
31,38.7,2.2304e+09
31,38.8,2.25286e+09
31,38.9,2.27547e+09
31,39,2.29822e+09
31,39.1,2.32112e+09
31,39.2,2.34417e+09
31,39.3,2.36736e+09
31,39.4,2.3907e+09
31,39.5,2.4142e+09
31,39.6,2.43784e+09
31,39.7,2.46163e+09
31,39.8,2.48557e+09
31,39.9,2.50967e+09
31.1,20,4.34331e+07
31.1,20.1,3.94189e+07
31.1,20.2,3.5587e+07
31.1,20.3,3.19394e+07
31.1,20.4,2.8478e+07
31.1,20.5,2.52049e+07
31.1,20.6,2.21219e+07
31.1,20.7,1.92312e+07
31.1,20.8,1.65347e+07
31.1,20.9,1.40344e+07
31.1,21,1.17323e+07
31.1,21.1,9.63048e+06
31.1,21.2,7.73092e+06
31.1,21.3,6.03567e+06
31.1,21.4,4.54678e+06
31.1,21.5,3.26627e+06
31.1,21.6,2.19621e+06
31.1,21.7,1.33866e+06
31.1,21.8,695679
31.1,21.9,269344
31.1,22,61732.7
31.1,22.1,74931.4
31.1,22.2,311032
31.1,22.3,772134
31.1,22.4,1.46034e+06
31.1,22.5,2.37777e+06
31.1,22.6,3.52653e+06
31.1,22.7,4.90876e+06
31.1,22.8,6.52658e+06
31.1,22.9,8.38214e+06
31.1,23,1.04776e+07
31.1,23.1,1.2815e+07
31.1,23.2,1.53967e+07
31.1,23.3,1.82247e+07
31.1,23.4,2.13012e+07
31.1,23.5,2.46284e+07
31.1,23.6,2.82086e+07
31.1,23.7,3.20437e+07
31.1,23.8,3.61362e+07
31.1,23.9,4.04882e+07
31.1,24,4.51018e+07
31.1,24.1,4.99793e+07
31.1,24.2,5.5123e+07
31.1,24.3,6.0535e+07
31.1,24.4,6.62177e+07
31.1,24.5,7.21731e+07
31.1,24.6,7.84037e+07
31.1,24.7,8.49116e+07
31.1,24.8,9.16992e+07
31.1,24.9,9.87686e+07
31.1,25,1.06122e+08
31.1,25.1,1.13762e+08
31.1,25.2,1.21691e+08
31.1,25.3,1.29911e+08
31.1,25.4,1.38424e+08
31.1,25.5,1.47233e+08
31.1,25.6,1.56339e+08
31.1,25.7,1.65746e+08
31.1,25.8,1.75456e+08
31.1,25.9,1.8547e+08
31.1,26,1.95792e+08
31.1,26.1,2.06424e+08
31.1,26.2,2.17367e+08
31.1,26.3,2.28625e+08
31.1,26.4,2.40199e+08
31.1,26.5,2.52093e+08
31.1,26.6,2.64308e+08
31.1,26.7,2.76847e+08
31.1,26.8,2.89712e+08
31.1,26.9,3.02906e+08
31.1,27,3.16431e+08
31.1,27.1,3.3029e+08
31.1,27.2,3.44484e+08
31.1,27.3,3.59017e+08
31.1,27.4,3.58669e+08
31.1,27.5,3.85336e+08
31.1,27.6,3.96982e+08
31.1,27.7,4.0883e+08
31.1,27.8,4.20881e+08
31.1,27.9,4.33135e+08
31.1,28,4.45595e+08
31.1,28.1,4.58262e+08
31.1,28.2,4.71136e+08
31.1,28.3,4.8422e+08
31.1,28.4,4.97514e+08
31.1,28.5,5.11019e+08
31.1,28.6,5.24737e+08
31.1,28.7,5.3867e+08
31.1,28.8,5.52817e+08
31.1,28.9,5.67182e+08
31.1,29,5.81764e+08
31.1,29.1,5.96566e+08
31.1,29.2,6.11588e+08
31.1,29.3,6.26831e+08
31.1,29.4,6.42298e+08
31.1,29.5,6.57989e+08
31.1,29.6,6.73906e+08
31.1,29.7,6.90049e+08
31.1,29.8,7.06421e+08
31.1,29.9,7.23022e+08
31.1,30,7.39854e+08
31.1,30.1,7.56919e+08
31.1,30.2,7.74216e+08
31.1,30.3,7.91748e+08
31.1,30.4,8.09517e+08
31.1,30.5,8.27522e+08
31.1,30.6,8.45767e+08
31.1,30.7,8.64251e+08
31.1,30.8,8.82977e+08
31.1,30.9,9.01945e+08
31.1,31,9.21157e+08
31.1,31.1,9.40614e+08
31.1,31.2,9.53591e+08
31.1,31.3,9.66679e+08
31.1,31.4,9.79877e+08
31.1,31.5,9.93187e+08
31.1,31.6,1.00661e+09
31.1,31.7,1.02014e+09
31.1,31.8,1.03379e+09
31.1,31.9,1.04755e+09
31.1,32,1.06143e+09
31.1,32.1,1.07541e+09
31.1,32.2,1.08952e+09
31.1,32.3,1.10374e+09
31.1,32.4,1.11807e+09
31.1,32.5,1.13252e+09
31.1,32.6,1.14708e+09
31.1,32.7,1.16177e+09
31.1,32.8,1.17657e+09
31.1,32.9,1.19149e+09
31.1,33,1.20652e+09
31.1,33.1,1.22168e+09
31.1,33.2,1.23695e+09
31.1,33.3,1.25235e+09
31.1,33.4,1.26786e+09
31.1,33.5,1.28349e+09
31.1,33.6,1.29925e+09
31.1,33.7,1.31513e+09
31.1,33.8,1.33113e+09
31.1,33.9,1.34725e+09
31.1,34,1.36349e+09
31.1,34.1,1.37986e+09
31.1,34.2,1.39635e+09
31.1,34.3,1.41296e+09
31.1,34.4,1.4297e+09
31.1,34.5,1.44657e+09
31.1,34.6,1.46356e+09
31.1,34.7,1.48068e+09
31.1,34.8,1.49792e+09
31.1,34.9,1.51529e+09
31.1,35,1.53279e+09
31.1,35.1,1.55041e+09
31.1,35.2,1.56817e+09
31.1,35.3,1.58605e+09
31.1,35.4,1.60406e+09
31.1,35.5,1.62221e+09
31.1,35.6,1.64048e+09
31.1,35.7,1.65888e+09
31.1,35.8,1.67742e+09
31.1,35.9,1.69608e+09
31.1,36,1.71488e+09
31.1,36.1,1.73381e+09
31.1,36.2,1.75288e+09
31.1,36.3,1.77208e+09
31.1,36.4,1.79141e+09
31.1,36.5,1.81088e+09
31.1,36.6,1.83048e+09
31.1,36.7,1.85021e+09
31.1,36.8,1.87009e+09
31.1,36.9,1.8901e+09
31.1,37,1.91025e+09
31.1,37.1,1.93053e+09
31.1,37.2,1.95095e+09
31.1,37.3,1.97151e+09
31.1,37.4,1.99221e+09
31.1,37.5,2.01305e+09
31.1,37.6,2.03403e+09
31.1,37.7,2.05515e+09
31.1,37.8,2.07641e+09
31.1,37.9,2.09781e+09
31.1,38,2.11936e+09
31.1,38.1,2.14104e+09
31.1,38.2,2.16287e+09
31.1,38.3,2.18485e+09
31.1,38.4,2.20696e+09
31.1,38.5,2.22922e+09
31.1,38.6,2.25163e+09
31.1,38.7,2.27418e+09
31.1,38.8,2.29688e+09
31.1,38.9,2.31972e+09
31.1,39,2.34271e+09
31.1,39.1,2.36584e+09
31.1,39.2,2.38913e+09
31.1,39.3,2.41256e+09
31.1,39.4,2.43615e+09
31.1,39.5,2.45988e+09
31.1,39.6,2.48376e+09
31.1,39.7,2.50779e+09
31.1,39.8,2.53197e+09
31.1,39.9,2.55631e+09
31.2,20,3.93088e+07
31.2,20.1,3.54929e+07
31.2,20.2,3.18601e+07
31.2,20.3,2.84125e+07
31.2,20.4,2.51521e+07
31.2,20.5,2.20807e+07
31.2,20.6,1.92005e+07
31.2,20.7,1.65134e+07
31.2,20.8,1.40214e+07
31.2,20.9,1.17265e+07
31.2,21,9.6307e+06
31.2,21.1,7.73607e+06
31.2,21.2,6.04462e+06
31.2,21.3,4.55839e+06
31.2,21.4,3.2794e+06
31.2,21.5,2.20971e+06
31.2,21.6,1.35138e+06
31.2,21.7,706461
31.2,21.8,277022
31.2,21.9,65137.1
31.2,22,72886.9
31.2,22.1,302358
31.2,22.2,755645
31.2,22.3,1.43485e+06
31.2,22.4,2.34207e+06
31.2,22.5,3.47943e+06
31.2,22.6,4.84904e+06
31.2,22.7,6.45303e+06
31.2,22.8,8.29354e+06
31.2,22.9,1.03727e+07
31.2,23,1.26927e+07
31.2,23.1,1.52556e+07
31.2,23.2,1.80636e+07
31.2,23.3,2.11189e+07
31.2,23.4,2.44236e+07
31.2,23.5,2.798e+07
31.2,23.6,3.17902e+07
31.2,23.7,3.58564e+07
31.2,23.8,4.01808e+07
31.2,23.9,4.47656e+07
31.2,24,4.96131e+07
31.2,24.1,5.47254e+07
31.2,24.2,6.01047e+07
31.2,24.3,6.57533e+07
31.2,24.4,7.16735e+07
31.2,24.5,7.78675e+07
31.2,24.6,8.43375e+07
31.2,24.7,9.10858e+07
31.2,24.8,9.81146e+07
31.2,24.9,1.05426e+08
31.2,25,1.13023e+08
31.2,25.1,1.20907e+08
31.2,25.2,1.29081e+08
31.2,25.3,1.37547e+08
31.2,25.4,1.46307e+08
31.2,25.5,1.55364e+08
31.2,25.6,1.64719e+08
31.2,25.7,1.74376e+08
31.2,25.8,1.84336e+08
31.2,25.9,1.94603e+08
31.2,26,2.05177e+08
31.2,26.1,2.16062e+08
31.2,26.2,2.2726e+08
31.2,26.3,2.38774e+08
31.2,26.4,2.50605e+08
31.2,26.5,2.62756e+08
31.2,26.6,2.75229e+08
31.2,26.7,2.88028e+08
31.2,26.8,3.01153e+08
31.2,26.9,3.14609e+08
31.2,27,3.28396e+08
31.2,27.1,3.42518e+08
31.2,27.2,3.56976e+08
31.2,27.3,3.71774e+08
31.2,27.4,3.71426e+08
31.2,27.5,3.98563e+08
31.2,27.6,4.10412e+08
31.2,27.7,4.22465e+08
31.2,27.8,4.3472e+08
31.2,27.9,4.47181e+08
31.2,28,4.59847e+08
31.2,28.1,4.72721e+08
31.2,28.2,4.85803e+08
31.2,28.3,4.99095e+08
31.2,28.4,5.12598e+08
31.2,28.5,5.26314e+08
31.2,28.6,5.40242e+08
31.2,28.7,5.54386e+08
31.2,28.8,5.68746e+08
31.2,28.9,5.83323e+08
31.2,29,5.98118e+08
31.2,29.1,6.13134e+08
31.2,29.2,6.2837e+08
31.2,29.3,6.43829e+08
31.2,29.4,6.59512e+08
31.2,29.5,6.7542e+08
31.2,29.6,6.91554e+08
31.2,29.7,7.07916e+08
31.2,29.8,7.24506e+08
31.2,29.9,7.41327e+08
31.2,30,7.58379e+08
31.2,30.1,7.75664e+08
31.2,30.2,7.93183e+08
31.2,30.3,8.10938e+08
31.2,30.4,8.28929e+08
31.2,30.5,8.47158e+08
31.2,30.6,8.65627e+08
31.2,30.7,8.84336e+08
31.2,30.8,9.03287e+08
31.2,30.9,9.22482e+08
31.2,31,9.41921e+08
31.2,31.1,9.61606e+08
31.2,31.2,9.81539e+08
31.2,31.3,9.94827e+08
31.2,31.4,1.00823e+09
31.2,31.5,1.02174e+09
31.2,31.6,1.03536e+09
31.2,31.7,1.0491e+09
31.2,31.8,1.06295e+09
31.2,31.9,1.07691e+09
31.2,32,1.09099e+09
31.2,32.1,1.10518e+09
31.2,32.2,1.11949e+09
31.2,32.3,1.13392e+09
31.2,32.4,1.14846e+09
31.2,32.5,1.16311e+09
31.2,32.6,1.17788e+09
31.2,32.7,1.19278e+09
31.2,32.8,1.20778e+09
31.2,32.9,1.22291e+09
31.2,33,1.23815e+09
31.2,33.1,1.25352e+09
31.2,33.2,1.269e+09
31.2,33.3,1.28461e+09
31.2,33.4,1.30033e+09
31.2,33.5,1.31618e+09
31.2,33.6,1.33214e+09
31.2,33.7,1.34823e+09
31.2,33.8,1.36444e+09
31.2,33.9,1.38078e+09
31.2,34,1.39723e+09
31.2,34.1,1.41382e+09
31.2,34.2,1.43052e+09
31.2,34.3,1.44735e+09
31.2,34.4,1.46431e+09
31.2,34.5,1.48139e+09
31.2,34.6,1.49859e+09
31.2,34.7,1.51593e+09
31.2,34.8,1.53339e+09
31.2,34.9,1.55098e+09
31.2,35,1.56869e+09
31.2,35.1,1.58654e+09
31.2,35.2,1.60451e+09
31.2,35.3,1.62261e+09
31.2,35.4,1.64084e+09
31.2,35.5,1.65921e+09
31.2,35.6,1.6777e+09
31.2,35.7,1.69633e+09
31.2,35.8,1.71508e+09
31.2,35.9,1.73397e+09
31.2,36,1.75299e+09
31.2,36.1,1.77215e+09
31.2,36.2,1.79143e+09
31.2,36.3,1.81086e+09
31.2,36.4,1.83041e+09
31.2,36.5,1.85011e+09
31.2,36.6,1.86993e+09
31.2,36.7,1.8899e+09
31.2,36.8,1.91e+09
31.2,36.9,1.93023e+09
31.2,37,1.95061e+09
31.2,37.1,1.97112e+09
31.2,37.2,1.99177e+09
31.2,37.3,2.01256e+09
31.2,37.4,2.03349e+09
31.2,37.5,2.05456e+09
31.2,37.6,2.07577e+09
31.2,37.7,2.09712e+09
31.2,37.8,2.11861e+09
31.2,37.9,2.14025e+09
31.2,38,2.16202e+09
31.2,38.1,2.18394e+09
31.2,38.2,2.20601e+09
31.2,38.3,2.22821e+09
31.2,38.4,2.25056e+09
31.2,38.5,2.27306e+09
31.2,38.6,2.2957e+09
31.2,38.7,2.31849e+09
31.2,38.8,2.34142e+09
31.2,38.9,2.3645e+09
31.2,39,2.38773e+09
31.2,39.1,2.4111e+09
31.2,39.2,2.43462e+09
31.2,39.3,2.4583e+09
31.2,39.4,2.48212e+09
31.2,39.5,2.50609e+09
31.2,39.6,2.53021e+09
31.2,39.7,2.55448e+09
31.2,39.8,2.57891e+09
31.2,39.9,2.60348e+09
31.3,20,3.53823e+07
31.3,20.1,3.17652e+07
31.3,20.2,2.83323e+07
31.3,20.3,2.50854e+07
31.3,20.4,2.20265e+07
31.3,20.5,1.91576e+07
31.3,20.6,1.64808e+07
31.3,20.7,1.3998e+07
31.3,20.8,1.17111e+07
31.3,20.9,9.6223e+06
31.3,21,7.7335e+06
31.3,21.1,6.04676e+06
31.3,21.2,4.5641e+06
31.3,21.3,3.28755e+06
31.3,21.4,2.21916e+06
31.3,21.5,1.36097e+06
31.3,21.6,715048
31.3,21.7,283446
31.3,21.8,68234.4
31.3,21.9,71488.6
31.3,22,295290
31.3,22.1,741726
31.3,22.2,1.41289e+06
31.3,22.3,2.31089e+06
31.3,22.4,3.43782e+06
31.3,22.5,4.79581e+06
31.3,22.6,6.38697e+06
31.3,22.7,8.21343e+06
31.3,22.8,1.02773e+07
31.3,22.9,1.25808e+07
31.3,23,1.5126e+07
31.3,23.1,1.79151e+07
31.3,23.2,2.09502e+07
31.3,23.3,2.42335e+07
31.3,23.4,2.77672e+07
31.3,23.5,3.15534e+07
31.3,23.6,3.55944e+07
31.3,23.7,3.98923e+07
31.3,23.8,4.44494e+07
31.3,23.9,4.92678e+07
31.3,24,5.43498e+07
31.3,24.1,5.96975e+07
31.3,24.2,6.53132e+07
31.3,24.3,7.11992e+07
31.3,24.4,7.73577e+07
31.3,24.5,8.37908e+07
31.3,24.6,9.0501e+07
31.3,24.7,9.74904e+07
31.3,24.8,1.04761e+08
31.3,24.9,1.12316e+08
31.3,25,1.20157e+08
31.3,25.1,1.28286e+08
31.3,25.2,1.36705e+08
31.3,25.3,1.45418e+08
31.3,25.4,1.54426e+08
31.3,25.5,1.63731e+08
31.3,25.6,1.73336e+08
31.3,25.7,1.83244e+08
31.3,25.8,1.93455e+08
31.3,25.9,2.03974e+08
31.3,26,2.14802e+08
31.3,26.1,2.25942e+08
31.3,26.2,2.37395e+08
31.3,26.3,2.49165e+08
31.3,26.4,2.61253e+08
31.3,26.5,2.73662e+08
31.3,26.6,2.86395e+08
31.3,26.7,2.99454e+08
31.3,26.8,3.1284e+08
31.3,26.9,3.26558e+08
31.3,27,3.40608e+08
31.3,27.1,3.54994e+08
31.3,27.2,3.69717e+08
31.3,27.3,3.84781e+08
31.3,27.4,3.84434e+08
31.3,27.5,4.1204e+08
31.3,27.6,4.24095e+08
31.3,27.7,4.36352e+08
31.3,27.8,4.48814e+08
31.3,27.9,4.61481e+08
31.3,28,4.74354e+08
31.3,28.1,4.87436e+08
31.3,28.2,5.00726e+08
31.3,28.3,5.14228e+08
31.3,28.4,5.2794e+08
31.3,28.5,5.41866e+08
31.3,28.6,5.56006e+08
31.3,28.7,5.70362e+08
31.3,28.8,5.84934e+08
31.3,28.9,5.99724e+08
31.3,29,6.14734e+08
31.3,29.1,6.29964e+08
31.3,29.2,6.45416e+08
31.3,29.3,6.61091e+08
31.3,29.4,6.7699e+08
31.3,29.5,6.93115e+08
31.3,29.6,7.09467e+08
31.3,29.7,7.26048e+08
31.3,29.8,7.42858e+08
31.3,29.9,7.59899e+08
31.3,30,7.77172e+08
31.3,30.1,7.94678e+08
31.3,30.2,8.12419e+08
31.3,30.3,8.30397e+08
31.3,30.4,8.48611e+08
31.3,30.5,8.67065e+08
31.3,30.6,8.85758e+08
31.3,30.7,9.04693e+08
31.3,30.8,9.23871e+08
31.3,30.9,9.43293e+08
31.3,31,9.6296e+08
31.3,31.1,9.82873e+08
31.3,31.2,1.00303e+09
31.3,31.3,1.02345e+09
31.3,31.4,1.03705e+09
31.3,31.5,1.05076e+09
31.3,31.6,1.06459e+09
31.3,31.7,1.07853e+09
31.3,31.8,1.09258e+09
31.3,31.9,1.10675e+09
31.3,32,1.12103e+09
31.3,32.1,1.13543e+09
31.3,32.2,1.14995e+09
31.3,32.3,1.16458e+09
31.3,32.4,1.17932e+09
31.3,32.5,1.19419e+09
31.3,32.6,1.20917e+09
31.3,32.7,1.22426e+09
31.3,32.8,1.23948e+09
31.3,32.9,1.25482e+09
31.3,33,1.27027e+09
31.3,33.1,1.28584e+09
31.3,33.2,1.30154e+09
31.3,33.3,1.31735e+09
31.3,33.4,1.33329e+09
31.3,33.5,1.34935e+09
31.3,33.6,1.36553e+09
31.3,33.7,1.38183e+09
31.3,33.8,1.39825e+09
31.3,33.9,1.4148e+09
31.3,34,1.43147e+09
31.3,34.1,1.44827e+09
31.3,34.2,1.46519e+09
31.3,34.3,1.48223e+09
31.3,34.4,1.4994e+09
31.3,34.5,1.5167e+09
31.3,34.6,1.53412e+09
31.3,34.7,1.55168e+09
31.3,34.8,1.56935e+09
31.3,34.9,1.58716e+09
31.3,35,1.60509e+09
31.3,35.1,1.62316e+09
31.3,35.2,1.64135e+09
31.3,35.3,1.65967e+09
31.3,35.4,1.67813e+09
31.3,35.5,1.69671e+09
31.3,35.6,1.71543e+09
31.3,35.7,1.73427e+09
31.3,35.8,1.75325e+09
31.3,35.9,1.77236e+09
31.3,36,1.79161e+09
31.3,36.1,1.81099e+09
31.3,36.2,1.8305e+09
31.3,36.3,1.85015e+09
31.3,36.4,1.86993e+09
31.3,36.5,1.88985e+09
31.3,36.6,1.9099e+09
31.3,36.7,1.93009e+09
31.3,36.8,1.95042e+09
31.3,36.9,1.97089e+09
31.3,37,1.99149e+09
31.3,37.1,2.01223e+09
31.3,37.2,2.03311e+09
31.3,37.3,2.05413e+09
31.3,37.4,2.07529e+09
31.3,37.5,2.09659e+09
31.3,37.6,2.11803e+09
31.3,37.7,2.13961e+09
31.3,37.8,2.16134e+09
31.3,37.9,2.18321e+09
31.3,38,2.20522e+09
31.3,38.1,2.22737e+09
31.3,38.2,2.24966e+09
31.3,38.3,2.27211e+09
31.3,38.4,2.29469e+09
31.3,38.5,2.31742e+09
31.3,38.6,2.3403e+09
31.3,38.7,2.36332e+09
31.3,38.8,2.38649e+09
31.3,38.9,2.40981e+09
31.3,39,2.43328e+09
31.3,39.1,2.45689e+09
31.3,39.2,2.48065e+09
31.3,39.3,2.50456e+09
31.3,39.4,2.52863e+09
31.3,39.5,2.55284e+09
31.3,39.6,2.5772e+09
31.3,39.7,2.60171e+09
31.3,39.8,2.62638e+09
31.3,39.9,2.6512e+09
31.4,20,3.16548e+07
31.4,20.1,2.82373e+07
31.4,20.2,2.50048e+07
31.4,20.3,2.19593e+07
31.4,20.4,1.91027e+07
31.4,20.5,1.6437e+07
31.4,20.6,1.39642e+07
31.4,20.7,1.16863e+07
31.4,20.8,9.60529e+06
31.4,20.9,7.72322e+06
31.4,21,6.04208e+06
31.4,21.1,4.56389e+06
31.4,21.2,3.29069e+06
31.4,21.3,2.22451e+06
31.4,21.4,1.3674e+06
31.4,21.5,721400
31.4,21.6,288569
31.4,21.7,70971.8
31.4,21.8,70676.7
31.4,21.9,289760
31.4,22,730303
31.4,22.1,1.3944e+06
31.4,22.2,2.28414e+06
31.4,22.3,3.40162e+06
31.4,22.4,4.74896e+06
31.4,22.5,6.32828e+06
31.4,22.6,8.14169e+06
31.4,22.7,1.01913e+07
31.4,22.8,1.24793e+07
31.4,22.9,1.50078e+07
31.4,23,1.77789e+07
31.4,23.1,2.07949e+07
31.4,23.2,2.40578e+07
31.4,23.3,2.75698e+07
31.4,23.4,3.13331e+07
31.4,23.5,3.535e+07
31.4,23.6,3.96225e+07
31.4,23.7,4.41528e+07
31.4,23.8,4.89433e+07
31.4,23.9,5.3996e+07
31.4,24,5.93132e+07
31.4,24.1,6.48971e+07
31.4,24.2,7.075e+07
31.4,24.3,7.6874e+07
31.4,24.4,8.32715e+07
31.4,24.5,8.99446e+07
31.4,24.6,9.68956e+07
31.4,24.7,1.04127e+08
31.4,24.8,1.1164e+08
31.4,24.9,1.19439e+08
31.4,25,1.27524e+08
31.4,25.1,1.35899e+08
31.4,25.2,1.44565e+08
31.4,25.3,1.53525e+08
31.4,25.4,1.62781e+08
31.4,25.5,1.72336e+08
31.4,25.6,1.82192e+08
31.4,25.7,1.9235e+08
31.4,25.8,2.02815e+08
31.4,25.9,2.13587e+08
31.4,26,2.24669e+08
31.4,26.1,2.36063e+08
31.4,26.2,2.47773e+08
31.4,26.3,2.598e+08
31.4,26.4,2.72146e+08
31.4,26.5,2.84814e+08
31.4,26.6,2.97807e+08
31.4,26.7,3.11127e+08
31.4,26.8,3.24775e+08
31.4,26.9,3.38755e+08
31.4,27,3.5307e+08
31.4,27.1,3.6772e+08
31.4,27.2,3.82709e+08
31.4,27.3,3.9804e+08
31.4,27.4,3.97694e+08
31.4,27.5,4.25771e+08
31.4,27.6,4.38031e+08
31.4,27.7,4.50494e+08
31.4,27.8,4.63162e+08
31.4,27.9,4.76036e+08
31.4,28,4.89117e+08
31.4,28.1,5.02407e+08
31.4,28.2,5.15907e+08
31.4,28.3,5.29618e+08
31.4,28.4,5.43541e+08
31.4,28.5,5.57678e+08
31.4,28.6,5.7203e+08
31.4,28.7,5.86598e+08
31.4,28.8,6.01384e+08
31.4,28.9,6.16388e+08
31.4,29,6.31612e+08
31.4,29.1,6.47057e+08
31.4,29.2,6.62725e+08
31.4,29.3,6.78617e+08
31.4,29.4,6.94734e+08
31.4,29.5,7.11077e+08
31.4,29.6,7.27648e+08
31.4,29.7,7.44447e+08
31.4,29.8,7.61478e+08
31.4,29.9,7.78739e+08
31.4,30,7.96234e+08
31.4,30.1,8.13962e+08
31.4,30.2,8.31926e+08
31.4,30.3,8.50127e+08
31.4,30.4,8.68566e+08
31.4,30.5,8.87245e+08
31.4,30.6,9.06164e+08
31.4,30.7,9.25325e+08
31.4,30.8,9.4473e+08
31.4,30.9,9.64379e+08
31.4,31,9.84274e+08
31.4,31.1,1.00442e+09
31.4,31.2,1.02481e+09
31.4,31.3,1.04545e+09
31.4,31.4,1.06634e+09
31.4,31.5,1.08026e+09
31.4,31.6,1.09429e+09
31.4,31.7,1.10844e+09
31.4,31.8,1.12269e+09
31.4,31.9,1.13707e+09
31.4,32,1.15156e+09
31.4,32.1,1.16616e+09
31.4,32.2,1.18088e+09
31.4,32.3,1.19572e+09
31.4,32.4,1.21067e+09
31.4,32.5,1.22574e+09
31.4,32.6,1.24093e+09
31.4,32.7,1.25624e+09
31.4,32.8,1.27166e+09
31.4,32.9,1.28721e+09
31.4,33,1.30287e+09
31.4,33.1,1.31866e+09
31.4,33.2,1.33456e+09
31.4,33.3,1.35059e+09
31.4,33.4,1.36674e+09
31.4,33.5,1.38301e+09
31.4,33.6,1.3994e+09
31.4,33.7,1.41591e+09
31.4,33.8,1.43255e+09
31.4,33.9,1.44931e+09
31.4,34,1.4662e+09
31.4,34.1,1.48321e+09
31.4,34.2,1.50035e+09
31.4,34.3,1.51761e+09
31.4,34.4,1.535e+09
31.4,34.5,1.55251e+09
31.4,34.6,1.57015e+09
31.4,34.7,1.58792e+09
31.4,34.8,1.60582e+09
31.4,34.9,1.62385e+09
31.4,35,1.642e+09
31.4,35.1,1.66028e+09
31.4,35.2,1.6787e+09
31.4,35.3,1.69724e+09
31.4,35.4,1.71592e+09
31.4,35.5,1.73472e+09
31.4,35.6,1.75366e+09
31.4,35.7,1.77273e+09
31.4,35.8,1.79193e+09
31.4,35.9,1.81127e+09
31.4,36,1.83074e+09
31.4,36.1,1.85034e+09
31.4,36.2,1.87008e+09
31.4,36.3,1.88995e+09
31.4,36.4,1.90996e+09
31.4,36.5,1.93011e+09
31.4,36.6,1.95039e+09
31.4,36.7,1.97081e+09
31.4,36.8,1.99136e+09
31.4,36.9,2.01205e+09
31.4,37,2.03289e+09
31.4,37.1,2.05386e+09
31.4,37.2,2.07497e+09
31.4,37.3,2.09622e+09
31.4,37.4,2.11761e+09
31.4,37.5,2.13914e+09
31.4,37.6,2.16082e+09
31.4,37.7,2.18263e+09
31.4,37.8,2.20459e+09
31.4,37.9,2.22669e+09
31.4,38,2.24893e+09
31.4,38.1,2.27132e+09
31.4,38.2,2.29385e+09
31.4,38.3,2.31653e+09
31.4,38.4,2.33935e+09
31.4,38.5,2.36232e+09
31.4,38.6,2.38543e+09
31.4,38.7,2.40869e+09
31.4,38.8,2.4321e+09
31.4,38.9,2.45566e+09
31.4,39,2.47936e+09
31.4,39.1,2.50321e+09
31.4,39.2,2.52722e+09
31.4,39.3,2.55137e+09
31.4,39.4,2.57567e+09
31.4,39.5,2.60012e+09
31.4,39.6,2.62473e+09
31.4,39.7,2.64949e+09
31.4,39.8,2.67439e+09
31.4,39.9,2.69946e+09
31.5,20,2.81278e+07
31.5,20.1,2.49105e+07
31.5,20.2,2.18792e+07
31.5,20.3,1.90356e+07
31.5,20.4,1.63819e+07
31.5,20.5,1.39201e+07
31.5,20.6,1.1652e+07
31.5,20.7,9.57971e+06
31.5,20.8,7.70524e+06
31.5,20.9,6.0306e+06
31.5,21,4.55778e+06
31.5,21.1,3.28883e+06
31.5,21.2,2.22578e+06
31.5,21.3,1.37065e+06
31.5,21.4,725491
31.5,21.5,292359
31.5,21.6,73308.5
31.5,21.7,70402.7
31.5,21.8,285712
31.5,21.9,721314
31.5,22,1.37929e+06
31.5,22.1,2.26174e+06
31.5,22.2,3.37074e+06
31.5,22.3,4.70842e+06
31.5,22.4,6.27687e+06
31.5,22.5,8.07821e+06
31.5,22.6,1.01146e+07
31.5,22.7,1.23881e+07
31.5,22.8,1.49009e+07
31.5,22.9,1.76551e+07
31.5,23,2.06528e+07
31.5,23.1,2.38964e+07
31.5,23.2,2.73878e+07
31.5,23.3,3.11292e+07
31.5,23.4,3.51229e+07
31.5,23.5,3.93711e+07
31.5,23.6,4.38758e+07
31.5,23.7,4.86393e+07
31.5,23.8,5.36639e+07
31.5,23.9,5.89516e+07
31.5,24,6.45048e+07
31.5,24.1,7.03256e+07
31.5,24.2,7.64164e+07
31.5,24.3,8.27792e+07
31.5,24.4,8.94164e+07
31.5,24.5,9.63302e+07
31.5,24.6,1.03523e+08
31.5,24.7,1.10997e+08
31.5,24.8,1.18754e+08
31.5,24.9,1.26797e+08
31.5,25,1.35127e+08
31.5,25.1,1.43748e+08
31.5,25.2,1.52662e+08
31.5,25.3,1.6187e+08
31.5,25.4,1.71376e+08
31.5,25.5,1.81181e+08
31.5,25.6,1.91287e+08
31.5,25.7,2.01698e+08
31.5,25.8,2.12415e+08
31.5,25.9,2.23441e+08
31.5,26,2.34778e+08
31.5,26.1,2.46429e+08
31.5,26.2,2.58395e+08
31.5,26.3,2.7068e+08
31.5,26.4,2.83285e+08
31.5,26.5,2.96213e+08
31.5,26.6,3.09467e+08
31.5,26.7,3.23048e+08
31.5,26.8,3.36959e+08
31.5,26.9,3.51203e+08
31.5,27,3.65782e+08
31.5,27.1,3.80698e+08
31.5,27.2,3.95954e+08
31.5,27.3,4.11552e+08
31.5,27.4,4.11207e+08
31.5,27.5,4.39757e+08
31.5,27.6,4.52222e+08
31.5,27.7,4.64891e+08
31.5,27.8,4.77766e+08
31.5,27.9,4.90848e+08
31.5,28,5.04138e+08
31.5,28.1,5.17637e+08
31.5,28.2,5.31347e+08
31.5,28.3,5.45268e+08
31.5,28.4,5.59403e+08
31.5,28.5,5.73751e+08
31.5,28.6,5.88316e+08
31.5,28.7,6.03097e+08
31.5,28.8,6.18096e+08
31.5,28.9,6.33315e+08
31.5,29,6.48754e+08
31.5,29.1,6.64416e+08
31.5,29.2,6.803e+08
31.5,29.3,6.96409e+08
31.5,29.4,7.12744e+08
31.5,29.5,7.29306e+08
31.5,29.6,7.46096e+08
31.5,29.7,7.63116e+08
31.5,29.8,7.80367e+08
31.5,29.9,7.9785e+08
31.5,30,8.15566e+08
31.5,30.1,8.33518e+08
31.5,30.2,8.51706e+08
31.5,30.3,8.70131e+08
31.5,30.4,8.88795e+08
31.5,30.5,9.07699e+08
31.5,30.6,9.26844e+08
31.5,30.7,9.46232e+08
31.5,30.8,9.65865e+08
31.5,30.9,9.85742e+08
31.5,31,1.00587e+09
31.5,31.1,1.02624e+09
31.5,31.2,1.04686e+09
31.5,31.3,1.06773e+09
31.5,31.4,1.08886e+09
31.5,31.5,1.11024e+09
31.5,31.6,1.12447e+09
31.5,31.7,1.13882e+09
31.5,31.8,1.15329e+09
31.5,31.9,1.16787e+09
31.5,32,1.18256e+09
31.5,32.1,1.19737e+09
31.5,32.2,1.2123e+09
31.5,32.3,1.22734e+09
31.5,32.4,1.2425e+09
31.5,32.5,1.25778e+09
31.5,32.6,1.27318e+09
31.5,32.7,1.2887e+09
31.5,32.8,1.30433e+09
31.5,32.9,1.32009e+09
31.5,33,1.33596e+09
31.5,33.1,1.35196e+09
31.5,33.2,1.36808e+09
31.5,33.3,1.38432e+09
31.5,33.4,1.40068e+09
31.5,33.5,1.41716e+09
31.5,33.6,1.43377e+09
31.5,33.7,1.4505e+09
31.5,33.8,1.46735e+09
31.5,33.9,1.48433e+09
31.5,34,1.50143e+09
31.5,34.1,1.51866e+09
31.5,34.2,1.53601e+09
31.5,34.3,1.55349e+09
31.5,34.4,1.57109e+09
31.5,34.5,1.58882e+09
31.5,34.6,1.60668e+09
31.5,34.7,1.62467e+09
31.5,34.8,1.64279e+09
31.5,34.9,1.66103e+09
31.5,35,1.67941e+09
31.5,35.1,1.69791e+09
31.5,35.2,1.71655e+09
31.5,35.3,1.73532e+09
31.5,35.4,1.75421e+09
31.5,35.5,1.77324e+09
31.5,35.6,1.7924e+09
31.5,35.7,1.8117e+09
31.5,35.8,1.83112e+09
31.5,35.9,1.85068e+09
31.5,36,1.87038e+09
31.5,36.1,1.89021e+09
31.5,36.2,1.91017e+09
31.5,36.3,1.93027e+09
31.5,36.4,1.95051e+09
31.5,36.5,1.97088e+09
31.5,36.6,1.99139e+09
31.5,36.7,2.01204e+09
31.5,36.8,2.03282e+09
31.5,36.9,2.05374e+09
31.5,37,2.07481e+09
31.5,37.1,2.09601e+09
31.5,37.2,2.11735e+09
31.5,37.3,2.13883e+09
31.5,37.4,2.16046e+09
31.5,37.5,2.18222e+09
31.5,37.6,2.20413e+09
31.5,37.7,2.22617e+09
31.5,37.8,2.24837e+09
31.5,37.9,2.2707e+09
31.5,38,2.29318e+09
31.5,38.1,2.3158e+09
31.5,38.2,2.33857e+09
31.5,38.3,2.36148e+09
31.5,38.4,2.38454e+09
31.5,38.5,2.40775e+09
31.5,38.6,2.4311e+09
31.5,38.7,2.4546e+09
31.5,38.8,2.47824e+09
31.5,38.9,2.50204e+09
31.5,39,2.52598e+09
31.5,39.1,2.55008e+09
31.5,39.2,2.57432e+09
31.5,39.3,2.59871e+09
31.5,39.4,2.62326e+09
31.5,39.5,2.64795e+09
31.5,39.6,2.6728e+09
31.5,39.7,2.6978e+09
31.5,39.8,2.72295e+09
31.5,39.9,2.74826e+09
31.6,20,2.48025e+07
31.6,20.1,2.17862e+07
31.6,20.2,1.89566e+07
31.6,20.3,1.63158e+07
31.6,20.4,1.38657e+07
31.6,20.5,1.16083e+07
31.6,20.6,9.54558e+06
31.6,20.7,7.6796e+06
31.6,20.8,6.01233e+06
31.6,20.9,4.54578e+06
31.6,21,3.28198e+06
31.6,21.1,2.22294e+06
31.6,21.2,1.37071e+06
31.6,21.3,727308
31.6,21.4,294794
31.6,21.5,75215.2
31.6,21.6,70630.2
31.6,21.7,283104
31.6,21.8,714708
31.6,21.9,1.36752e+06
31.6,22,2.24363e+06
31.6,22.1,3.34511e+06
31.6,22.2,4.67409e+06
31.6,22.3,6.23264e+06
31.6,22.4,8.0229e+06
31.6,22.5,1.0047e+07
31.6,22.6,1.2307e+07
31.6,22.7,1.48051e+07
31.6,22.8,1.75433e+07
31.6,22.9,2.0524e+07
31.6,23,2.37491e+07
31.6,23.1,2.72209e+07
31.6,23.2,3.09415e+07
31.6,23.3,3.49132e+07
31.6,23.4,3.91379e+07
31.6,23.5,4.36181e+07
31.6,23.6,4.83558e+07
31.6,23.7,5.33532e+07
31.6,23.8,5.86125e+07
31.6,23.9,6.41361e+07
31.6,24,6.99259e+07
31.6,24.1,7.59844e+07
31.6,24.2,8.23137e+07
31.6,24.3,8.8916e+07
31.6,24.4,9.57937e+07
31.6,24.5,1.02949e+08
31.6,24.6,1.10384e+08
31.6,24.7,1.18101e+08
31.6,24.8,1.26102e+08
31.6,24.9,1.3439e+08
31.6,25,1.42967e+08
31.6,25.1,1.51835e+08
31.6,25.2,1.60997e+08
31.6,25.3,1.70454e+08
31.6,25.4,1.8021e+08
31.6,25.5,1.90266e+08
31.6,25.6,2.00624e+08
31.6,25.7,2.11288e+08
31.6,25.8,2.22259e+08
31.6,25.9,2.33539e+08
31.6,26,2.45132e+08
31.6,26.1,2.57039e+08
31.6,26.2,2.69263e+08
31.6,26.3,2.81807e+08
31.6,26.4,2.94671e+08
31.6,26.5,3.0786e+08
31.6,26.6,3.21375e+08
31.6,26.7,3.35219e+08
31.6,26.8,3.49393e+08
31.6,26.9,3.63901e+08
31.6,27,3.78746e+08
31.6,27.1,3.93928e+08
31.6,27.2,4.09451e+08
31.6,27.3,4.25318e+08
31.6,27.4,4.24975e+08
31.6,27.5,4.53998e+08
31.6,27.6,4.66669e+08
31.6,27.7,4.79546e+08
31.6,27.8,4.92628e+08
31.6,27.9,5.05919e+08
31.6,28,5.19417e+08
31.6,28.1,5.33126e+08
31.6,28.2,5.47046e+08
31.6,28.3,5.61179e+08
31.6,28.4,5.75525e+08
31.6,28.5,5.90087e+08
31.6,28.6,6.04864e+08
31.6,28.7,6.19859e+08
31.6,28.8,6.35073e+08
31.6,28.9,6.50507e+08
31.6,29,6.66162e+08
31.6,29.1,6.8204e+08
31.6,29.2,6.98142e+08
31.6,29.3,7.14469e+08
31.6,29.4,7.31023e+08
31.6,29.5,7.47804e+08
31.6,29.6,7.64814e+08
31.6,29.7,7.82055e+08
31.6,29.8,7.99527e+08
31.6,29.9,8.17232e+08
31.6,30,8.35171e+08
31.6,30.1,8.53346e+08
31.6,30.2,8.71758e+08
31.6,30.3,8.90408e+08
31.6,30.4,9.09298e+08
31.6,30.5,9.28428e+08
31.6,30.6,9.47801e+08
31.6,30.7,9.67417e+08
31.6,30.8,9.87277e+08
31.6,30.9,1.00738e+09
31.6,31,1.02774e+09
31.6,31.1,1.04834e+09
31.6,31.2,1.06919e+09
31.6,31.3,1.0903e+09
31.6,31.4,1.11166e+09
31.6,31.5,1.13327e+09
31.6,31.6,1.15514e+09
31.6,31.7,1.16969e+09
31.6,31.8,1.18436e+09
31.6,31.9,1.19915e+09
31.6,32,1.21405e+09
31.6,32.1,1.22907e+09
31.6,32.2,1.2442e+09
31.6,32.3,1.25945e+09
31.6,32.4,1.27483e+09
31.6,32.5,1.29031e+09
31.6,32.6,1.30592e+09
31.6,32.7,1.32165e+09
31.6,32.8,1.3375e+09
31.6,32.9,1.35346e+09
31.6,33,1.36955e+09
31.6,33.1,1.38576e+09
31.6,33.2,1.40209e+09
31.6,33.3,1.41854e+09
31.6,33.4,1.43511e+09
31.6,33.5,1.45181e+09
31.6,33.6,1.46863e+09
31.6,33.7,1.48558e+09
31.6,33.8,1.50264e+09
31.6,33.9,1.51984e+09
31.6,34,1.53716e+09
31.6,34.1,1.5546e+09
31.6,34.2,1.57217e+09
31.6,34.3,1.58987e+09
31.6,34.4,1.60769e+09
31.6,34.5,1.62564e+09
31.6,34.6,1.64372e+09
31.6,34.7,1.66193e+09
31.6,34.8,1.68027e+09
31.6,34.9,1.69873e+09
31.6,35,1.71733e+09
31.6,35.1,1.73605e+09
31.6,35.2,1.75491e+09
31.6,35.3,1.7739e+09
31.6,35.4,1.79302e+09
31.6,35.5,1.81227e+09
31.6,35.6,1.83166e+09
31.6,35.7,1.85118e+09
31.6,35.8,1.87083e+09
31.6,35.9,1.89061e+09
31.6,36,1.91053e+09
31.6,36.1,1.93059e+09
31.6,36.2,1.95078e+09
31.6,36.3,1.97111e+09
31.6,36.4,1.99157e+09
31.6,36.5,2.01217e+09
31.6,36.6,2.03291e+09
31.6,36.7,2.05379e+09
31.6,36.8,2.0748e+09
31.6,36.9,2.09596e+09
31.6,37,2.11725e+09
31.6,37.1,2.13868e+09
31.6,37.2,2.16026e+09
31.6,37.3,2.18197e+09
31.6,37.4,2.20383e+09
31.6,37.5,2.22582e+09
31.6,37.6,2.24796e+09
31.6,37.7,2.27025e+09
31.6,37.8,2.29267e+09
31.6,37.9,2.31524e+09
31.6,38,2.33796e+09
31.6,38.1,2.36082e+09
31.6,38.2,2.38382e+09
31.6,38.3,2.40697e+09
31.6,38.4,2.43027e+09
31.6,38.5,2.45371e+09
31.6,38.6,2.4773e+09
31.6,38.7,2.50104e+09
31.6,38.8,2.52493e+09
31.6,38.9,2.54896e+09
31.6,39,2.57315e+09
31.6,39.1,2.59748e+09
31.6,39.2,2.62197e+09
31.6,39.3,2.6466e+09
31.6,39.4,2.67139e+09
31.6,39.5,2.69633e+09
31.6,39.6,2.72142e+09
31.6,39.7,2.74666e+09
31.6,39.8,2.77206e+09
31.6,39.9,2.79761e+09
31.7,20,2.16804e+07
31.7,20.1,1.88656e+07
31.7,20.2,1.62385e+07
31.7,20.3,1.3801e+07
31.7,20.4,1.15552e+07
31.7,20.5,9.50295e+06
31.7,20.6,7.64633e+06
31.7,20.7,5.98731e+06
31.7,20.8,4.52791e+06
31.7,20.9,3.27014e+06
31.7,21,2.21602e+06
31.7,21.1,1.36758e+06
31.7,21.2,726847
31.7,21.3,295863
31.7,21.4,76674.4
31.7,21.5,71334.3
31.7,21.6,281902
31.7,21.7,710444
31.7,21.8,1.35903e+06
31.7,21.9,2.22975e+06
31.7,22,3.32467e+06
31.7,22.1,4.6459e+06
31.7,22.2,6.19553e+06
31.7,22.3,7.97568e+06
31.7,22.4,9.98844e+06
31.7,22.5,1.22359e+07
31.7,22.6,1.47203e+07
31.7,22.7,1.74437e+07
31.7,22.8,2.04082e+07
31.7,22.9,2.36159e+07
31.7,23,2.70691e+07
31.7,23.1,3.07699e+07
31.7,23.2,3.47205e+07
31.7,23.3,3.8923e+07
31.7,23.4,4.33795e+07
31.7,23.5,4.80924e+07
31.7,23.6,5.30638e+07
31.7,23.7,5.82958e+07
31.7,23.8,6.37907e+07
31.7,23.9,6.95507e+07
31.7,24,7.5578e+07
31.7,24.1,8.18748e+07
31.7,24.2,8.84434e+07
31.7,24.3,9.5286e+07
31.7,24.4,1.02405e+08
31.7,24.5,1.09802e+08
31.7,24.6,1.1748e+08
31.7,24.7,1.25441e+08
31.7,24.8,1.33688e+08
31.7,24.9,1.42222e+08
31.7,25,1.51046e+08
31.7,25.1,1.60161e+08
31.7,25.2,1.69572e+08
31.7,25.3,1.79279e+08
31.7,25.4,1.89285e+08
31.7,25.5,1.99593e+08
31.7,25.6,2.10204e+08
31.7,25.7,2.21121e+08
31.7,25.8,2.32346e+08
31.7,25.9,2.43883e+08
31.7,26,2.55732e+08
31.7,26.1,2.67897e+08
31.7,26.2,2.80379e+08
31.7,26.3,2.93181e+08
31.7,26.4,3.06307e+08
31.7,26.5,3.19756e+08
31.7,26.6,3.33534e+08
31.7,26.7,3.4764e+08
31.7,26.8,3.62079e+08
31.7,26.9,3.76853e+08
31.7,27,3.91963e+08
31.7,27.1,4.07413e+08
31.7,27.2,4.23204e+08
31.7,27.3,4.3934e+08
31.7,27.4,4.38998e+08
31.7,27.5,4.68496e+08
31.7,27.6,4.81374e+08
31.7,27.7,4.94458e+08
31.7,27.8,5.0775e+08
31.7,27.9,5.21249e+08
31.7,28,5.34957e+08
31.7,28.1,5.48877e+08
31.7,28.2,5.63008e+08
31.7,28.3,5.77352e+08
31.7,28.4,5.91911e+08
31.7,28.5,6.06686e+08
31.7,28.6,6.21677e+08
31.7,28.7,6.36887e+08
31.7,28.8,6.52316e+08
31.7,28.9,6.67966e+08
31.7,29,6.83837e+08
31.7,29.1,6.99933e+08
31.7,29.2,7.16252e+08
31.7,29.3,7.32798e+08
31.7,29.4,7.49571e+08
31.7,29.5,7.66572e+08
31.7,29.6,7.83803e+08
31.7,29.7,8.01265e+08
31.7,29.8,8.18959e+08
31.7,29.9,8.36887e+08
31.7,30,8.5505e+08
31.7,30.1,8.73449e+08
31.7,30.2,8.92086e+08
31.7,30.3,9.10962e+08
31.7,30.4,9.30077e+08
31.7,30.5,9.49435e+08
31.7,30.6,9.69035e+08
31.7,30.7,9.88879e+08
31.7,30.8,1.00897e+09
31.7,30.9,1.02931e+09
31.7,31,1.04989e+09
31.7,31.1,1.07072e+09
31.7,31.2,1.09181e+09
31.7,31.3,1.11315e+09
31.7,31.4,1.13474e+09
31.7,31.5,1.15658e+09
31.7,31.6,1.17869e+09
31.7,31.7,1.20105e+09
31.7,31.8,1.21592e+09
31.7,31.9,1.23092e+09
31.7,32,1.24602e+09
31.7,32.1,1.26125e+09
31.7,32.2,1.2766e+09
31.7,32.3,1.29206e+09
31.7,32.4,1.30764e+09
31.7,32.5,1.32334e+09
31.7,32.6,1.33915e+09
31.7,32.7,1.35509e+09
31.7,32.8,1.37115e+09
31.7,32.9,1.38733e+09
31.7,33,1.40363e+09
31.7,33.1,1.42005e+09
31.7,33.2,1.43659e+09
31.7,33.3,1.45326e+09
31.7,33.4,1.47005e+09
31.7,33.5,1.48696e+09
31.7,33.6,1.504e+09
31.7,33.7,1.52116e+09
31.7,33.8,1.53844e+09
31.7,33.9,1.55585e+09
31.7,34,1.57339e+09
31.7,34.1,1.59105e+09
31.7,34.2,1.60884e+09
31.7,34.3,1.62675e+09
31.7,34.4,1.6448e+09
31.7,34.5,1.66297e+09
31.7,34.6,1.68127e+09
31.7,34.7,1.69969e+09
31.7,34.8,1.71825e+09
31.7,34.9,1.73694e+09
31.7,35,1.75576e+09
31.7,35.1,1.77471e+09
31.7,35.2,1.79379e+09
31.7,35.3,1.813e+09
31.7,35.4,1.83234e+09
31.7,35.5,1.85182e+09
31.7,35.6,1.87143e+09
31.7,35.7,1.89117e+09
31.7,35.8,1.91105e+09
31.7,35.9,1.93106e+09
31.7,36,1.95121e+09
31.7,36.1,1.97149e+09
31.7,36.2,1.99191e+09
31.7,36.3,2.01247e+09
31.7,36.4,2.03316e+09
31.7,36.5,2.05399e+09
31.7,36.6,2.07496e+09
31.7,36.7,2.09607e+09
31.7,36.8,2.11731e+09
31.7,36.9,2.1387e+09
31.7,37,2.16022e+09
31.7,37.1,2.18189e+09
31.7,37.2,2.20369e+09
31.7,37.3,2.22564e+09
31.7,37.4,2.24773e+09
31.7,37.5,2.26996e+09
31.7,37.6,2.29234e+09
31.7,37.7,2.31485e+09
31.7,37.8,2.33752e+09
31.7,37.9,2.36032e+09
31.7,38,2.38327e+09
31.7,38.1,2.40637e+09
31.7,38.2,2.42961e+09
31.7,38.3,2.453e+09
31.7,38.4,2.47653e+09
31.7,38.5,2.50022e+09
31.7,38.6,2.52405e+09
31.7,38.7,2.54802e+09
31.7,38.8,2.57215e+09
31.7,38.9,2.59643e+09
31.7,39,2.62085e+09
31.7,39.1,2.64543e+09
31.7,39.2,2.67016e+09
31.7,39.3,2.69504e+09
31.7,39.4,2.72007e+09
31.7,39.5,2.74525e+09
31.7,39.6,2.77058e+09
31.7,39.7,2.79607e+09
31.7,39.8,2.82171e+09
31.7,39.9,2.84751e+09
31.8,20,1.87629e+07
31.8,20.1,1.61503e+07
31.8,20.2,1.37263e+07
31.8,20.3,1.14928e+07
31.8,20.4,9.45189e+06
31.8,20.5,7.60548e+06
31.8,20.6,5.95559e+06
31.8,20.7,4.50421e+06
31.8,20.8,3.25336e+06
31.8,20.9,2.20504e+06
31.8,21,1.36129e+06
31.8,21.1,724117
31.8,21.2,295568
31.8,21.3,77680.2
31.8,21.4,72501.9
31.8,21.5,282087
31.8,21.6,708495
31.8,21.7,1.35379e+06
31.8,21.8,2.22006e+06
31.8,21.9,3.30937e+06
31.8,22,4.62381e+06
31.8,22.1,6.16547e+06
31.8,22.2,7.93646e+06
31.8,22.3,9.93889e+06
31.8,22.4,1.21749e+07
31.8,22.5,1.46465e+07
31.8,22.6,1.73559e+07
31.8,22.7,2.03053e+07
31.8,22.8,2.34967e+07
31.8,22.9,2.69323e+07
31.8,23,3.06143e+07
31.8,23.1,3.45448e+07
31.8,23.2,3.8726e+07
31.8,23.3,4.316e+07
31.8,23.4,4.78491e+07
31.8,23.5,5.27954e+07
31.8,23.6,5.80012e+07
31.8,23.7,6.34685e+07
31.8,23.8,6.91997e+07
31.8,23.9,7.51969e+07
31.8,24,8.14623e+07
31.8,24.1,8.79982e+07
31.8,24.2,9.48069e+07
31.8,24.3,1.0189e+08
31.8,24.4,1.09251e+08
31.8,24.5,1.16891e+08
31.8,24.6,1.24813e+08
31.8,24.7,1.33019e+08
31.8,24.8,1.41511e+08
31.8,24.9,1.50292e+08
31.8,25,1.59363e+08
31.8,25.1,1.68728e+08
31.8,25.2,1.78388e+08
31.8,25.3,1.88345e+08
31.8,25.4,1.98603e+08
31.8,25.5,2.09163e+08
31.8,25.6,2.20027e+08
31.8,25.7,2.31199e+08
31.8,25.8,2.4268e+08
31.8,25.9,2.54472e+08
31.8,26,2.66579e+08
31.8,26.1,2.79002e+08
31.8,26.2,2.91743e+08
31.8,26.3,3.04806e+08
31.8,26.4,3.18192e+08
31.8,26.5,3.31904e+08
31.8,26.6,3.45944e+08
31.8,26.7,3.60315e+08
31.8,26.8,3.75019e+08
31.8,26.9,3.90058e+08
31.8,27,4.05435e+08
31.8,27.1,4.21153e+08
31.8,27.2,4.37213e+08
31.8,27.3,4.53618e+08
31.8,27.4,4.53279e+08
31.8,27.5,4.83252e+08
31.8,27.6,4.96339e+08
31.8,27.7,5.09631e+08
31.8,27.8,5.23131e+08
31.8,27.9,5.3684e+08
31.8,28,5.50759e+08
31.8,28.1,5.6489e+08
31.8,28.2,5.79233e+08
31.8,28.3,5.93789e+08
31.8,28.4,6.08561e+08
31.8,28.5,6.2355e+08
31.8,28.6,6.38756e+08
31.8,28.7,6.5418e+08
31.8,28.8,6.69825e+08
31.8,28.9,6.85692e+08
31.8,29,7.01781e+08
31.8,29.1,7.18094e+08
31.8,29.2,7.34632e+08
31.8,29.3,7.51397e+08
31.8,29.4,7.6839e+08
31.8,29.5,7.85612e+08
31.8,29.6,8.03064e+08
31.8,29.7,8.20748e+08
31.8,29.8,8.38665e+08
31.8,29.9,8.56817e+08
31.8,30,8.75204e+08
31.8,30.1,8.93828e+08
31.8,30.2,9.1269e+08
31.8,30.3,9.31792e+08
31.8,30.4,9.51135e+08
31.8,30.5,9.7072e+08
31.8,30.6,9.90548e+08
31.8,30.7,1.01062e+09
31.8,30.8,1.03094e+09
31.8,30.9,1.05151e+09
31.8,31,1.07232e+09
31.8,31.1,1.09339e+09
31.8,31.2,1.11471e+09
31.8,31.3,1.13628e+09
31.8,31.4,1.1581e+09
31.8,31.5,1.18018e+09
31.8,31.6,1.20252e+09
31.8,31.7,1.22512e+09
31.8,31.8,1.24797e+09
31.8,31.9,1.26317e+09
31.8,32,1.27849e+09
31.8,32.1,1.29393e+09
31.8,32.2,1.30948e+09
31.8,32.3,1.32515e+09
31.8,32.4,1.34094e+09
31.8,32.5,1.35685e+09
31.8,32.6,1.37288e+09
31.8,32.7,1.38903e+09
31.8,32.8,1.4053e+09
31.8,32.9,1.42169e+09
31.8,33,1.43821e+09
31.8,33.1,1.45484e+09
31.8,33.2,1.4716e+09
31.8,33.3,1.48848e+09
31.8,33.4,1.50548e+09
31.8,33.5,1.52261e+09
31.8,33.6,1.53986e+09
31.8,33.7,1.55724e+09
31.8,33.8,1.57474e+09
31.8,33.9,1.59237e+09
31.8,34,1.61012e+09
31.8,34.1,1.628e+09
31.8,34.2,1.64601e+09
31.8,34.3,1.66415e+09
31.8,34.4,1.68241e+09
31.8,34.5,1.7008e+09
31.8,34.6,1.71932e+09
31.8,34.7,1.73797e+09
31.8,34.8,1.75675e+09
31.8,34.9,1.77566e+09
31.8,35,1.7947e+09
31.8,35.1,1.81387e+09
31.8,35.2,1.83318e+09
31.8,35.3,1.85261e+09
31.8,35.4,1.87218e+09
31.8,35.5,1.89188e+09
31.8,35.6,1.91172e+09
31.8,35.7,1.93169e+09
31.8,35.8,1.95179e+09
31.8,35.9,1.97203e+09
31.8,36,1.99241e+09
31.8,36.1,2.01292e+09
31.8,36.2,2.03357e+09
31.8,36.3,2.05435e+09
31.8,36.4,2.07527e+09
31.8,36.5,2.09633e+09
31.8,36.6,2.11753e+09
31.8,36.7,2.13887e+09
31.8,36.8,2.16035e+09
31.8,36.9,2.18196e+09
31.8,37,2.20372e+09
31.8,37.1,2.22562e+09
31.8,37.2,2.24766e+09
31.8,37.3,2.26984e+09
31.8,37.4,2.29216e+09
31.8,37.5,2.31463e+09
31.8,37.6,2.33724e+09
31.8,37.7,2.36e+09
31.8,37.8,2.38289e+09
31.8,37.9,2.40594e+09
31.8,38,2.42912e+09
31.8,38.1,2.45246e+09
31.8,38.2,2.47594e+09
31.8,38.3,2.49957e+09
31.8,38.4,2.52334e+09
31.8,38.5,2.54726e+09
31.8,38.6,2.57133e+09
31.8,38.7,2.59555e+09
31.8,38.8,2.61992e+09
31.8,38.9,2.64444e+09
31.8,39,2.66911e+09
31.8,39.1,2.69393e+09
31.8,39.2,2.7189e+09
31.8,39.3,2.74402e+09
31.8,39.4,2.76929e+09
31.8,39.5,2.79472e+09
31.8,39.6,2.8203e+09
31.8,39.7,2.84604e+09
31.8,39.8,2.87192e+09
31.8,39.9,2.89797e+09
31.9,20,1.60511e+07
31.9,20.1,1.36415e+07
31.9,20.2,1.14212e+07
31.9,20.3,9.39246e+06
31.9,20.4,7.55713e+06
31.9,20.5,5.91722e+06
31.9,20.6,4.47473e+06
31.9,20.7,3.23167e+06
31.9,20.8,2.19004e+06
31.9,20.9,1.35185e+06
31.9,21,719138
31.9,21.1,293921
31.9,21.2,78238.4
31.9,21.3,74131.4
31.9,21.4,283649
31.9,21.5,708845
31.9,21.6,1.35178e+06
31.9,21.7,2.21453e+06
31.9,21.8,3.29916e+06
31.9,21.9,4.60776e+06
31.9,22,6.14241e+06
31.9,22.1,7.9052e+06
31.9,22.2,9.89825e+06
31.9,22.3,1.21237e+07
31.9,22.4,1.45835e+07
31.9,22.5,1.728e+07
31.9,22.6,2.02152e+07
31.9,22.7,2.33912e+07
31.9,22.8,2.68103e+07
31.9,22.9,3.04744e+07
31.9,23,3.43859e+07
31.9,23.1,3.85468e+07
31.9,23.2,4.29594e+07
31.9,23.3,4.76257e+07
31.9,23.4,5.2548e+07
31.9,23.5,5.77285e+07
31.9,23.6,6.31693e+07
31.9,23.7,6.88727e+07
31.9,23.8,7.48409e+07
31.9,23.9,8.1076e+07
31.9,24,8.75803e+07
31.9,24.1,9.43561e+07
31.9,24.2,1.01405e+08
31.9,24.3,1.08731e+08
31.9,24.4,1.16334e+08
31.9,24.5,1.24218e+08
31.9,24.6,1.32385e+08
31.9,24.7,1.40836e+08
31.9,24.8,1.49574e+08
31.9,24.9,1.58603e+08
31.9,25,1.67922e+08
31.9,25.1,1.77536e+08
31.9,25.2,1.87446e+08
31.9,25.3,1.97655e+08
31.9,25.4,2.08165e+08
31.9,25.5,2.18978e+08
31.9,25.6,2.30097e+08
31.9,25.7,2.41523e+08
31.9,25.8,2.5326e+08
31.9,25.9,2.6531e+08
31.9,26,2.77674e+08
31.9,26.1,2.90356e+08
31.9,26.2,3.03357e+08
31.9,26.3,3.16681e+08
31.9,26.4,3.30329e+08
31.9,26.5,3.44304e+08
31.9,26.6,3.58608e+08
31.9,26.7,3.73243e+08
31.9,26.8,3.88213e+08
31.9,26.9,4.03519e+08
31.9,27,4.19164e+08
31.9,27.1,4.3515e+08
31.9,27.2,4.5148e+08
31.9,27.3,4.68156e+08
31.9,27.4,4.67818e+08
31.9,27.5,4.98269e+08
31.9,27.6,5.11564e+08
31.9,27.7,5.25065e+08
31.9,27.8,5.38775e+08
31.9,27.9,5.52694e+08
31.9,28,5.66824e+08
31.9,28.1,5.81166e+08
31.9,28.2,5.95722e+08
31.9,28.3,6.10492e+08
31.9,28.4,6.25477e+08
31.9,28.5,6.4068e+08
31.9,28.6,6.56101e+08
31.9,28.7,6.71742e+08
31.9,28.8,6.87603e+08
31.9,28.9,7.03687e+08
31.9,29,7.19994e+08
31.9,29.1,7.36526e+08
31.9,29.2,7.53283e+08
31.9,29.3,7.70268e+08
31.9,29.4,7.87482e+08
31.9,29.5,8.04925e+08
31.9,29.6,8.22599e+08
31.9,29.7,8.40506e+08
31.9,29.8,8.58647e+08
31.9,29.9,8.77022e+08
31.9,30,8.95634e+08
31.9,30.1,9.14484e+08
31.9,30.2,9.33572e+08
31.9,30.3,9.52901e+08
31.9,30.4,9.72472e+08
31.9,30.5,9.92285e+08
31.9,30.6,1.01234e+09
31.9,30.7,1.03265e+09
31.9,30.8,1.0532e+09
31.9,30.9,1.07399e+09
31.9,31,1.09504e+09
31.9,31.1,1.11634e+09
31.9,31.2,1.13789e+09
31.9,31.3,1.1597e+09
31.9,31.4,1.18176e+09
31.9,31.5,1.20407e+09
31.9,31.6,1.22664e+09
31.9,31.7,1.24948e+09
31.9,31.8,1.27257e+09
31.9,31.9,1.29592e+09
31.9,32,1.31145e+09
31.9,32.1,1.3271e+09
31.9,32.2,1.34286e+09
31.9,32.3,1.35874e+09
31.9,32.4,1.37475e+09
31.9,32.5,1.39087e+09
31.9,32.6,1.40711e+09
31.9,32.7,1.42347e+09
31.9,32.8,1.43995e+09
31.9,32.9,1.45656e+09
31.9,33,1.47329e+09
31.9,33.1,1.49014e+09
31.9,33.2,1.50711e+09
31.9,33.3,1.52421e+09
31.9,33.4,1.54142e+09
31.9,33.5,1.55877e+09
31.9,33.6,1.57624e+09
31.9,33.7,1.59383e+09
31.9,33.8,1.61155e+09
31.9,33.9,1.6294e+09
31.9,34,1.64737e+09
31.9,34.1,1.66547e+09
31.9,34.2,1.6837e+09
31.9,34.3,1.70205e+09
31.9,34.4,1.72054e+09
31.9,34.5,1.73915e+09
31.9,34.6,1.75789e+09
31.9,34.7,1.77676e+09
31.9,34.8,1.79576e+09
31.9,34.9,1.8149e+09
31.9,35,1.83416e+09
31.9,35.1,1.85356e+09
31.9,35.2,1.87309e+09
31.9,35.3,1.89275e+09
31.9,35.4,1.91254e+09
31.9,35.5,1.93247e+09
31.9,35.6,1.95253e+09
31.9,35.7,1.97273e+09
31.9,35.8,1.99306e+09
31.9,35.9,2.01353e+09
31.9,36,2.03413e+09
31.9,36.1,2.05487e+09
31.9,36.2,2.07575e+09
31.9,36.3,2.09676e+09
31.9,36.4,2.11792e+09
31.9,36.5,2.13921e+09
31.9,36.6,2.16064e+09
31.9,36.7,2.18221e+09
31.9,36.8,2.20392e+09
31.9,36.9,2.22577e+09
31.9,37,2.24776e+09
31.9,37.1,2.26989e+09
31.9,37.2,2.29216e+09
31.9,37.3,2.31458e+09
31.9,37.4,2.33714e+09
31.9,37.5,2.35984e+09
31.9,37.6,2.38269e+09
31.9,37.7,2.40568e+09
31.9,37.8,2.42881e+09
31.9,37.9,2.45209e+09
31.9,38,2.47552e+09
31.9,38.1,2.49909e+09
31.9,38.2,2.52281e+09
31.9,38.3,2.54668e+09
31.9,38.4,2.57069e+09
31.9,38.5,2.59485e+09
31.9,38.6,2.61917e+09
31.9,38.7,2.64363e+09
31.9,38.8,2.66824e+09
31.9,38.9,2.693e+09
31.9,39,2.71791e+09
31.9,39.1,2.74297e+09
31.9,39.2,2.76819e+09
31.9,39.3,2.79355e+09
31.9,39.4,2.81907e+09
31.9,39.5,2.84475e+09
31.9,39.6,2.87057e+09
31.9,39.7,2.89655e+09
31.9,39.8,2.92269e+09
31.9,39.9,2.94898e+09
32,20,1.35467e+07
32,20.1,1.13405e+07
32,20.2,9.32475e+06
32,20.3,7.50134e+06
32,20.4,5.87228e+06
32,20.5,4.43954e+06
32,20.6,3.20513e+06
32,20.7,2.17105e+06
32,20.8,1.33932e+06
32,20.9,711942
32,21,290948
32,21.1,78366.6
32,21.2,76233.2
32,21.3,286591
32,21.4,711490
32,21.5,1.35299e+06
32,21.6,2.21314e+06
32,21.7,3.29403e+06
32,21.8,4.59772e+06
32,21.9,6.1263e+06
32,22,7.88185e+06
32,22.1,9.86648e+06
32,22.2,1.20823e+07
32,22.3,1.45314e+07
32,22.4,1.72158e+07
32,22.5,2.01379e+07
32,22.6,2.32995e+07
32,22.7,2.67029e+07
32,22.8,3.03503e+07
32,22.9,3.42437e+07
32,23,3.83854e+07
32,23.1,4.27775e+07
32,23.2,4.74221e+07
32,23.3,5.23214e+07
32,23.4,5.74777e+07
32,23.5,6.28931e+07
32,23.6,6.85697e+07
32,23.7,7.45099e+07
32,23.8,8.07158e+07
32,23.9,8.71895e+07
32,24,9.39335e+07
32,24.1,1.0095e+08
32,24.2,1.08241e+08
32,24.3,1.15808e+08
32,24.4,1.23655e+08
32,24.5,1.31783e+08
32,24.6,1.40195e+08
32,24.7,1.48893e+08
32,24.8,1.57879e+08
32,24.9,1.67155e+08
32,25,1.76724e+08
32,25.1,1.86588e+08
32,25.2,1.96749e+08
32,25.3,2.0721e+08
32,25.4,2.17972e+08
32,25.5,2.29039e+08
32,25.6,2.40413e+08
32,25.7,2.52095e+08
32,25.8,2.64089e+08
32,25.9,2.76396e+08
32,26,2.89019e+08
32,26.1,3.01961e+08
32,26.2,3.15223e+08
32,26.3,3.28808e+08
32,26.4,3.42719e+08
32,26.5,3.56957e+08
32,26.6,3.71526e+08
32,26.7,3.86427e+08
32,26.8,4.01663e+08
32,26.9,4.17237e+08
32,27,4.3315e+08
32,27.1,4.49406e+08
32,27.2,4.66006e+08
32,27.3,4.82953e+08
32,27.4,4.82618e+08
32,27.5,5.13547e+08
32,27.6,5.27051e+08
32,27.7,5.40762e+08
32,27.8,5.54682e+08
32,27.9,5.68812e+08
32,28,5.83154e+08
32,28.1,5.97709e+08
32,28.2,6.12477e+08
32,28.3,6.27461e+08
32,28.4,6.42661e+08
32,28.5,6.58079e+08
32,28.6,6.73716e+08
32,28.7,6.89573e+08
32,28.8,7.05651e+08
32,28.9,7.21953e+08
32,29,7.38478e+08
32,29.1,7.55229e+08
32,29.2,7.72207e+08
32,29.3,7.89413e+08
32,29.4,8.06847e+08
32,29.5,8.24513e+08
32,29.6,8.4241e+08
32,29.7,8.6054e+08
32,29.8,8.78905e+08
32,29.9,8.97505e+08
32,30,9.16343e+08
32,30.1,9.35418e+08
32,30.2,9.54734e+08
32,30.3,9.7429e+08
32,30.4,9.94089e+08
32,30.5,1.01413e+09
32,30.6,1.03442e+09
32,30.7,1.05495e+09
32,30.8,1.07573e+09
32,30.9,1.09676e+09
32,31,1.11804e+09
32,31.1,1.13958e+09
32,31.2,1.16136e+09
32,31.3,1.1834e+09
32,31.4,1.20569e+09
32,31.5,1.22825e+09
32,31.6,1.25106e+09
32,31.7,1.27413e+09
32,31.8,1.29746e+09
32,31.9,1.32105e+09
32,32,1.34491e+09
32,32.1,1.36076e+09
32,32.2,1.37674e+09
32,32.3,1.39283e+09
32,32.4,1.40905e+09
32,32.5,1.42538e+09
32,32.6,1.44184e+09
32,32.7,1.45841e+09
32,32.8,1.47511e+09
32,32.9,1.49193e+09
32,33,1.50887e+09
32,33.1,1.52594e+09
32,33.2,1.54312e+09
32,33.3,1.56044e+09
32,33.4,1.57787e+09
32,33.5,1.59543e+09
32,33.6,1.61312e+09
32,33.7,1.63093e+09
32,33.8,1.64887e+09
32,33.9,1.66694e+09
32,34,1.68513e+09
32,34.1,1.70345e+09
32,34.2,1.7219e+09
32,34.3,1.74047e+09
32,34.4,1.75918e+09
32,34.5,1.77801e+09
32,34.6,1.79698e+09
32,34.7,1.81607e+09
32,34.8,1.8353e+09
32,34.9,1.85465e+09
32,35,1.87414e+09
32,35.1,1.89376e+09
32,35.2,1.91352e+09
32,35.3,1.9334e+09
32,35.4,1.95342e+09
32,35.5,1.97358e+09
32,35.6,1.99387e+09
32,35.7,2.01429e+09
32,35.8,2.03485e+09
32,35.9,2.05555e+09
32,36,2.07638e+09
32,36.1,2.09735e+09
32,36.2,2.11846e+09
32,36.3,2.1397e+09
32,36.4,2.16109e+09
32,36.5,2.18261e+09
32,36.6,2.20427e+09
32,36.7,2.22608e+09
32,36.8,2.24802e+09
32,36.9,2.2701e+09
32,37,2.29233e+09
32,37.1,2.31469e+09
32,37.2,2.3372e+09
32,37.3,2.35985e+09
32,37.4,2.38265e+09
32,37.5,2.40559e+09
32,37.6,2.42867e+09
32,37.7,2.4519e+09
32,37.8,2.47527e+09
32,37.9,2.49879e+09
32,38,2.52246e+09
32,38.1,2.54627e+09
32,38.2,2.57023e+09
32,38.3,2.59433e+09
32,38.4,2.61859e+09
32,38.5,2.64299e+09
32,38.6,2.66755e+09
32,38.7,2.69225e+09
32,38.8,2.7171e+09
32,38.9,2.74211e+09
32,39,2.76726e+09
32,39.1,2.79257e+09
32,39.2,2.81803e+09
32,39.3,2.84364e+09
32,39.4,2.86941e+09
32,39.5,2.89533e+09
32,39.6,2.9214e+09
32,39.7,2.94763e+09
32,39.8,2.97401e+09
32,39.9,3.00055e+09
32.1,20,1.12508e+07
32.1,20.1,9.24886e+06
32.1,20.2,7.43821e+06
32.1,20.3,5.82083e+06
32.1,20.4,4.3987e+06
32.1,20.5,3.1738e+06
32.1,20.6,2.14815e+06
32.1,20.7,1.32373e+06
32.1,20.8,702574
32.1,20.9,286686
32.1,21,78094.1
32.1,21.1,78829.1
32.1,21.2,290929
32.1,21.3,716437
32.1,21.4,1.3574e+06
32.1,21.5,2.21589e+06
32.1,21.6,3.29395e+06
32.1,21.7,4.59367e+06
32.1,21.8,6.11711e+06
32.1,21.9,7.86636e+06
32.1,22,9.84352e+06
32.1,22.1,1.20507e+07
32.1,22.2,1.44899e+07
32.1,22.3,1.71634e+07
32.1,22.4,2.00732e+07
32.1,22.5,2.32214e+07
32.1,22.6,2.66103e+07
32.1,22.7,3.02418e+07
32.1,22.8,3.41182e+07
32.1,22.9,3.82416e+07
32.1,23,4.26142e+07
32.1,23.1,4.72381e+07
32.1,23.2,5.21155e+07
32.1,23.3,5.72486e+07
32.1,23.4,6.26395e+07
32.1,23.5,6.82905e+07
32.1,23.6,7.42037e+07
32.1,23.7,8.03814e+07
32.1,23.8,8.68257e+07
32.1,23.9,9.35388e+07
32.1,24,1.00523e+08
32.1,24.1,1.07781e+08
32.1,24.2,1.15314e+08
32.1,24.3,1.23125e+08
32.1,24.4,1.31216e+08
32.1,24.5,1.39589e+08
32.1,24.6,1.48247e+08
32.1,24.7,1.57191e+08
32.1,24.8,1.66425e+08
32.1,24.9,1.7595e+08
32.1,25,1.85769e+08
32.1,25.1,1.95884e+08
32.1,25.2,2.06297e+08
32.1,25.3,2.1701e+08
32.1,25.4,2.28027e+08
32.1,25.5,2.39348e+08
32.1,25.6,2.50977e+08
32.1,25.7,2.62916e+08
32.1,25.8,2.75168e+08
32.1,25.9,2.87733e+08
32.1,26,3.00616e+08
32.1,26.1,3.13818e+08
32.1,26.2,3.27342e+08
32.1,26.3,3.41189e+08
32.1,26.4,3.55363e+08
32.1,26.5,3.69866e+08
32.1,26.6,3.847e+08
32.1,26.7,3.99867e+08
32.1,26.8,4.15371e+08
32.1,26.9,4.31213e+08
32.1,27,4.47395e+08
32.1,27.1,4.63921e+08
32.1,27.2,4.80792e+08
32.1,27.3,4.98012e+08
32.1,27.4,4.9768e+08
32.1,27.5,5.29088e+08
32.1,27.6,5.42801e+08
32.1,27.7,5.56723e+08
32.1,27.8,5.70854e+08
32.1,27.9,5.85196e+08
32.1,28,5.9975e+08
32.1,28.1,6.14517e+08
32.1,28.2,6.295e+08
32.1,28.3,6.44698e+08
32.1,28.4,6.60113e+08
32.1,28.5,6.75747e+08
32.1,28.6,6.916e+08
32.1,28.7,7.07674e+08
32.1,28.8,7.23971e+08
32.1,28.9,7.40491e+08
32.1,29,7.57236e+08
32.1,29.1,7.74206e+08
32.1,29.2,7.91405e+08
32.1,29.3,8.08832e+08
32.1,29.4,8.26488e+08
32.1,29.5,8.44376e+08
32.1,29.6,8.62497e+08
32.1,29.7,8.80851e+08
32.1,29.8,8.99441e+08
32.1,29.9,9.18267e+08
32.1,30,9.3733e+08
32.1,30.1,9.56633e+08
32.1,30.2,9.76176e+08
32.1,30.3,9.95961e+08
32.1,30.4,1.01599e+09
32.1,30.5,1.03626e+09
32.1,30.6,1.05678e+09
32.1,30.7,1.07754e+09
32.1,30.8,1.09856e+09
32.1,30.9,1.11982e+09
32.1,31,1.14133e+09
32.1,31.1,1.1631e+09
32.1,31.2,1.18512e+09
32.1,31.3,1.20739e+09
32.1,31.4,1.22992e+09
32.1,31.5,1.25271e+09
32.1,31.6,1.27576e+09
32.1,31.7,1.29907e+09
32.1,31.8,1.32264e+09
32.1,31.9,1.34647e+09
32.1,32,1.37057e+09
32.1,32.1,1.39493e+09
32.1,32.2,1.41112e+09
32.1,32.3,1.42742e+09
32.1,32.4,1.44385e+09
32.1,32.5,1.4604e+09
32.1,32.6,1.47707e+09
32.1,32.7,1.49386e+09
32.1,32.8,1.51077e+09
32.1,32.9,1.5278e+09
32.1,33,1.54496e+09
32.1,33.1,1.56224e+09
32.1,33.2,1.57965e+09
32.1,33.3,1.59718e+09
32.1,33.4,1.61483e+09
32.1,33.5,1.63261e+09
32.1,33.6,1.65051e+09
32.1,33.7,1.66855e+09
32.1,33.8,1.6867e+09
32.1,33.9,1.70499e+09
32.1,34,1.7234e+09
32.1,34.1,1.74194e+09
32.1,34.2,1.76061e+09
32.1,34.3,1.77941e+09
32.1,34.4,1.79834e+09
32.1,34.5,1.81739e+09
32.1,34.6,1.83658e+09
32.1,34.7,1.8559e+09
32.1,34.8,1.87535e+09
32.1,34.9,1.89493e+09
32.1,35,1.91465e+09
32.1,35.1,1.93449e+09
32.1,35.2,1.95447e+09
32.1,35.3,1.97459e+09
32.1,35.4,1.99483e+09
32.1,35.5,2.01522e+09
32.1,35.6,2.03573e+09
32.1,35.7,2.05639e+09
32.1,35.8,2.07718e+09
32.1,35.9,2.0981e+09
32.1,36,2.11916e+09
32.1,36.1,2.14036e+09
32.1,36.2,2.1617e+09
32.1,36.3,2.18318e+09
32.1,36.4,2.20479e+09
32.1,36.5,2.22655e+09
32.1,36.6,2.24845e+09
32.1,36.7,2.27048e+09
32.1,36.8,2.29266e+09
32.1,36.9,2.31497e+09
32.1,37,2.33743e+09
32.1,37.1,2.36004e+09
32.1,37.2,2.38278e+09
32.1,37.3,2.40567e+09
32.1,37.4,2.4287e+09
32.1,37.5,2.45188e+09
32.1,37.6,2.4752e+09
32.1,37.7,2.49866e+09
32.1,37.8,2.52228e+09
32.1,37.9,2.54604e+09
32.1,38,2.56994e+09
32.1,38.1,2.59399e+09
32.1,38.2,2.61819e+09
32.1,38.3,2.64254e+09
32.1,38.4,2.66704e+09
32.1,38.5,2.69169e+09
32.1,38.6,2.71648e+09
32.1,38.7,2.74143e+09
32.1,38.8,2.76653e+09
32.1,38.9,2.79177e+09
32.1,39,2.81717e+09
32.1,39.1,2.84273e+09
32.1,39.2,2.86843e+09
32.1,39.3,2.89429e+09
32.1,39.4,2.9203e+09
32.1,39.5,2.94647e+09
32.1,39.6,2.97279e+09
32.1,39.7,2.99927e+09
32.1,39.8,3.0259e+09
32.1,39.9,3.05269e+09
32.2,20,9.16489e+06
32.2,20.1,7.36784e+06
32.2,20.2,5.76298e+06
32.2,20.3,4.3523e+06
32.2,20.4,3.13777e+06
32.2,20.5,2.12139e+06
32.2,20.6,1.30516e+06
32.2,20.7,691089
32.2,20.8,281182
32.2,20.9,77461.7
32.2,21,81952.8
32.2,21.1,296687
32.2,21.2,723704
32.2,21.3,1.36505e+06
32.2,21.4,2.22277e+06
32.2,21.5,3.29893e+06
32.2,21.6,4.5956e+06
32.2,21.7,6.11483e+06
32.2,21.8,7.85872e+06
32.2,21.9,9.82935e+06
32.2,22,1.20288e+07
32.2,22.1,1.44592e+07
32.2,22.2,1.71226e+07
32.2,22.3,2.00211e+07
32.2,22.4,2.3157e+07
32.2,22.5,2.65321e+07
32.2,22.6,3.01489e+07
32.2,22.7,3.40092e+07
32.2,22.8,3.81154e+07
32.2,22.9,4.24695e+07
32.2,23,4.70737e+07
32.2,23.1,5.19301e+07
32.2,23.2,5.7041e+07
32.2,23.3,6.24086e+07
32.2,23.4,6.80349e+07
32.2,23.5,7.39222e+07
32.2,23.6,8.00727e+07
32.2,23.7,8.64885e+07
32.2,23.8,9.3172e+07
32.2,23.9,1.00125e+08
32.2,24,1.07351e+08
32.2,24.1,1.1485e+08
32.2,24.2,1.22626e+08
32.2,24.3,1.30681e+08
32.2,24.4,1.39017e+08
32.2,24.5,1.47636e+08
32.2,24.6,1.5654e+08
32.2,24.7,1.65733e+08
32.2,24.8,1.75215e+08
32.2,24.9,1.8499e+08
32.2,25,1.95059e+08
32.2,25.1,2.05426e+08
32.2,25.2,2.16091e+08
32.2,25.3,2.27058e+08
32.2,25.4,2.38329e+08
32.2,25.5,2.49906e+08
32.2,25.6,2.61792e+08
32.2,25.7,2.73988e+08
32.2,25.8,2.86498e+08
32.2,25.9,2.99323e+08
32.2,26,3.12466e+08
32.2,26.1,3.25929e+08
32.2,26.2,3.39715e+08
32.2,26.3,3.53825e+08
32.2,26.4,3.68263e+08
32.2,26.5,3.83031e+08
32.2,26.6,3.98131e+08
32.2,26.7,4.13566e+08
32.2,26.8,4.29337e+08
32.2,26.9,4.45448e+08
32.2,27,4.61901e+08
32.2,27.1,4.78698e+08
32.2,27.2,4.95841e+08
32.2,27.3,5.13334e+08
32.2,27.4,5.13004e+08
32.2,27.5,5.44893e+08
32.2,27.6,5.58817e+08
32.2,27.7,5.72949e+08
32.2,27.8,5.87292e+08
32.2,27.9,6.01846e+08
32.2,28,6.16613e+08
32.2,28.1,6.31595e+08
32.2,28.2,6.46791e+08
32.2,28.3,6.62204e+08
32.2,28.4,6.77835e+08
32.2,28.5,6.93685e+08
32.2,28.6,7.09756e+08
32.2,28.7,7.26048e+08
32.2,28.8,7.42563e+08
32.2,28.9,7.59302e+08
32.2,29,7.76267e+08
32.2,29.1,7.93458e+08
32.2,29.2,8.10878e+08
32.2,29.3,8.28527e+08
32.2,29.4,8.46406e+08
32.2,29.5,8.64518e+08
32.2,29.6,8.82862e+08
32.2,29.7,9.01442e+08
32.2,29.8,9.20256e+08
32.2,29.9,9.39309e+08
32.2,30,9.58599e+08
32.2,30.1,9.78129e+08
32.2,30.2,9.97901e+08
32.2,30.3,1.01791e+09
32.2,30.4,1.03817e+09
32.2,30.5,1.05867e+09
32.2,30.6,1.07942e+09
32.2,30.7,1.10042e+09
32.2,30.8,1.12167e+09
32.2,30.9,1.14316e+09
32.2,31,1.16491e+09
32.2,31.1,1.18691e+09
32.2,31.2,1.20916e+09
32.2,31.3,1.23167e+09
32.2,31.4,1.25444e+09
32.2,31.5,1.27747e+09
32.2,31.6,1.30075e+09
32.2,31.7,1.3243e+09
32.2,31.8,1.34811e+09
32.2,31.9,1.37218e+09
32.2,32,1.39652e+09
32.2,32.1,1.42113e+09
32.2,32.2,1.446e+09
32.2,32.3,1.46252e+09
32.2,32.4,1.47916e+09
32.2,32.5,1.49592e+09
32.2,32.6,1.5128e+09
32.2,32.7,1.52981e+09
32.2,32.8,1.54694e+09
32.2,32.9,1.56419e+09
32.2,33,1.58156e+09
32.2,33.1,1.59906e+09
32.2,33.2,1.61668e+09
32.2,33.3,1.63443e+09
32.2,33.4,1.6523e+09
32.2,33.5,1.6703e+09
32.2,33.6,1.68842e+09
32.2,33.7,1.70667e+09
32.2,33.8,1.72505e+09
32.2,33.9,1.74356e+09
32.2,34,1.76219e+09
32.2,34.1,1.78095e+09
32.2,34.2,1.79984e+09
32.2,34.3,1.81887e+09
32.2,34.4,1.83802e+09
32.2,34.5,1.8573e+09
32.2,34.6,1.87671e+09
32.2,34.7,1.89625e+09
32.2,34.8,1.91593e+09
32.2,34.9,1.93573e+09
32.2,35,1.95567e+09
32.2,35.1,1.97575e+09
32.2,35.2,1.99595e+09
32.2,35.3,2.0163e+09
32.2,35.4,2.03677e+09
32.2,35.5,2.05738e+09
32.2,35.6,2.07813e+09
32.2,35.7,2.09901e+09
32.2,35.8,2.12003e+09
32.2,35.9,2.14119e+09
32.2,36,2.16248e+09
32.2,36.1,2.18391e+09
32.2,36.2,2.20548e+09
32.2,36.3,2.22719e+09
32.2,36.4,2.24904e+09
32.2,36.5,2.27103e+09
32.2,36.6,2.29316e+09
32.2,36.7,2.31543e+09
32.2,36.8,2.33784e+09
32.2,36.9,2.36039e+09
32.2,37,2.38308e+09
32.2,37.1,2.40592e+09
32.2,37.2,2.4289e+09
32.2,37.3,2.45203e+09
32.2,37.4,2.4753e+09
32.2,37.5,2.49871e+09
32.2,37.6,2.52227e+09
32.2,37.7,2.54598e+09
32.2,37.8,2.56983e+09
32.2,37.9,2.59383e+09
32.2,38,2.61797e+09
32.2,38.1,2.64227e+09
32.2,38.2,2.66671e+09
32.2,38.3,2.6913e+09
32.2,38.4,2.71604e+09
32.2,38.5,2.74093e+09
32.2,38.6,2.76597e+09
32.2,38.7,2.79116e+09
32.2,38.8,2.8165e+09
32.2,38.9,2.842e+09
32.2,39,2.86764e+09
32.2,39.1,2.89344e+09
32.2,39.2,2.91939e+09
32.2,39.3,2.9455e+09
32.2,39.4,2.97176e+09
32.2,39.5,2.99817e+09
32.2,39.6,3.02474e+09
32.2,39.7,3.05147e+09
32.2,39.8,3.07835e+09
32.2,39.9,3.10539e+09
32.3,20,7.29033e+06
32.3,20.1,5.69883e+06
32.3,20.2,4.30043e+06
32.3,20.3,3.09711e+06
32.3,20.4,2.09087e+06
32.3,20.5,1.28368e+06
32.3,20.6,677553
32.3,20.7,274497
32.3,20.8,76522.2
32.3,20.9,85649.6
32.3,21,303906
32.3,21.1,733323
32.3,21.2,1.37594e+06
32.3,21.3,2.23381e+06
32.3,21.4,3.30898e+06
32.3,21.5,4.6035e+06
32.3,21.6,6.11946e+06
32.3,21.7,7.85891e+06
32.3,21.8,9.82394e+06
32.3,21.9,1.20166e+07
32.3,22,1.44391e+07
32.3,22.1,1.70934e+07
32.3,22.2,1.99817e+07
32.3,22.3,2.3106e+07
32.3,22.4,2.64685e+07
32.3,22.5,3.00714e+07
32.3,22.6,3.39167e+07
32.3,22.7,3.80065e+07
32.3,22.8,4.23432e+07
32.3,22.9,4.69287e+07
32.3,23,5.17652e+07
32.3,23.1,5.68549e+07
32.3,23.2,6.22001e+07
32.3,23.3,6.78027e+07
32.3,23.4,7.36652e+07
32.3,23.5,7.97895e+07
32.3,23.6,8.6178e+07
32.3,23.7,9.28328e+07
32.3,23.8,9.97561e+07
32.3,23.9,1.0695e+08
32.3,24,1.14417e+08
32.3,24.1,1.2216e+08
32.3,24.2,1.30179e+08
32.3,24.3,1.38479e+08
32.3,24.4,1.4706e+08
32.3,24.5,1.55926e+08
32.3,24.6,1.65078e+08
32.3,24.7,1.74519e+08
32.3,24.8,1.84251e+08
32.3,24.9,1.94276e+08
32.3,25,2.04596e+08
32.3,25.1,2.15215e+08
32.3,25.2,2.26134e+08
32.3,25.3,2.37355e+08
32.3,25.4,2.48881e+08
32.3,25.5,2.60714e+08
32.3,25.6,2.72857e+08
32.3,25.7,2.85312e+08
32.3,25.8,2.9808e+08
32.3,25.9,3.11165e+08
32.3,26,3.24569e+08
32.3,26.1,3.38295e+08
32.3,26.2,3.52343e+08
32.3,26.3,3.66718e+08
32.3,26.4,3.81421e+08
32.3,26.5,3.96455e+08
32.3,26.6,4.11822e+08
32.3,26.7,4.27524e+08
32.3,26.8,4.43564e+08
32.3,26.9,4.59945e+08
32.3,27,4.76668e+08
32.3,27.1,4.93737e+08
32.3,27.2,5.11153e+08
32.3,27.3,5.2892e+08
32.3,27.4,5.28593e+08
32.3,27.5,5.60964e+08
32.3,27.6,5.75098e+08
32.3,27.7,5.89442e+08
32.3,27.8,6.03998e+08
32.3,27.9,6.18765e+08
32.3,28,6.33746e+08
32.3,28.1,6.48941e+08
32.3,28.2,6.64353e+08
32.3,28.3,6.79982e+08
32.3,28.4,6.95829e+08
32.3,28.5,7.11896e+08
32.3,28.6,7.28185e+08
32.3,28.7,7.44695e+08
32.3,28.8,7.61429e+08
32.3,28.9,7.78389e+08
32.3,29,7.95574e+08
32.3,29.1,8.12987e+08
32.3,29.2,8.30628e+08
32.3,29.3,8.485e+08
32.3,29.4,8.66602e+08
32.3,29.5,8.84938e+08
32.3,29.6,9.03507e+08
32.3,29.7,9.22312e+08
32.3,29.8,9.41353e+08
32.3,29.9,9.60632e+08
32.3,30,9.8015e+08
32.3,30.1,9.99909e+08
32.3,30.2,1.01991e+09
32.3,30.3,1.04015e+09
32.3,30.4,1.06064e+09
32.3,30.5,1.08137e+09
32.3,30.6,1.10235e+09
32.3,30.7,1.12358e+09
32.3,30.8,1.14506e+09
32.3,30.9,1.16679e+09
32.3,31,1.18877e+09
32.3,31.1,1.21101e+09
32.3,31.2,1.2335e+09
32.3,31.3,1.25625e+09
32.3,31.4,1.27925e+09
32.3,31.5,1.30252e+09
32.3,31.6,1.32604e+09
32.3,31.7,1.34983e+09
32.3,31.8,1.37388e+09
32.3,31.9,1.39819e+09
32.3,32,1.42277e+09
32.3,32.1,1.44762e+09
32.3,32.2,1.47274e+09
32.3,32.3,1.49812e+09
32.3,32.4,1.51498e+09
32.3,32.5,1.53195e+09
32.3,32.6,1.54905e+09
32.3,32.7,1.56627e+09
32.3,32.8,1.58362e+09
32.3,32.9,1.60108e+09
32.3,33,1.61867e+09
32.3,33.1,1.63639e+09
32.3,33.2,1.65423e+09
32.3,33.3,1.6722e+09
32.3,33.4,1.69029e+09
32.3,33.5,1.70851e+09
32.3,33.6,1.72685e+09
32.3,33.7,1.74532e+09
32.3,33.8,1.76392e+09
32.3,33.9,1.78265e+09
32.3,34,1.8015e+09
32.3,34.1,1.82049e+09
32.3,34.2,1.8396e+09
32.3,34.3,1.85885e+09
32.3,34.4,1.87822e+09
32.3,34.5,1.89773e+09
32.3,34.6,1.91736e+09
32.3,34.7,1.93713e+09
32.3,34.8,1.95703e+09
32.3,34.9,1.97706e+09
32.3,35,1.99723e+09
32.3,35.1,2.01753e+09
32.3,35.2,2.03797e+09
32.3,35.3,2.05854e+09
32.3,35.4,2.07924e+09
32.3,35.5,2.10008e+09
32.3,35.6,2.12106e+09
32.3,35.7,2.14217e+09
32.3,35.8,2.16342e+09
32.3,35.9,2.18481e+09
32.3,36,2.20633e+09
32.3,36.1,2.22799e+09
32.3,36.2,2.2498e+09
32.3,36.3,2.27174e+09
32.3,36.4,2.29382e+09
32.3,36.5,2.31604e+09
32.3,36.6,2.33841e+09
32.3,36.7,2.36091e+09
32.3,36.8,2.38356e+09
32.3,36.9,2.40635e+09
32.3,37,2.42928e+09
32.3,37.1,2.45236e+09
32.3,37.2,2.47557e+09
32.3,37.3,2.49894e+09
32.3,37.4,2.52245e+09
32.3,37.5,2.5461e+09
32.3,37.6,2.5699e+09
32.3,37.7,2.59384e+09
32.3,37.8,2.61794e+09
32.3,37.9,2.64218e+09
32.3,38,2.66656e+09
32.3,38.1,2.6911e+09
32.3,38.2,2.71578e+09
32.3,38.3,2.74062e+09
32.3,38.4,2.7656e+09
32.3,38.5,2.79073e+09
32.3,38.6,2.81602e+09
32.3,38.7,2.84145e+09
32.3,38.8,2.86704e+09
32.3,38.9,2.89278e+09
32.3,39,2.91867e+09
32.3,39.1,2.94472e+09
32.3,39.2,2.97092e+09
32.3,39.3,2.99727e+09
32.3,39.4,3.02378e+09
32.3,39.5,3.05044e+09
32.3,39.6,3.07726e+09
32.3,39.7,3.10424e+09
32.3,39.8,3.13137e+09
32.3,39.9,3.15866e+09
32.4,20,5.62849e+06
32.4,20.1,4.24321e+06
32.4,20.2,3.05194e+06
32.4,20.3,2.05667e+06
32.4,20.4,1.25937e+06
32.4,20.5,662047
32.4,20.6,266702
32.4,20.7,75339.7
32.4,20.8,89976.5
32.4,20.9,312633
32.4,21,745336
32.4,21.1,1.39012e+06
32.4,21.2,2.24903e+06
32.4,21.3,3.32411e+06
32.4,21.4,4.61741e+06
32.4,21.5,6.13099e+06
32.4,21.6,7.86693e+06
32.4,21.7,9.82729e+06
32.4,21.8,1.20142e+07
32.4,21.9,1.44296e+07
32.4,22,1.70758e+07
32.4,22.1,1.99547e+07
32.4,22.2,2.30685e+07
32.4,22.3,2.64193e+07
32.4,22.4,3.00093e+07
32.4,22.5,3.38405e+07
32.4,22.6,3.79151e+07
32.4,22.7,4.22352e+07
32.4,22.8,4.6803e+07
32.4,22.9,5.16206e+07
32.4,23,5.66902e+07
32.4,23.1,6.20139e+07
32.4,23.2,6.7594e+07
32.4,23.3,7.34325e+07
32.4,23.4,7.95318e+07
32.4,23.5,8.58939e+07
32.4,23.6,9.25211e+07
32.4,23.7,9.94156e+07
32.4,23.8,1.0658e+08
32.4,23.9,1.14015e+08
32.4,24,1.21725e+08
32.4,24.1,1.29711e+08
32.4,24.2,1.37975e+08
32.4,24.3,1.4652e+08
32.4,24.4,1.55347e+08
32.4,24.5,1.6446e+08
32.4,24.6,1.73861e+08
32.4,24.7,1.83551e+08
32.4,24.8,1.93533e+08
32.4,24.9,2.03809e+08
32.4,25,2.14382e+08
32.4,25.1,2.25253e+08
32.4,25.2,2.36426e+08
32.4,25.3,2.47902e+08
32.4,25.4,2.59684e+08
32.4,25.5,2.71775e+08
32.4,25.6,2.84175e+08
32.4,25.7,2.96889e+08
32.4,25.8,3.09917e+08
32.4,25.9,3.23263e+08
32.4,26,3.36929e+08
32.4,26.1,3.50917e+08
32.4,26.2,3.65229e+08
32.4,26.3,3.79868e+08
32.4,26.4,3.94837e+08
32.4,26.5,4.10138e+08
32.4,26.6,4.25772e+08
32.4,26.7,4.41743e+08
32.4,26.8,4.58053e+08
32.4,26.9,4.74704e+08
32.4,27,4.91699e+08
32.4,27.1,5.0904e+08
32.4,27.2,5.2673e+08
32.4,27.3,5.44771e+08
32.4,27.4,5.44448e+08
32.4,27.5,5.77302e+08
32.4,27.6,5.91648e+08
32.4,27.7,6.06204e+08
32.4,27.8,6.20972e+08
32.4,27.9,6.35953e+08
32.4,28,6.51148e+08
32.4,28.1,6.66559e+08
32.4,28.2,6.82186e+08
32.4,28.3,6.98031e+08
32.4,28.4,7.14096e+08
32.4,28.5,7.30381e+08
32.4,28.6,7.46888e+08
32.4,28.7,7.63617e+08
32.4,28.8,7.80572e+08
32.4,28.9,7.97751e+08
32.4,29,8.15158e+08
32.4,29.1,8.32792e+08
32.4,29.2,8.50657e+08
32.4,29.3,8.68751e+08
32.4,29.4,8.87078e+08
32.4,29.5,9.05639e+08
32.4,29.6,9.24433e+08
32.4,29.7,9.43464e+08
32.4,29.8,9.62732e+08
32.4,29.9,9.82238e+08
32.4,30,1.00198e+09
32.4,30.1,1.02197e+09
32.4,30.2,1.0422e+09
32.4,30.3,1.06268e+09
32.4,30.4,1.08339e+09
32.4,30.5,1.10436e+09
32.4,30.6,1.12557e+09
32.4,30.7,1.14704e+09
32.4,30.8,1.16875e+09
32.4,30.9,1.19071e+09
32.4,31,1.21293e+09
32.4,31.1,1.2354e+09
32.4,31.2,1.25813e+09
32.4,31.3,1.28111e+09
32.4,31.4,1.30436e+09
32.4,31.5,1.32786e+09
32.4,31.6,1.35162e+09
32.4,31.7,1.37565e+09
32.4,31.8,1.39994e+09
32.4,31.9,1.4245e+09
32.4,32,1.44932e+09
32.4,32.1,1.47441e+09
32.4,32.2,1.49977e+09
32.4,32.3,1.5254e+09
32.4,32.4,1.55131e+09
32.4,32.5,1.5685e+09
32.4,32.6,1.58581e+09
32.4,32.7,1.60325e+09
32.4,32.8,1.62081e+09
32.4,32.9,1.63849e+09
32.4,33,1.6563e+09
32.4,33.1,1.67424e+09
32.4,33.2,1.6923e+09
32.4,33.3,1.71048e+09
32.4,33.4,1.72879e+09
32.4,33.5,1.74723e+09
32.4,33.6,1.7658e+09
32.4,33.7,1.78449e+09
32.4,33.8,1.80331e+09
32.4,33.9,1.82226e+09
32.4,34,1.84134e+09
32.4,34.1,1.86055e+09
32.4,34.2,1.87988e+09
32.4,34.3,1.89935e+09
32.4,34.4,1.91895e+09
32.4,34.5,1.93868e+09
32.4,34.6,1.95854e+09
32.4,34.7,1.97854e+09
32.4,34.8,1.99867e+09
32.4,34.9,2.01893e+09
32.4,35,2.03932e+09
32.4,35.1,2.05985e+09
32.4,35.2,2.08051e+09
32.4,35.3,2.10131e+09
32.4,35.4,2.12224e+09
32.4,35.5,2.14331e+09
32.4,35.6,2.16452e+09
32.4,35.7,2.18586e+09
32.4,35.8,2.20735e+09
32.4,35.9,2.22896e+09
32.4,36,2.25072e+09
32.4,36.1,2.27262e+09
32.4,36.2,2.29466e+09
32.4,36.3,2.31683e+09
32.4,36.4,2.33915e+09
32.4,36.5,2.36161e+09
32.4,36.6,2.3842e+09
32.4,36.7,2.40694e+09
32.4,36.8,2.42983e+09
32.4,36.9,2.45285e+09
32.4,37,2.47602e+09
32.4,37.1,2.49934e+09
32.4,37.2,2.52279e+09
32.4,37.3,2.5464e+09
32.4,37.4,2.57014e+09
32.4,37.5,2.59404e+09
32.4,37.6,2.61808e+09
32.4,37.7,2.64226e+09
32.4,37.8,2.6666e+09
32.4,37.9,2.69108e+09
32.4,38,2.71571e+09
32.4,38.1,2.74048e+09
32.4,38.2,2.76541e+09
32.4,38.3,2.79049e+09
32.4,38.4,2.81572e+09
32.4,38.5,2.8411e+09
32.4,38.6,2.86663e+09
32.4,38.7,2.89231e+09
32.4,38.8,2.91814e+09
32.4,38.9,2.94413e+09
32.4,39,2.97027e+09
32.4,39.1,2.99656e+09
32.4,39.2,3.02301e+09
32.4,39.3,3.04961e+09
32.4,39.4,3.07637e+09
32.4,39.5,3.10328e+09
32.4,39.6,3.13035e+09
32.4,39.7,3.15758e+09
32.4,39.8,3.18496e+09
32.4,39.9,3.2125e+09
32.5,20,4.18076e+06
32.5,20.1,3.00237e+06
32.5,20.2,2.0189e+06
32.5,20.3,1.23233e+06
32.5,20.4,644661
32.5,20.5,257880
32.5,20.6,73990.5
32.5,20.7,95002.2
32.5,20.8,322930
32.5,20.9,759798
32.5,21,1.40763e+06
32.5,21.1,2.26847e+06
32.5,21.2,3.34435e+06
32.5,21.3,4.63733e+06
32.5,21.4,6.14945e+06
32.5,21.5,7.88278e+06
32.5,21.6,9.8394e+06
32.5,21.7,1.20214e+07
32.5,21.8,1.44308e+07
32.5,21.9,1.70697e+07
32.5,22,1.99402e+07
32.5,22.1,2.30445e+07
32.5,22.2,2.63846e+07
32.5,22.3,2.99626e+07
32.5,22.4,3.37807e+07
32.5,22.5,3.78409e+07
32.5,22.6,4.21455e+07
32.5,22.7,4.66966e+07
32.5,22.8,5.14963e+07
32.5,22.9,5.65467e+07
32.5,23,6.185e+07
32.5,23.1,6.74085e+07
32.5,23.2,7.32242e+07
32.5,23.3,7.92994e+07
32.5,23.4,8.56361e+07
32.5,23.5,9.22368e+07
32.5,23.6,9.91034e+07
32.5,23.7,1.06238e+08
32.5,23.8,1.13644e+08
32.5,23.9,1.21322e+08
32.5,24,1.29274e+08
32.5,24.1,1.37504e+08
32.5,24.2,1.46014e+08
32.5,24.3,1.54805e+08
32.5,24.4,1.6388e+08
32.5,24.5,1.7324e+08
32.5,24.6,1.8289e+08
32.5,24.7,1.9283e+08
32.5,24.8,2.03063e+08
32.5,24.9,2.13591e+08
32.5,25,2.24416e+08
32.5,25.1,2.35542e+08
32.5,25.2,2.46969e+08
32.5,25.3,2.58701e+08
32.5,25.4,2.7074e+08
32.5,25.5,2.83088e+08
32.5,25.6,2.95747e+08
32.5,25.7,3.0872e+08
32.5,25.8,3.22009e+08
32.5,25.9,3.35617e+08
32.5,26,3.49545e+08
32.5,26.1,3.63797e+08
32.5,26.2,3.78373e+08
32.5,26.3,3.93278e+08
32.5,26.4,4.08514e+08
32.5,26.5,4.24081e+08
32.5,26.6,4.39984e+08
32.5,26.7,4.56225e+08
32.5,26.8,4.72805e+08
32.5,26.9,4.89728e+08
32.5,27,5.06995e+08
32.5,27.1,5.24609e+08
32.5,27.2,5.42574e+08
32.5,27.3,5.6089e+08
32.5,27.4,5.6057e+08
32.5,27.5,5.93909e+08
32.5,27.6,6.08467e+08
32.5,27.7,6.23236e+08
32.5,27.8,6.38218e+08
32.5,27.9,6.53413e+08
32.5,28,6.68823e+08
32.5,28.1,6.84449e+08
32.5,28.2,7.00293e+08
32.5,28.3,7.16355e+08
32.5,28.4,7.32637e+08
32.5,28.5,7.49141e+08
32.5,28.6,7.65867e+08
32.5,28.7,7.82816e+08
32.5,28.8,7.99991e+08
32.5,28.9,8.17392e+08
32.5,29,8.3502e+08
32.5,29.1,8.52877e+08
32.5,29.2,8.70965e+08
32.5,29.3,8.89284e+08
32.5,29.4,9.07835e+08
32.5,29.5,9.26621e+08
32.5,29.6,9.45642e+08
32.5,29.7,9.64899e+08
32.5,29.8,9.84395e+08
32.5,29.9,1.00413e+09
32.5,30,1.0241e+09
32.5,30.1,1.04432e+09
32.5,30.2,1.06478e+09
32.5,30.3,1.08549e+09
32.5,30.4,1.10644e+09
32.5,30.5,1.12764e+09
32.5,30.6,1.14908e+09
32.5,30.7,1.17078e+09
32.5,30.8,1.19272e+09
32.5,30.9,1.21492e+09
32.5,31,1.23738e+09
32.5,31.1,1.26009e+09
32.5,31.2,1.28305e+09
32.5,31.3,1.30627e+09
32.5,31.4,1.32976e+09
32.5,31.5,1.3535e+09
32.5,31.6,1.3775e+09
32.5,31.7,1.40177e+09
32.5,31.8,1.4263e+09
32.5,31.9,1.4511e+09
32.5,32,1.47617e+09
32.5,32.1,1.5015e+09
32.5,32.2,1.52711e+09
32.5,32.3,1.55298e+09
32.5,32.4,1.57913e+09
32.5,32.5,1.60556e+09
32.5,32.6,1.62309e+09
32.5,32.7,1.64074e+09
32.5,32.8,1.65852e+09
32.5,32.9,1.67642e+09
32.5,33,1.69445e+09
32.5,33.1,1.7126e+09
32.5,33.2,1.73088e+09
32.5,33.3,1.74929e+09
32.5,33.4,1.76782e+09
32.5,33.5,1.78648e+09
32.5,33.6,1.80527e+09
32.5,33.7,1.82418e+09
32.5,33.8,1.84322e+09
32.5,33.9,1.8624e+09
32.5,34,1.8817e+09
32.5,34.1,1.90113e+09
32.5,34.2,1.92069e+09
32.5,34.3,1.94039e+09
32.5,34.4,1.96021e+09
32.5,34.5,1.98017e+09
32.5,34.6,2.00026e+09
32.5,34.7,2.02048e+09
32.5,34.8,2.04083e+09
32.5,34.9,2.06132e+09
32.5,35,2.08194e+09
32.5,35.1,2.1027e+09
32.5,35.2,2.12359e+09
32.5,35.3,2.14462e+09
32.5,35.4,2.16579e+09
32.5,35.5,2.18709e+09
32.5,35.6,2.20852e+09
32.5,35.7,2.2301e+09
32.5,35.8,2.25181e+09
32.5,35.9,2.27367e+09
32.5,36,2.29566e+09
32.5,36.1,2.31779e+09
32.5,36.2,2.34006e+09
32.5,36.3,2.36247e+09
32.5,36.4,2.38502e+09
32.5,36.5,2.40771e+09
32.5,36.6,2.43055e+09
32.5,36.7,2.45353e+09
32.5,36.8,2.47665e+09
32.5,36.9,2.49991e+09
32.5,37,2.52332e+09
32.5,37.1,2.54687e+09
32.5,37.2,2.57056e+09
32.5,37.3,2.59441e+09
32.5,37.4,2.61839e+09
32.5,37.5,2.64253e+09
32.5,37.6,2.66681e+09
32.5,37.7,2.69124e+09
32.5,37.8,2.71581e+09
32.5,37.9,2.74054e+09
32.5,38,2.76541e+09
32.5,38.1,2.79043e+09
32.5,38.2,2.8156e+09
32.5,38.3,2.84092e+09
32.5,38.4,2.8664e+09
32.5,38.5,2.89202e+09
32.5,38.6,2.9178e+09
32.5,38.7,2.94372e+09
32.5,38.8,2.96981e+09
32.5,38.9,2.99604e+09
32.5,39,3.02243e+09
32.5,39.1,3.04897e+09
32.5,39.2,3.07567e+09
32.5,39.3,3.10252e+09
32.5,39.4,3.12953e+09
32.5,39.5,3.15669e+09
32.5,39.6,3.18401e+09
32.5,39.7,3.21149e+09
32.5,39.8,3.23912e+09
32.5,39.9,3.26692e+09
32.6,20,2.94851e+06
32.6,20.1,1.97767e+06
32.6,20.2,1.20268e+06
32.6,20.3,625497
32.6,20.4,248127
32.6,20.5,72562.2
32.6,20.6,100807
32.6,20.7,334872
32.6,20.8,776773
32.6,20.9,1.42853e+06
32.6,21,2.29218e+06
32.6,21.1,3.36976e+06
32.6,21.2,4.6633e+06
32.6,21.3,6.17486e+06
32.6,21.4,7.9065e+06
32.6,21.5,9.86028e+06
32.6,21.6,1.20383e+07
32.6,21.7,1.44425e+07
32.6,21.8,1.70751e+07
32.6,21.9,1.99382e+07
32.6,22,2.30339e+07
32.6,22.1,2.63641e+07
32.6,22.2,2.99312e+07
32.6,22.3,3.37371e+07
32.6,22.4,3.7784e+07
32.6,22.5,4.20741e+07
32.6,22.6,4.66094e+07
32.6,22.7,5.13921e+07
32.6,22.8,5.64244e+07
32.6,22.9,6.17083e+07
32.6,23,6.72462e+07
32.6,23.1,7.304e+07
32.6,23.2,7.90921e+07
32.6,23.3,8.54046e+07
32.6,23.4,9.19797e+07
32.6,23.5,9.88195e+07
32.6,23.6,1.05926e+08
32.6,23.7,1.13302e+08
32.6,23.8,1.2095e+08
32.6,23.9,1.28871e+08
32.6,24,1.37068e+08
32.6,24.1,1.45542e+08
32.6,24.2,1.54298e+08
32.6,24.3,1.63335e+08
32.6,24.4,1.72658e+08
32.6,24.5,1.82268e+08
32.6,24.6,1.92167e+08
32.6,24.7,2.02358e+08
32.6,24.8,2.12842e+08
32.6,24.9,2.23623e+08
32.6,25,2.34702e+08
32.6,25.1,2.46082e+08
32.6,25.2,2.57765e+08
32.6,25.3,2.69754e+08
32.6,25.4,2.8205e+08
32.6,25.5,2.94656e+08
32.6,25.6,3.07575e+08
32.6,25.7,3.20808e+08
32.6,25.8,3.34359e+08
32.6,25.9,3.48228e+08
32.6,26,3.6242e+08
32.6,26.1,3.76936e+08
32.6,26.2,3.91778e+08
32.6,26.3,4.06949e+08
32.6,26.4,4.22451e+08
32.6,26.5,4.38287e+08
32.6,26.6,4.5446e+08
32.6,26.7,4.7097e+08
32.6,26.8,4.87822e+08
32.6,26.9,5.05016e+08
32.6,27,5.22557e+08
32.6,27.1,5.40445e+08
32.6,27.2,5.58685e+08
32.6,27.3,5.77277e+08
32.6,27.4,5.76961e+08
32.6,27.5,6.10785e+08
32.6,27.6,6.25556e+08
32.6,27.7,6.40539e+08
32.6,27.8,6.55735e+08
32.6,27.9,6.71145e+08
32.6,28,6.86771e+08
32.6,28.1,7.02613e+08
32.6,28.2,7.18674e+08
32.6,28.3,7.34954e+08
32.6,28.4,7.51455e+08
32.6,28.5,7.68177e+08
32.6,28.6,7.85123e+08
32.6,28.7,8.02293e+08
32.6,28.8,8.19689e+08
32.6,28.9,8.37311e+08
32.6,29,8.55162e+08
32.6,29.1,8.73243e+08
32.6,29.2,8.91554e+08
32.6,29.3,9.10098e+08
32.6,29.4,9.28875e+08
32.6,29.5,9.47887e+08
32.6,29.6,9.67134e+08
32.6,29.7,9.86619e+08
32.6,29.8,1.00634e+09
32.6,29.9,1.02631e+09
32.6,30,1.04651e+09
32.6,30.1,1.06696e+09
32.6,30.2,1.08765e+09
32.6,30.3,1.10859e+09
32.6,30.4,1.12977e+09
32.6,30.5,1.1512e+09
32.6,30.6,1.17288e+09
32.6,30.7,1.19481e+09
32.6,30.8,1.21699e+09
32.6,30.9,1.23943e+09
32.6,31,1.26212e+09
32.6,31.1,1.28506e+09
32.6,31.2,1.30827e+09
32.6,31.3,1.33173e+09
32.6,31.4,1.35545e+09
32.6,31.5,1.37943e+09
32.6,31.6,1.40368e+09
32.6,31.7,1.42819e+09
32.6,31.8,1.45296e+09
32.6,31.9,1.47801e+09
32.6,32,1.50332e+09
32.6,32.1,1.52889e+09
32.6,32.2,1.55474e+09
32.6,32.3,1.58087e+09
32.6,32.4,1.60726e+09
32.6,32.5,1.63393e+09
32.6,32.6,1.66088e+09
32.6,32.7,1.67875e+09
32.6,32.8,1.69675e+09
32.6,32.9,1.71487e+09
32.6,33,1.73312e+09
32.6,33.1,1.75149e+09
32.6,33.2,1.76999e+09
32.6,33.3,1.78862e+09
32.6,33.4,1.80737e+09
32.6,33.5,1.82625e+09
32.6,33.6,1.84526e+09
32.6,33.7,1.8644e+09
32.6,33.8,1.88367e+09
32.6,33.9,1.90306e+09
32.6,34,1.92259e+09
32.6,34.1,1.94225e+09
32.6,34.2,1.96203e+09
32.6,34.3,1.98195e+09
32.6,34.4,2.002e+09
32.6,34.5,2.02219e+09
32.6,34.6,2.0425e+09
32.6,34.7,2.06295e+09
32.6,34.8,2.08353e+09
32.6,34.9,2.10425e+09
32.6,35,2.1251e+09
32.6,35.1,2.14609e+09
32.6,35.2,2.16721e+09
32.6,35.3,2.18847e+09
32.6,35.4,2.20987e+09
32.6,35.5,2.2314e+09
32.6,35.6,2.25307e+09
32.6,35.7,2.27488e+09
32.6,35.8,2.29683e+09
32.6,35.9,2.31891e+09
32.6,36,2.34114e+09
32.6,36.1,2.3635e+09
32.6,36.2,2.38601e+09
32.6,36.3,2.40865e+09
32.6,36.4,2.43144e+09
32.6,36.5,2.45437e+09
32.6,36.6,2.47744e+09
32.6,36.7,2.50066e+09
32.6,36.8,2.52402e+09
32.6,36.9,2.54752e+09
32.6,37,2.57116e+09
32.6,37.1,2.59495e+09
32.6,37.2,2.61889e+09
32.6,37.3,2.64297e+09
32.6,37.4,2.6672e+09
32.6,37.5,2.69158e+09
32.6,37.6,2.7161e+09
32.6,37.7,2.74077e+09
32.6,37.8,2.76559e+09
32.6,37.9,2.79056e+09
32.6,38,2.81567e+09
32.6,38.1,2.84094e+09
32.6,38.2,2.86636e+09
32.6,38.3,2.89192e+09
32.6,38.4,2.91764e+09
32.6,38.5,2.94351e+09
32.6,38.6,2.96954e+09
32.6,38.7,2.99571e+09
32.6,38.8,3.02204e+09
32.6,38.9,3.04852e+09
32.6,39,3.07516e+09
32.6,39.1,3.10195e+09
32.6,39.2,3.1289e+09
32.6,39.3,3.156e+09
32.6,39.4,3.18326e+09
32.6,39.5,3.21067e+09
32.6,39.6,3.23825e+09
32.6,39.7,3.26598e+09
32.6,39.8,3.29387e+09
32.6,39.9,3.32191e+09
32.7,20,1.93313e+06
32.7,20.1,1.17052e+06
32.7,20.2,604669
32.7,20.3,237549
32.7,20.4,71154.2
32.7,20.5,107484
32.7,20.6,348541
32.7,20.7,796339
32.7,20.8,1.45289e+06
32.7,20.9,2.32023e+06
32.7,21,3.40038e+06
32.7,21.1,4.69538e+06
32.7,21.2,6.20727e+06
32.7,21.3,7.93811e+06
32.7,21.4,9.88995e+06
32.7,21.5,1.20649e+07
32.7,21.6,1.44649e+07
32.7,21.7,1.70922e+07
32.7,21.8,1.99487e+07
32.7,21.9,2.30367e+07
32.7,22,2.63581e+07
32.7,22.1,2.99151e+07
32.7,22.2,3.37098e+07
32.7,22.3,3.77443e+07
32.7,22.4,4.20208e+07
32.7,22.5,4.65413e+07
32.7,22.6,5.13081e+07
32.7,22.7,5.63231e+07
32.7,22.8,6.15887e+07
32.7,22.9,6.71069e+07
32.7,23,7.288e+07
32.7,23.1,7.891e+07
32.7,23.2,8.51992e+07
32.7,23.3,9.17497e+07
32.7,23.4,9.85637e+07
32.7,23.5,1.05643e+08
32.7,23.6,1.12991e+08
32.7,23.7,1.20609e+08
32.7,23.8,1.28499e+08
32.7,23.9,1.36664e+08
32.7,24,1.45106e+08
32.7,24.1,1.53826e+08
32.7,24.2,1.62828e+08
32.7,24.3,1.72113e+08
32.7,24.4,1.81685e+08
32.7,24.5,1.91544e+08
32.7,24.6,2.01693e+08
32.7,24.7,2.12135e+08
32.7,24.8,2.22872e+08
32.7,24.9,2.33907e+08
32.7,25,2.4524e+08
32.7,25.1,2.56875e+08
32.7,25.2,2.68815e+08
32.7,25.3,2.81061e+08
32.7,25.4,2.93615e+08
32.7,25.5,3.0648e+08
32.7,25.6,3.19659e+08
32.7,25.7,3.33154e+08
32.7,25.8,3.46966e+08
32.7,25.9,3.61099e+08
32.7,26,3.75555e+08
32.7,26.1,3.90336e+08
32.7,26.2,4.05444e+08
32.7,26.3,4.20882e+08
32.7,26.4,4.36652e+08
32.7,26.5,4.52757e+08
32.7,26.6,4.69199e+08
32.7,26.7,4.85981e+08
32.7,26.8,5.03104e+08
32.7,26.9,5.20572e+08
32.7,27,5.38386e+08
32.7,27.1,5.5655e+08
32.7,27.2,5.75065e+08
32.7,27.3,5.93934e+08
32.7,27.4,5.93622e+08
32.7,27.5,6.27933e+08
32.7,27.6,6.42918e+08
32.7,27.7,6.58115e+08
32.7,27.8,6.73525e+08
32.7,27.9,6.89151e+08
32.7,28,7.04993e+08
32.7,28.1,7.21053e+08
32.7,28.2,7.37331e+08
32.7,28.3,7.5383e+08
32.7,28.4,7.70549e+08
32.7,28.5,7.87492e+08
32.7,28.6,8.04658e+08
32.7,28.7,8.22049e+08
32.7,28.8,8.39667e+08
32.7,28.9,8.57512e+08
32.7,29,8.75586e+08
32.7,29.1,8.93891e+08
32.7,29.2,9.12427e+08
32.7,29.3,9.31196e+08
32.7,29.4,9.50199e+08
32.7,29.5,9.69437e+08
32.7,29.6,9.88912e+08
32.7,29.7,1.00863e+09
32.7,29.8,1.02858e+09
32.7,29.9,1.04877e+09
32.7,30,1.06921e+09
32.7,30.1,1.08988e+09
32.7,30.2,1.11081e+09
32.7,30.3,1.13198e+09
32.7,30.4,1.15339e+09
32.7,30.5,1.17506e+09
32.7,30.6,1.19697e+09
32.7,30.7,1.21914e+09
32.7,30.8,1.24156e+09
32.7,30.9,1.26423e+09
32.7,31,1.28716e+09
32.7,31.1,1.31034e+09
32.7,31.2,1.33378e+09
32.7,31.3,1.35748e+09
32.7,31.4,1.38144e+09
32.7,31.5,1.40567e+09
32.7,31.6,1.43016e+09
32.7,31.7,1.45491e+09
32.7,31.8,1.47993e+09
32.7,31.9,1.50521e+09
32.7,32,1.53077e+09
32.7,32.1,1.55659e+09
32.7,32.2,1.58269e+09
32.7,32.3,1.60905e+09
32.7,32.4,1.6357e+09
32.7,32.5,1.66262e+09
32.7,32.6,1.68981e+09
32.7,32.7,1.71729e+09
32.7,32.8,1.7355e+09
32.7,32.9,1.75385e+09
32.7,33,1.77231e+09
32.7,33.1,1.79091e+09
32.7,33.2,1.80963e+09
32.7,33.3,1.82848e+09
32.7,33.4,1.84745e+09
32.7,33.5,1.86656e+09
32.7,33.6,1.88579e+09
32.7,33.7,1.90515e+09
32.7,33.8,1.92464e+09
32.7,33.9,1.94426e+09
32.7,34,1.96401e+09
32.7,34.1,1.98389e+09
32.7,34.2,2.00391e+09
32.7,34.3,2.02405e+09
32.7,34.4,2.04433e+09
32.7,34.5,2.06474e+09
32.7,34.6,2.08529e+09
32.7,34.7,2.10596e+09
32.7,34.8,2.12678e+09
32.7,34.9,2.14772e+09
32.7,35,2.16881e+09
32.7,35.1,2.19002e+09
32.7,35.2,2.21138e+09
32.7,35.3,2.23287e+09
32.7,35.4,2.25449e+09
32.7,35.5,2.27626e+09
32.7,35.6,2.29816e+09
32.7,35.7,2.3202e+09
32.7,35.8,2.34238e+09
32.7,35.9,2.3647e+09
32.7,36,2.38716e+09
32.7,36.1,2.40976e+09
32.7,36.2,2.43251e+09
32.7,36.3,2.45539e+09
32.7,36.4,2.47841e+09
32.7,36.5,2.50158e+09
32.7,36.6,2.52489e+09
32.7,36.7,2.54834e+09
32.7,36.8,2.57194e+09
32.7,36.9,2.59568e+09
32.7,37,2.61957e+09
32.7,37.1,2.6436e+09
32.7,37.2,2.66778e+09
32.7,37.3,2.6921e+09
32.7,37.4,2.71657e+09
32.7,37.5,2.74119e+09
32.7,37.6,2.76595e+09
32.7,37.7,2.79087e+09
32.7,37.8,2.81593e+09
32.7,37.9,2.84114e+09
32.7,38,2.8665e+09
32.7,38.1,2.89201e+09
32.7,38.2,2.91768e+09
32.7,38.3,2.94349e+09
32.7,38.4,2.96946e+09
32.7,38.5,2.99557e+09
32.7,38.6,3.02184e+09
32.7,38.7,3.04827e+09
32.7,38.8,3.07484e+09
32.7,38.9,3.10158e+09
32.7,39,3.12846e+09
32.7,39.1,3.1555e+09
32.7,39.2,3.1827e+09
32.7,39.3,3.21006e+09
32.7,39.4,3.23757e+09
32.7,39.5,3.26523e+09
32.7,39.6,3.29306e+09
32.7,39.7,3.32104e+09
32.7,39.8,3.34919e+09
32.7,39.9,3.37749e+09
32.8,20,1.13601e+06
32.8,20.1,582303
32.8,20.2,226264
32.8,20.3,69877.7
32.8,20.4,115135
32.8,20.5,364036
32.8,20.6,818586
32.8,20.7,1.4808e+06
32.8,20.8,2.35269e+06
32.8,20.9,3.43629e+06
32.8,21,4.73362e+06
32.8,21.1,6.24673e+06
32.8,21.2,7.97766e+06
32.8,21.3,9.92847e+06
32.8,21.4,1.21012e+07
32.8,21.5,1.44979e+07
32.8,21.6,1.71207e+07
32.8,21.7,1.99717e+07
32.8,21.8,2.30529e+07
32.8,21.9,2.63664e+07
32.8,22,2.99143e+07
32.8,22.1,3.36987e+07
32.8,22.2,3.77218e+07
32.8,22.3,4.19857e+07
32.8,22.4,4.64924e+07
32.8,22.5,5.12441e+07
32.8,22.6,5.6243e+07
32.8,22.7,6.14911e+07
32.8,22.8,6.69907e+07
32.8,22.9,7.27439e+07
32.8,23,7.87529e+07
32.8,23.1,8.50197e+07
32.8,23.2,9.15467e+07
32.8,23.3,9.8336e+07
32.8,23.4,1.0539e+08
32.8,23.5,1.1271e+08
32.8,23.6,1.203e+08
32.8,23.7,1.2816e+08
32.8,23.8,1.36294e+08
32.8,23.9,1.44703e+08
32.8,24,1.5339e+08
32.8,24.1,1.62357e+08
32.8,24.2,1.71606e+08
32.8,24.3,1.8114e+08
32.8,24.4,1.9096e+08
32.8,24.5,2.0107e+08
32.8,24.6,2.11471e+08
32.8,24.7,2.22165e+08
32.8,24.8,2.33155e+08
32.8,24.9,2.44443e+08
32.8,25,2.56032e+08
32.8,25.1,2.67923e+08
32.8,25.2,2.8012e+08
32.8,25.3,2.92623e+08
32.8,25.4,3.05437e+08
32.8,25.5,3.18562e+08
32.8,25.6,3.32002e+08
32.8,25.7,3.45758e+08
32.8,25.8,3.59834e+08
32.8,25.9,3.7423e+08
32.8,26,3.88951e+08
32.8,26.1,4.03997e+08
32.8,26.2,4.19372e+08
32.8,26.3,4.35078e+08
32.8,26.4,4.51118e+08
32.8,26.5,4.67492e+08
32.8,26.6,4.84205e+08
32.8,26.7,5.01258e+08
32.8,26.8,5.18655e+08
32.8,26.9,5.36396e+08
32.8,27,5.54485e+08
32.8,27.1,5.72924e+08
32.8,27.2,5.91716e+08
32.8,27.3,6.10863e+08
32.8,27.4,6.10555e+08
32.8,27.5,6.45354e+08
32.8,27.6,6.60553e+08
32.8,27.7,6.75964e+08
32.8,27.8,6.91591e+08
32.8,27.9,7.07433e+08
32.8,28,7.23492e+08
32.8,28.1,7.39769e+08
32.8,28.2,7.56266e+08
32.8,28.3,7.72983e+08
32.8,28.4,7.89923e+08
32.8,28.5,8.07085e+08
32.8,28.6,8.24473e+08
32.8,28.7,8.42086e+08
32.8,28.8,8.59926e+08
32.8,28.9,8.77994e+08
32.8,29,8.96293e+08
32.8,29.1,9.14822e+08
32.8,29.2,9.33583e+08
32.8,29.3,9.52578e+08
32.8,29.4,9.71808e+08
32.8,29.5,9.91274e+08
32.8,29.6,1.01098e+09
32.8,29.7,1.03092e+09
32.8,29.8,1.0511e+09
32.8,29.9,1.07152e+09
32.8,30,1.09219e+09
32.8,30.1,1.1131e+09
32.8,30.2,1.13426e+09
32.8,30.3,1.15566e+09
32.8,30.4,1.17731e+09
32.8,30.5,1.19921e+09
32.8,30.6,1.22136e+09
32.8,30.7,1.24376e+09
32.8,30.8,1.26641e+09
32.8,30.9,1.28932e+09
32.8,31,1.31249e+09
32.8,31.1,1.33591e+09
32.8,31.2,1.35959e+09
32.8,31.3,1.38353e+09
32.8,31.4,1.40774e+09
32.8,31.5,1.4322e+09
32.8,31.6,1.45693e+09
32.8,31.7,1.48193e+09
32.8,31.8,1.50719e+09
32.8,31.9,1.53272e+09
32.8,32,1.55852e+09
32.8,32.1,1.58459e+09
32.8,32.2,1.61093e+09
32.8,32.3,1.63755e+09
32.8,32.4,1.66444e+09
32.8,32.5,1.69161e+09
32.8,32.6,1.71905e+09
32.8,32.7,1.74678e+09
32.8,32.8,1.77478e+09
32.8,32.9,1.79335e+09
32.8,33,1.81203e+09
32.8,33.1,1.83085e+09
32.8,33.2,1.84979e+09
32.8,33.3,1.86886e+09
32.8,33.4,1.88806e+09
32.8,33.5,1.90739e+09
32.8,33.6,1.92685e+09
32.8,33.7,1.94643e+09
32.8,33.8,1.96615e+09
32.8,33.9,1.98599e+09
32.8,34,2.00597e+09
32.8,34.1,2.02608e+09
32.8,34.2,2.04632e+09
32.8,34.3,2.06669e+09
32.8,34.4,2.0872e+09
32.8,34.5,2.10784e+09
32.8,34.6,2.12861e+09
32.8,34.7,2.14952e+09
32.8,34.8,2.17056e+09
32.8,34.9,2.19174e+09
32.8,35,2.21305e+09
32.8,35.1,2.2345e+09
32.8,35.2,2.25608e+09
32.8,35.3,2.27781e+09
32.8,35.4,2.29967e+09
32.8,35.5,2.32166e+09
32.8,35.6,2.3438e+09
32.8,35.7,2.36608e+09
32.8,35.8,2.38849e+09
32.8,35.9,2.41105e+09
32.8,36,2.43374e+09
32.8,36.1,2.45658e+09
32.8,36.2,2.47956e+09
32.8,36.3,2.50268e+09
32.8,36.4,2.52594e+09
32.8,36.5,2.54934e+09
32.8,36.6,2.57289e+09
32.8,36.7,2.59659e+09
32.8,36.8,2.62042e+09
32.8,36.9,2.6444e+09
32.8,37,2.66853e+09
32.8,37.1,2.6928e+09
32.8,37.2,2.71722e+09
32.8,37.3,2.74179e+09
32.8,37.4,2.7665e+09
32.8,37.5,2.79136e+09
32.8,37.6,2.81637e+09
32.8,37.7,2.84153e+09
32.8,37.8,2.86684e+09
32.8,37.9,2.89229e+09
32.8,38,2.9179e+09
32.8,38.1,2.94366e+09
32.8,38.2,2.96957e+09
32.8,38.3,2.99563e+09
32.8,38.4,3.02184e+09
32.8,38.5,3.04821e+09
32.8,38.6,3.07472e+09
32.8,38.7,3.1014e+09
32.8,38.8,3.12822e+09
32.8,38.9,3.15521e+09
32.8,39,3.18234e+09
32.8,39.1,3.20964e+09
32.8,39.2,3.23709e+09
32.8,39.3,3.26469e+09
32.8,39.4,3.29245e+09
32.8,39.5,3.32038e+09
32.8,39.6,3.34845e+09
32.8,39.7,3.37669e+09
32.8,39.8,3.40509e+09
32.8,39.9,3.43365e+09
32.9,20,558536
32.9,20.1,214404
32.9,20.2,68855.4
32.9,20.3,123877
32.9,20.4,381464
32.9,20.5,843614
32.9,20.6,1.51234e+06
32.9,20.7,2.38964e+06
32.9,20.8,3.47755e+06
32.9,20.9,4.7781e+06
32.9,21,6.2933e+06
32.9,21.1,8.02521e+06
32.9,21.2,9.97587e+06
32.9,21.3,1.21473e+07
32.9,21.4,1.45417e+07
32.9,21.5,1.71609e+07
32.9,21.6,2.00072e+07
32.9,21.7,2.30825e+07
32.9,21.8,2.6389e+07
32.9,21.9,2.99288e+07
32.9,22,3.37039e+07
32.9,22.1,3.77165e+07
32.9,22.2,4.19686e+07
32.9,22.3,4.64625e+07
32.9,22.4,5.12002e+07
32.9,22.5,5.61838e+07
32.9,22.6,6.14155e+07
32.9,22.7,6.68975e+07
32.9,22.8,7.26318e+07
32.9,22.9,7.86207e+07
32.9,23,8.48662e+07
32.9,23.1,9.13707e+07
32.9,23.2,9.81362e+07
32.9,23.3,1.05165e+08
32.9,23.4,1.12459e+08
32.9,23.5,1.20021e+08
32.9,23.6,1.27853e+08
32.9,23.7,1.35956e+08
32.9,23.8,1.44334e+08
32.9,23.9,1.52989e+08
32.9,24,1.61922e+08
32.9,24.1,1.71136e+08
32.9,24.2,1.80634e+08
32.9,24.3,1.90416e+08
32.9,24.4,2.00487e+08
32.9,24.5,2.10847e+08
32.9,24.6,2.215e+08
32.9,24.7,2.32447e+08
32.9,24.8,2.43691e+08
32.9,24.9,2.55234e+08
32.9,25,2.67079e+08
32.9,25.1,2.79227e+08
32.9,25.2,2.91681e+08
32.9,25.3,3.04444e+08
32.9,25.4,3.17517e+08
32.9,25.5,3.30903e+08
32.9,25.6,3.44604e+08
32.9,25.7,3.58623e+08
32.9,25.8,3.72962e+08
32.9,25.9,3.87624e+08
32.9,26,4.0261e+08
32.9,26.1,4.17923e+08
32.9,26.2,4.33566e+08
32.9,26.3,4.4954e+08
32.9,26.4,4.65849e+08
32.9,26.5,4.82494e+08
32.9,26.6,4.99478e+08
32.9,26.7,5.16804e+08
32.9,26.8,5.34474e+08
32.9,26.9,5.5249e+08
32.9,27,5.70854e+08
32.9,27.1,5.8957e+08
32.9,27.2,6.08639e+08
32.9,27.3,6.28064e+08
32.9,27.4,6.27761e+08
32.9,27.5,6.63049e+08
32.9,27.6,6.78463e+08
32.9,27.7,6.9409e+08
32.9,27.8,7.09933e+08
32.9,27.9,7.25992e+08
32.9,28,7.42268e+08
32.9,28.1,7.58764e+08
32.9,28.2,7.75479e+08
32.9,28.3,7.92417e+08
32.9,28.4,8.09576e+08
32.9,28.5,8.2696e+08
32.9,28.6,8.44569e+08
32.9,28.7,8.62405e+08
32.9,28.8,8.80468e+08
32.9,28.9,8.98761e+08
32.9,29,9.17283e+08
32.9,29.1,9.36038e+08
32.9,29.2,9.55025e+08
32.9,29.3,9.74247e+08
32.9,29.4,9.93704e+08
32.9,29.5,1.0134e+09
32.9,29.6,1.03333e+09
32.9,29.7,1.0535e+09
32.9,29.8,1.07391e+09
32.9,29.9,1.09457e+09
32.9,30,1.11547e+09
32.9,30.1,1.13661e+09
32.9,30.2,1.158e+09
32.9,30.3,1.17963e+09
32.9,30.4,1.20152e+09
32.9,30.5,1.22365e+09
32.9,30.6,1.24604e+09
32.9,30.7,1.26868e+09
32.9,30.8,1.29157e+09
32.9,30.9,1.31472e+09
32.9,31,1.33812e+09
32.9,31.1,1.36178e+09
32.9,31.2,1.3857e+09
32.9,31.3,1.40989e+09
32.9,31.4,1.43433e+09
32.9,31.5,1.45904e+09
32.9,31.6,1.48401e+09
32.9,31.7,1.50925e+09
32.9,31.8,1.53476e+09
32.9,31.9,1.56053e+09
32.9,32,1.58658e+09
32.9,32.1,1.61289e+09
32.9,32.2,1.63948e+09
32.9,32.3,1.66635e+09
32.9,32.4,1.69349e+09
32.9,32.5,1.72091e+09
32.9,32.6,1.7486e+09
32.9,32.7,1.77658e+09
32.9,32.8,1.80483e+09
32.9,32.9,1.83337e+09
32.9,33,1.85229e+09
32.9,33.1,1.87132e+09
32.9,33.2,1.89049e+09
32.9,33.3,1.90978e+09
32.9,33.4,1.92921e+09
32.9,33.5,1.94876e+09
32.9,33.6,1.96844e+09
32.9,33.7,1.98825e+09
32.9,33.8,2.00819e+09
32.9,33.9,2.02826e+09
32.9,34,2.04847e+09
32.9,34.1,2.0688e+09
32.9,34.2,2.08927e+09
32.9,34.3,2.10987e+09
32.9,34.4,2.13061e+09
32.9,34.5,2.15148e+09
32.9,34.6,2.17248e+09
32.9,34.7,2.19362e+09
32.9,34.8,2.21489e+09
32.9,34.9,2.2363e+09
32.9,35,2.25784e+09
32.9,35.1,2.27952e+09
32.9,35.2,2.30134e+09
32.9,35.3,2.32329e+09
32.9,35.4,2.34539e+09
32.9,35.5,2.36762e+09
32.9,35.6,2.38999e+09
32.9,35.7,2.4125e+09
32.9,35.8,2.43515e+09
32.9,35.9,2.45794e+09
32.9,36,2.48088e+09
32.9,36.1,2.50395e+09
32.9,36.2,2.52717e+09
32.9,36.3,2.55052e+09
32.9,36.4,2.57402e+09
32.9,36.5,2.59767e+09
32.9,36.6,2.62146e+09
32.9,36.7,2.64539e+09
32.9,36.8,2.66947e+09
32.9,36.9,2.69369e+09
32.9,37,2.71806e+09
32.9,37.1,2.74257e+09
32.9,37.2,2.76723e+09
32.9,37.3,2.79204e+09
32.9,37.4,2.817e+09
32.9,37.5,2.8421e+09
32.9,37.6,2.86736e+09
32.9,37.7,2.89276e+09
32.9,37.8,2.91831e+09
32.9,37.9,2.94401e+09
32.9,38,2.96987e+09
32.9,38.1,2.99587e+09
32.9,38.2,3.02203e+09
32.9,38.3,3.04834e+09
32.9,38.4,3.0748e+09
32.9,38.5,3.10141e+09
32.9,38.6,3.12818e+09
32.9,38.7,3.1551e+09
32.9,38.8,3.18218e+09
32.9,38.9,3.20942e+09
32.9,39,3.2368e+09
32.9,39.1,3.26435e+09
32.9,39.2,3.29205e+09
32.9,39.3,3.31991e+09
32.9,39.4,3.34793e+09
32.9,39.5,3.3761e+09
32.9,39.6,3.40443e+09
32.9,39.7,3.43293e+09
32.9,39.8,3.46158e+09
32.9,39.9,3.49039e+09
33,20,202109
33,20.1,68221.9
33,20.2,133838
33,20.3,400944
33,20.4,871537
33,20.5,1.54762e+06
33,20.6,2.43119e+06
33,20.7,3.52427e+06
33,20.8,4.82889e+06
33,20.9,6.34706e+06
33,21,8.08083e+06
33,21.1,1.00322e+07
33,21.2,1.22033e+07
33,21.3,1.45961e+07
33,21.4,1.72127e+07
33,21.5,2.00552e+07
33,21.6,2.31256e+07
33,21.7,2.6426e+07
33,21.8,2.99586e+07
33,21.9,3.37253e+07
33,22,3.77283e+07
33,22.1,4.19697e+07
33,22.2,4.64517e+07
33,22.3,5.11763e+07
33,22.4,5.61456e+07
33,22.5,6.13618e+07
33,22.6,6.68271e+07
33,22.7,7.25435e+07
33,22.8,7.85133e+07
33,22.9,8.47386e+07
33,23,9.12216e+07
33,23.1,9.79643e+07
33,23.2,1.04969e+08
33,23.3,1.12238e+08
33,23.4,1.19773e+08
33,23.5,1.27577e+08
33,23.6,1.35652e+08
33,23.7,1.44e+08
33,23.8,1.52623e+08
33,23.9,1.61523e+08
33,24,1.70703e+08
33,24.1,1.80165e+08
33,24.2,1.89912e+08
33,24.3,1.99944e+08
33,24.4,2.10265e+08
33,24.5,2.20878e+08
33,24.6,2.31783e+08
33,24.7,2.42984e+08
33,24.8,2.54483e+08
33,24.9,2.66281e+08
33,25,2.78382e+08
33,25.1,2.90788e+08
33,25.2,3.03501e+08
33,25.3,3.16523e+08
33,25.4,3.29856e+08
33,25.5,3.43504e+08
33,25.6,3.57468e+08
33,25.7,3.7175e+08
33,25.8,3.86354e+08
33,25.9,4.0128e+08
33,26,4.16533e+08
33,26.1,4.32113e+08
33,26.2,4.48024e+08
33,26.3,4.64268e+08
33,26.4,4.80847e+08
33,26.5,4.97764e+08
33,26.6,5.1502e+08
33,26.7,5.32619e+08
33,26.8,5.50563e+08
33,26.9,5.68854e+08
33,27,5.87495e+08
33,27.1,6.06488e+08
33,27.2,6.25836e+08
33,27.3,6.4554e+08
33,27.4,6.45242e+08
33,27.5,6.8102e+08
33,27.6,6.96649e+08
33,27.7,7.12493e+08
33,27.8,7.28552e+08
33,27.9,7.44829e+08
33,28,7.61324e+08
33,28.1,7.78038e+08
33,28.2,7.94973e+08
33,28.3,8.12131e+08
33,28.4,8.29512e+08
33,28.5,8.47117e+08
33,28.6,8.64949e+08
33,28.7,8.83008e+08
33,28.8,9.01295e+08
33,28.9,9.19812e+08
33,29,9.3856e+08
33,29.1,9.5754e+08
33,29.2,9.76754e+08
33,29.3,9.96203e+08
33,29.4,1.01589e+09
33,29.5,1.03581e+09
33,29.6,1.05597e+09
33,29.7,1.07637e+09
33,29.8,1.09702e+09
33,29.9,1.1179e+09
33,30,1.13903e+09
33,30.1,1.16041e+09
33,30.2,1.18203e+09
33,30.3,1.2039e+09
33,30.4,1.22602e+09
33,30.5,1.24839e+09
33,30.6,1.27101e+09
33,30.7,1.29389e+09
33,30.8,1.31702e+09
33,30.9,1.34041e+09
33,31,1.36405e+09
33,31.1,1.38795e+09
33,31.2,1.41211e+09
33,31.3,1.43654e+09
33,31.4,1.46123e+09
33,31.5,1.48618e+09
33,31.6,1.51139e+09
33,31.7,1.53688e+09
33,31.8,1.56263e+09
33,31.9,1.58865e+09
33,32,1.61494e+09
33,32.1,1.64151e+09
33,32.2,1.66834e+09
33,32.3,1.69546e+09
33,32.4,1.72285e+09
33,32.5,1.75051e+09
33,32.6,1.77846e+09
33,32.7,1.80669e+09
33,32.8,1.8352e+09
33,32.9,1.86399e+09
33,33,1.89307e+09
33,33.1,1.91233e+09
33,33.2,1.93172e+09
33,33.3,1.95124e+09
33,33.4,1.97089e+09
33,33.5,1.99066e+09
33,33.6,2.01057e+09
33,33.7,2.03061e+09
33,33.8,2.05077e+09
33,33.9,2.07107e+09
33,34,2.09151e+09
33,34.1,2.11207e+09
33,34.2,2.13277e+09
33,34.3,2.1536e+09
33,34.4,2.17456e+09
33,34.5,2.19566e+09
33,34.6,2.21689e+09
33,34.7,2.23826e+09
33,34.8,2.25976e+09
33,34.9,2.2814e+09
33,35,2.30318e+09
33,35.1,2.32509e+09
33,35.2,2.34715e+09
33,35.3,2.36934e+09
33,35.4,2.39166e+09
33,35.5,2.41413e+09
33,35.6,2.43674e+09
33,35.7,2.45948e+09
33,35.8,2.48237e+09
33,35.9,2.5054e+09
33,36,2.52857e+09
33,36.1,2.55188e+09
33,36.2,2.57533e+09
33,36.3,2.59893e+09
33,36.4,2.62267e+09
33,36.5,2.64655e+09
33,36.6,2.67058e+09
33,36.7,2.69476e+09
33,36.8,2.71907e+09
33,36.9,2.74354e+09
33,37,2.76815e+09
33,37.1,2.79291e+09
33,37.2,2.81781e+09
33,37.3,2.84286e+09
33,37.4,2.86806e+09
33,37.5,2.89341e+09
33,37.6,2.91891e+09
33,37.7,2.94456e+09
33,37.8,2.97036e+09
33,37.9,2.99631e+09
33,38,3.02241e+09
33,38.1,3.04866e+09
33,38.2,3.07507e+09
33,38.3,3.10162e+09
33,38.4,3.12833e+09
33,38.5,3.1552e+09
33,38.6,3.18222e+09
33,38.7,3.20939e+09
33,38.8,3.23672e+09
33,38.9,3.26421e+09
33,39,3.29185e+09
33,39.1,3.31964e+09
33,39.2,3.3476e+09
33,39.3,3.37571e+09
33,39.4,3.40398e+09
33,39.5,3.43241e+09
33,39.6,3.461e+09
33,39.7,3.48975e+09
33,39.8,3.51866e+09
33,39.9,3.54773e+09
33.1,20,68123.5
33.1,20.1,145155
33.1,20.2,422609
33.1,20.3,902477
33.1,20.4,1.58675e+06
33.1,20.5,2.47744e+06
33.1,20.6,3.57655e+06
33.1,20.7,4.8861e+06
33.1,20.8,6.4081e+06
33.1,20.9,8.14459e+06
33.1,21,1.00976e+07
33.1,21.1,1.22692e+07
33.1,21.2,1.46614e+07
33.1,21.3,1.72762e+07
33.1,21.4,2.01158e+07
33.1,21.5,2.31822e+07
33.1,21.6,2.64774e+07
33.1,21.7,3.00037e+07
33.1,21.8,3.37629e+07
33.1,21.9,3.77573e+07
33.1,22,4.19889e+07
33.1,22.1,4.64599e+07
33.1,22.2,5.11723e+07
33.1,22.3,5.61283e+07
33.1,22.4,6.13301e+07
33.1,22.5,6.67796e+07
33.1,22.6,7.24792e+07
33.1,22.7,7.84308e+07
33.1,22.8,8.46368e+07
33.1,22.9,9.10992e+07
33.1,23,9.78202e+07
33.1,23.1,1.04802e+08
33.1,23.2,1.12047e+08
33.1,23.3,1.19557e+08
33.1,23.4,1.27334e+08
33.1,23.5,1.35381e+08
33.1,23.6,1.43699e+08
33.1,23.7,1.52292e+08
33.1,23.8,1.6116e+08
33.1,23.9,1.70308e+08
33.1,24,1.79735e+08
33.1,24.1,1.89446e+08
33.1,24.2,1.99442e+08
33.1,24.3,2.09725e+08
33.1,24.4,2.20298e+08
33.1,24.5,2.31162e+08
33.1,24.6,2.42321e+08
33.1,24.7,2.53776e+08
33.1,24.8,2.6553e+08
33.1,24.9,2.77586e+08
33.1,25,2.89944e+08
33.1,25.1,3.02608e+08
33.1,25.2,3.1558e+08
33.1,25.3,3.28862e+08
33.1,25.4,3.42457e+08
33.1,25.5,3.56367e+08
33.1,25.6,3.70594e+08
33.1,25.7,3.85141e+08
33.1,25.8,4.00009e+08
33.1,25.9,4.15202e+08
33.1,26,4.30722e+08
33.1,26.1,4.4657e+08
33.1,26.2,4.6275e+08
33.1,26.3,4.79264e+08
33.1,26.4,4.96114e+08
33.1,26.5,5.13303e+08
33.1,26.6,5.30833e+08
33.1,26.7,5.48706e+08
33.1,26.8,5.66925e+08
33.1,26.9,5.85492e+08
33.1,27,6.0441e+08
33.1,27.1,6.23681e+08
33.1,27.2,6.43307e+08
33.1,27.3,6.63292e+08
33.1,27.4,6.62998e+08
33.1,27.5,6.99268e+08
33.1,27.6,7.15113e+08
33.1,27.7,7.31174e+08
33.1,27.8,7.47451e+08
33.1,27.9,7.63946e+08
33.1,28,7.80659e+08
33.1,28.1,7.97594e+08
33.1,28.2,8.14749e+08
33.1,28.3,8.32128e+08
33.1,28.4,8.4973e+08
33.1,28.5,8.67558e+08
33.1,28.6,8.85613e+08
33.1,28.7,9.03896e+08
33.1,28.8,9.22407e+08
33.1,28.9,9.4115e+08
33.1,29,9.60124e+08
33.1,29.1,9.79331e+08
33.1,29.2,9.98772e+08
33.1,29.3,1.01845e+09
33.1,29.4,1.03836e+09
33.1,29.5,1.05852e+09
33.1,29.6,1.07891e+09
33.1,29.7,1.09954e+09
33.1,29.8,1.12041e+09
33.1,29.9,1.14153e+09
33.1,30,1.1629e+09
33.1,30.1,1.1845e+09
33.1,30.2,1.20636e+09
33.1,30.3,1.22847e+09
33.1,30.4,1.25082e+09
33.1,30.5,1.27343e+09
33.1,30.6,1.29629e+09
33.1,30.7,1.3194e+09
33.1,30.8,1.34277e+09
33.1,30.9,1.3664e+09
33.1,31,1.39028e+09
33.1,31.1,1.41442e+09
33.1,31.2,1.43883e+09
33.1,31.3,1.46349e+09
33.1,31.4,1.48842e+09
33.1,31.5,1.51362e+09
33.1,31.6,1.53908e+09
33.1,31.7,1.56481e+09
33.1,31.8,1.59081e+09
33.1,31.9,1.61707e+09
33.1,32,1.64361e+09
33.1,32.1,1.67043e+09
33.1,32.2,1.69751e+09
33.1,32.3,1.72488e+09
33.1,32.4,1.75252e+09
33.1,32.5,1.78043e+09
33.1,32.6,1.80863e+09
33.1,32.7,1.83711e+09
33.1,32.8,1.86588e+09
33.1,32.9,1.89492e+09
33.1,33,1.92426e+09
33.1,33.1,1.95388e+09
33.1,33.2,1.97349e+09
33.1,33.3,1.99323e+09
33.1,33.4,2.0131e+09
33.1,33.5,2.03311e+09
33.1,33.6,2.05324e+09
33.1,33.7,2.0735e+09
33.1,33.8,2.0939e+09
33.1,33.9,2.11443e+09
33.1,34,2.13509e+09
33.1,34.1,2.15588e+09
33.1,34.2,2.17681e+09
33.1,34.3,2.19787e+09
33.1,34.4,2.21906e+09
33.1,34.5,2.24039e+09
33.1,34.6,2.26185e+09
33.1,34.7,2.28345e+09
33.1,34.8,2.30519e+09
33.1,34.9,2.32706e+09
33.1,35,2.34907e+09
33.1,35.1,2.37122e+09
33.1,35.2,2.39351e+09
33.1,35.3,2.41593e+09
33.1,35.4,2.43849e+09
33.1,35.5,2.4612e+09
33.1,35.6,2.48404e+09
33.1,35.7,2.50702e+09
33.1,35.8,2.53015e+09
33.1,35.9,2.55341e+09
33.1,36,2.57682e+09
33.1,36.1,2.60037e+09
33.1,36.2,2.62406e+09
33.1,36.3,2.6479e+09
33.1,36.4,2.67188e+09
33.1,36.5,2.696e+09
33.1,36.6,2.72027e+09
33.1,36.7,2.74469e+09
33.1,36.8,2.76925e+09
33.1,36.9,2.79395e+09
33.1,37,2.81881e+09
33.1,37.1,2.84381e+09
33.1,37.2,2.86896e+09
33.1,37.3,2.89426e+09
33.1,37.4,2.9197e+09
33.1,37.5,2.9453e+09
33.1,37.6,2.97104e+09
33.1,37.7,2.99694e+09
33.1,37.8,3.02298e+09
33.1,37.9,3.04918e+09
33.1,38,3.07553e+09
33.1,38.1,3.10203e+09
33.1,38.2,3.12868e+09
33.1,38.3,3.15549e+09
33.1,38.4,3.18245e+09
33.1,38.5,3.20957e+09
33.1,38.6,3.23684e+09
33.1,38.7,3.26426e+09
33.1,38.8,3.29184e+09
33.1,38.9,3.31958e+09
33.1,39,3.34747e+09
33.1,39.1,3.37552e+09
33.1,39.2,3.40373e+09
33.1,39.3,3.4321e+09
33.1,39.4,3.46063e+09
33.1,39.5,3.48931e+09
33.1,39.6,3.51816e+09
33.1,39.7,3.54716e+09
33.1,39.8,3.57633e+09
33.1,39.9,3.60566e+09
33.2,20,157979
33.2,20.1,446602
33.2,20.2,936572
33.2,20.3,1.62988e+06
33.2,20.4,2.52852e+06
33.2,20.5,3.6345e+06
33.2,20.6,4.94982e+06
33.2,20.7,6.47651e+06
33.2,20.8,8.21659e+06
33.2,20.9,1.01721e+07
33.2,21,1.2345e+07
33.2,21.1,1.47375e+07
33.2,21.2,1.73515e+07
33.2,21.3,2.01891e+07
33.2,21.4,2.32523e+07
33.2,21.5,2.65433e+07
33.2,21.6,3.00641e+07
33.2,21.7,3.38168e+07
33.2,21.8,3.78035e+07
33.2,21.9,4.20262e+07
33.2,22,4.64872e+07
33.2,22.1,5.11884e+07
33.2,22.2,5.6132e+07
33.2,22.3,6.13202e+07
33.2,22.4,6.6755e+07
33.2,22.5,7.24386e+07
33.2,22.6,7.83731e+07
33.2,22.7,8.45607e+07
33.2,22.8,9.10036e+07
33.2,22.9,9.77038e+07
33.2,23,1.04664e+08
33.2,23.1,1.11885e+08
33.2,23.2,1.19371e+08
33.2,23.3,1.27122e+08
33.2,23.4,1.35142e+08
33.2,23.5,1.43432e+08
33.2,23.6,1.51995e+08
33.2,23.7,1.60833e+08
33.2,23.8,1.69949e+08
33.2,23.9,1.79343e+08
33.2,24,1.89019e+08
33.2,24.1,1.98979e+08
33.2,24.2,2.09225e+08
33.2,24.3,2.1976e+08
33.2,24.4,2.30585e+08
33.2,24.5,2.41703e+08
33.2,24.6,2.53116e+08
33.2,24.7,2.64826e+08
33.2,24.8,2.76836e+08
33.2,24.9,2.89149e+08
33.2,25,3.01765e+08
33.2,25.1,3.14688e+08
33.2,25.2,3.2792e+08
33.2,25.3,3.41464e+08
33.2,25.4,3.5532e+08
33.2,25.5,3.69493e+08
33.2,25.6,3.83984e+08
33.2,25.7,3.98796e+08
33.2,25.8,4.1393e+08
33.2,25.9,4.2939e+08
33.2,26,4.45178e+08
33.2,26.1,4.61295e+08
33.2,26.2,4.77745e+08
33.2,26.3,4.9453e+08
33.2,26.4,5.11652e+08
33.2,26.5,5.29113e+08
33.2,26.6,5.46917e+08
33.2,26.7,5.65065e+08
33.2,26.8,5.83559e+08
33.2,26.9,6.02403e+08
33.2,27,6.21599e+08
33.2,27.1,6.41149e+08
33.2,27.2,6.61055e+08
33.2,27.3,6.81321e+08
33.2,27.4,6.81032e+08
33.2,27.5,7.17795e+08
33.2,27.6,7.33857e+08
33.2,27.7,7.50135e+08
33.2,27.8,7.6663e+08
33.2,27.9,7.83344e+08
33.2,28,8.00277e+08
33.2,28.1,8.17432e+08
33.2,28.2,8.34808e+08
33.2,28.3,8.52409e+08
33.2,28.4,8.70234e+08
33.2,28.5,8.88285e+08
33.2,28.6,9.06563e+08
33.2,28.7,9.2507e+08
33.2,28.8,9.43807e+08
33.2,28.9,9.62775e+08
33.2,29,9.81976e+08
33.2,29.1,1.00141e+09
33.2,29.2,1.02108e+09
33.2,29.3,1.04099e+09
33.2,29.4,1.06113e+09
33.2,29.5,1.08151e+09
33.2,29.6,1.10213e+09
33.2,29.7,1.123e+09
33.2,29.8,1.14411e+09
33.2,29.9,1.16546e+09
33.2,30,1.18705e+09
33.2,30.1,1.2089e+09
33.2,30.2,1.23099e+09
33.2,30.3,1.25333e+09
33.2,30.4,1.27592e+09
33.2,30.5,1.29877e+09
33.2,30.6,1.32186e+09
33.2,30.7,1.34522e+09
33.2,30.8,1.36882e+09
33.2,30.9,1.39269e+09
33.2,31,1.41681e+09
33.2,31.1,1.4412e+09
33.2,31.2,1.46585e+09
33.2,31.3,1.49076e+09
33.2,31.4,1.51593e+09
33.2,31.5,1.54137e+09
33.2,31.6,1.56707e+09
33.2,31.7,1.59305e+09
33.2,31.8,1.61929e+09
33.2,31.9,1.64581e+09
33.2,32,1.67259e+09
33.2,32.1,1.69966e+09
33.2,32.2,1.72699e+09
33.2,32.3,1.75461e+09
33.2,32.4,1.7825e+09
33.2,32.5,1.81067e+09
33.2,32.6,1.83912e+09
33.2,32.7,1.86785e+09
33.2,32.8,1.89687e+09
33.2,32.9,1.92617e+09
33.2,33,1.95576e+09
33.2,33.1,1.98563e+09
33.2,33.2,2.0158e+09
33.2,33.3,2.03577e+09
33.2,33.4,2.05587e+09
33.2,33.5,2.0761e+09
33.2,33.6,2.09646e+09
33.2,33.7,2.11695e+09
33.2,33.8,2.13757e+09
33.2,33.9,2.15833e+09
33.2,34,2.17922e+09
33.2,34.1,2.20024e+09
33.2,34.2,2.2214e+09
33.2,34.3,2.24269e+09
33.2,34.4,2.26411e+09
33.2,34.5,2.28567e+09
33.2,34.6,2.30737e+09
33.2,34.7,2.3292e+09
33.2,34.8,2.35117e+09
33.2,34.9,2.37328e+09
33.2,35,2.39552e+09
33.2,35.1,2.4179e+09
33.2,35.2,2.44042e+09
33.2,35.3,2.46308e+09
33.2,35.4,2.48588e+09
33.2,35.5,2.50882e+09
33.2,35.6,2.5319e+09
33.2,35.7,2.55512e+09
33.2,35.8,2.57848e+09
33.2,35.9,2.60199e+09
33.2,36,2.62563e+09
33.2,36.1,2.64942e+09
33.2,36.2,2.67336e+09
33.2,36.3,2.69743e+09
33.2,36.4,2.72165e+09
33.2,36.5,2.74602e+09
33.2,36.6,2.77053e+09
33.2,36.7,2.79519e+09
33.2,36.8,2.81999e+09
33.2,36.9,2.84494e+09
33.2,37,2.87004e+09
33.2,37.1,2.89529e+09
33.2,37.2,2.92068e+09
33.2,37.3,2.94622e+09
33.2,37.4,2.97191e+09
33.2,37.5,2.99776e+09
33.2,37.6,3.02375e+09
33.2,37.7,3.04989e+09
33.2,37.8,3.07618e+09
33.2,37.9,3.10263e+09
33.2,38,3.12923e+09
33.2,38.1,3.15598e+09
33.2,38.2,3.18288e+09
33.2,38.3,3.20994e+09
33.2,38.4,3.23715e+09
33.2,38.5,3.26452e+09
33.2,38.6,3.29204e+09
33.2,38.7,3.31972e+09
33.2,38.8,3.34755e+09
33.2,38.9,3.37554e+09
33.2,39,3.40369e+09
33.2,39.1,3.432e+09
33.2,39.2,3.46046e+09
33.2,39.3,3.48908e+09
33.2,39.4,3.51786e+09
33.2,39.5,3.54681e+09
33.2,39.6,3.57591e+09
33.2,39.7,3.60517e+09
33.2,39.8,3.6346e+09
33.2,39.9,3.66418e+09
33.3,20,473078
33.3,20.1,973969
33.3,20.2,1.67713e+06
33.3,20.3,2.58455e+06
33.3,20.4,3.69824e+06
33.3,20.5,5.02019e+06
33.3,20.6,6.55241e+06
33.3,20.7,8.29693e+06
33.3,20.8,1.02558e+07
33.3,20.9,1.24309e+07
33.3,21,1.48245e+07
33.3,21.1,1.74385e+07
33.3,21.2,2.0275e+07
33.3,21.3,2.3336e+07
33.3,21.4,2.66237e+07
33.3,21.5,3.014e+07
33.3,21.6,3.3887e+07
33.3,21.7,3.78669e+07
33.3,21.8,4.20817e+07
33.3,21.9,4.65335e+07
33.3,22,5.12245e+07
33.3,22.1,5.61566e+07
33.3,22.2,6.13322e+07
33.3,22.3,6.67532e+07
33.3,22.4,7.24218e+07
33.3,22.5,7.83401e+07
33.3,22.6,8.45104e+07
33.3,22.7,9.09346e+07
33.3,22.8,9.76151e+07
33.3,22.9,1.04554e+08
33.3,23,1.11753e+08
33.3,23.1,1.19215e+08
33.3,23.2,1.26942e+08
33.3,23.3,1.34936e+08
33.3,23.4,1.43199e+08
33.3,23.5,1.51734e+08
33.3,23.6,1.60542e+08
33.3,23.7,1.69626e+08
33.3,23.8,1.78989e+08
33.3,23.9,1.88632e+08
33.3,24,1.98557e+08
33.3,24.1,2.08767e+08
33.3,24.2,2.19264e+08
33.3,24.3,2.3005e+08
33.3,24.4,2.41128e+08
33.3,24.5,2.525e+08
33.3,24.6,2.64168e+08
33.3,24.7,2.76135e+08
33.3,24.8,2.88402e+08
33.3,24.9,3.00972e+08
33.3,25,3.13847e+08
33.3,25.1,3.2703e+08
33.3,25.2,3.40523e+08
33.3,25.3,3.54328e+08
33.3,25.4,3.68448e+08
33.3,25.5,3.82884e+08
33.3,25.6,3.9764e+08
33.3,25.7,4.12717e+08
33.3,25.8,4.28118e+08
33.3,25.9,4.43846e+08
33.3,26,4.59902e+08
33.3,26.1,4.76289e+08
33.3,26.2,4.9301e+08
33.3,26.3,5.10066e+08
33.3,26.4,5.27461e+08
33.3,26.5,5.45196e+08
33.3,26.6,5.63274e+08
33.3,26.7,5.81697e+08
33.3,26.8,6.00469e+08
33.3,26.9,6.1959e+08
33.3,27,6.39065e+08
33.3,27.1,6.58894e+08
33.3,27.2,6.79081e+08
33.3,27.3,6.99628e+08
33.3,27.4,6.99345e+08
33.3,27.5,7.36602e+08
33.3,27.6,7.52881e+08
33.3,27.7,7.69377e+08
33.3,27.8,7.86091e+08
33.3,27.9,8.03025e+08
33.3,28,8.20179e+08
33.3,28.1,8.37554e+08
33.3,28.2,8.55152e+08
33.3,28.3,8.72975e+08
33.3,28.4,8.91023e+08
33.3,28.5,9.09298e+08
33.3,28.6,9.27801e+08
33.3,28.7,9.46533e+08
33.3,28.8,9.65496e+08
33.3,28.9,9.84691e+08
33.3,29,1.00412e+09
33.3,29.1,1.02378e+09
33.3,29.2,1.04368e+09
33.3,29.3,1.06381e+09
33.3,29.4,1.08419e+09
33.3,29.5,1.1048e+09
33.3,29.6,1.12566e+09
33.3,29.7,1.14675e+09
33.3,29.8,1.16809e+09
33.3,29.9,1.18968e+09
33.3,30,1.21151e+09
33.3,30.1,1.23359e+09
33.3,30.2,1.25591e+09
33.3,30.3,1.27849e+09
33.3,30.4,1.30132e+09
33.3,30.5,1.3244e+09
33.3,30.6,1.34774e+09
33.3,30.7,1.37133e+09
33.3,30.8,1.39518e+09
33.3,30.9,1.41929e+09
33.3,31,1.44365e+09
33.3,31.1,1.46828e+09
33.3,31.2,1.49317e+09
33.3,31.3,1.51832e+09
33.3,31.4,1.54374e+09
33.3,31.5,1.56942e+09
33.3,31.6,1.59538e+09
33.3,31.7,1.6216e+09
33.3,31.8,1.64809e+09
33.3,31.9,1.67485e+09
33.3,32,1.70189e+09
33.3,32.1,1.7292e+09
33.3,32.2,1.75679e+09
33.3,32.3,1.78465e+09
33.3,32.4,1.81279e+09
33.3,32.5,1.84121e+09
33.3,32.6,1.86992e+09
33.3,32.7,1.89891e+09
33.3,32.8,1.92818e+09
33.3,32.9,1.95773e+09
33.3,33,1.98758e+09
33.3,33.1,2.01771e+09
33.3,33.2,2.04813e+09
33.3,33.3,2.07885e+09
33.3,33.4,2.09917e+09
33.3,33.5,2.11963e+09
33.3,33.6,2.14022e+09
33.3,33.7,2.16094e+09
33.3,33.8,2.18179e+09
33.3,33.9,2.20278e+09
33.3,34,2.2239e+09
33.3,34.1,2.24515e+09
33.3,34.2,2.26654e+09
33.3,34.3,2.28806e+09
33.3,34.4,2.30972e+09
33.3,34.5,2.33151e+09
33.3,34.6,2.35344e+09
33.3,34.7,2.3755e+09
33.3,34.8,2.39771e+09
33.3,34.9,2.42005e+09
33.3,35,2.44253e+09
33.3,35.1,2.46514e+09
33.3,35.2,2.4879e+09
33.3,35.3,2.5108e+09
33.3,35.4,2.53383e+09
33.3,35.5,2.55701e+09
33.3,35.6,2.58033e+09
33.3,35.7,2.60378e+09
33.3,35.8,2.62739e+09
33.3,35.9,2.65113e+09
33.3,36,2.67502e+09
33.3,36.1,2.69905e+09
33.3,36.2,2.72322e+09
33.3,36.3,2.74754e+09
33.3,36.4,2.772e+09
33.3,36.5,2.79661e+09
33.3,36.6,2.82136e+09
33.3,36.7,2.84626e+09
33.3,36.8,2.87131e+09
33.3,36.9,2.8965e+09
33.3,37,2.92185e+09
33.3,37.1,2.94734e+09
33.3,37.2,2.97298e+09
33.3,37.3,2.99877e+09
33.3,37.4,3.0247e+09
33.3,37.5,3.05079e+09
33.3,37.6,3.07703e+09
33.3,37.7,3.10342e+09
33.3,37.8,3.12997e+09
33.3,37.9,3.15666e+09
33.3,38,3.18351e+09
33.3,38.1,3.21051e+09
33.3,38.2,3.23766e+09
33.3,38.3,3.26497e+09
33.3,38.4,3.29244e+09
33.3,38.5,3.32006e+09
33.3,38.6,3.34783e+09
33.3,38.7,3.37576e+09
33.3,38.8,3.40385e+09
33.3,38.9,3.43209e+09
33.3,39,3.4605e+09
33.3,39.1,3.48906e+09
33.3,39.2,3.51778e+09
33.3,39.3,3.54666e+09
33.3,39.4,3.5757e+09
33.3,39.5,3.6049e+09
33.3,39.6,3.63426e+09
33.3,39.7,3.66378e+09
33.3,39.8,3.69346e+09
33.3,39.9,3.72331e+09
33.4,20,1.01483e+06
33.4,20.1,1.72866e+06
33.4,20.2,2.64569e+06
33.4,20.3,3.76791e+06
33.4,20.4,5.09732e+06
33.4,20.5,6.63592e+06
33.4,20.6,8.38573e+06
33.4,20.7,1.03488e+07
33.4,20.8,1.2527e+07
33.4,20.9,1.49226e+07
33.4,21,1.75375e+07
33.4,21.1,2.03737e+07
33.4,21.2,2.34334e+07
33.4,21.3,2.67186e+07
33.4,21.4,3.02312e+07
33.4,21.5,3.39735e+07
33.4,21.6,3.79475e+07
33.4,21.7,4.21553e+07
33.4,21.8,4.65989e+07
33.4,21.9,5.12805e+07
33.4,22,5.62022e+07
33.4,22.1,6.13661e+07
33.4,22.2,6.67742e+07
33.4,22.3,7.24288e+07
33.4,22.4,7.83319e+07
33.4,22.5,8.44857e+07
33.4,22.6,9.08923e+07
33.4,22.7,9.7554e+07
33.4,22.8,1.04473e+08
33.4,22.9,1.11651e+08
33.4,23,1.1909e+08
33.4,23.1,1.26794e+08
33.4,23.2,1.34763e+08
33.4,23.3,1.43e+08
33.4,23.4,1.51507e+08
33.4,23.5,1.60287e+08
33.4,23.6,1.69341e+08
33.4,23.7,1.78672e+08
33.4,23.8,1.88282e+08
33.4,23.9,1.98174e+08
33.4,24,2.08349e+08
33.4,24.1,2.1881e+08
33.4,24.2,2.29559e+08
33.4,24.3,2.40598e+08
33.4,24.4,2.5193e+08
33.4,24.5,2.63557e+08
33.4,24.6,2.7548e+08
33.4,24.7,2.87703e+08
33.4,24.8,3.00228e+08
33.4,24.9,3.13057e+08
33.4,25,3.26192e+08
33.4,25.1,3.39635e+08
33.4,25.2,3.53389e+08
33.4,25.3,3.67457e+08
33.4,25.4,3.8184e+08
33.4,25.5,3.96541e+08
33.4,25.6,4.11562e+08
33.4,25.7,4.26906e+08
33.4,25.8,4.42575e+08
33.4,25.9,4.58571e+08
33.4,26,4.74896e+08
33.4,26.1,4.91554e+08
33.4,26.2,5.08546e+08
33.4,26.3,5.25875e+08
33.4,26.4,5.43543e+08
33.4,26.5,5.61552e+08
33.4,26.6,5.79906e+08
33.4,26.7,5.98606e+08
33.4,26.8,6.17654e+08
33.4,26.9,6.37054e+08
33.4,27,6.56808e+08
33.4,27.1,6.76918e+08
33.4,27.2,6.97386e+08
33.4,27.3,7.18216e+08
33.4,27.4,7.17938e+08
33.4,27.5,7.5569e+08
33.4,27.6,7.72188e+08
33.4,27.7,7.88903e+08
33.4,27.8,8.05836e+08
33.4,27.9,8.2299e+08
33.4,28,8.40365e+08
33.4,28.1,8.57962e+08
33.4,28.2,8.75782e+08
33.4,28.3,8.93828e+08
33.4,28.4,9.121e+08
33.4,28.5,9.30599e+08
33.4,28.6,9.49327e+08
33.4,28.7,9.68285e+08
33.4,28.8,9.87475e+08
33.4,28.9,1.0069e+09
33.4,29,1.02655e+09
33.4,29.1,1.04644e+09
33.4,29.2,1.06657e+09
33.4,29.3,1.08694e+09
33.4,29.4,1.10754e+09
33.4,29.5,1.12839e+09
33.4,29.6,1.14947e+09
33.4,29.7,1.1708e+09
33.4,29.8,1.19237e+09
33.4,29.9,1.21419e+09
33.4,30,1.23626e+09
33.4,30.1,1.25857e+09
33.4,30.2,1.28114e+09
33.4,30.3,1.30395e+09
33.4,30.4,1.32702e+09
33.4,30.5,1.35034e+09
33.4,30.6,1.37392e+09
33.4,30.7,1.39775e+09
33.4,30.8,1.42184e+09
33.4,30.9,1.44619e+09
33.4,31,1.47079e+09
33.4,31.1,1.49566e+09
33.4,31.2,1.5208e+09
33.4,31.3,1.5462e+09
33.4,31.4,1.57186e+09
33.4,31.5,1.59779e+09
33.4,31.6,1.62399e+09
33.4,31.7,1.65046e+09
33.4,31.8,1.67719e+09
33.4,31.9,1.70421e+09
33.4,32,1.73149e+09
33.4,32.1,1.75905e+09
33.4,32.2,1.78689e+09
33.4,32.3,1.81501e+09
33.4,32.4,1.8434e+09
33.4,32.5,1.87208e+09
33.4,32.6,1.90104e+09
33.4,32.7,1.93028e+09
33.4,32.8,1.95981e+09
33.4,32.9,1.98962e+09
33.4,33,2.01972e+09
33.4,33.1,2.05011e+09
33.4,33.2,2.08079e+09
33.4,33.3,2.11176e+09
33.4,33.4,2.14303e+09
33.4,33.5,2.16371e+09
33.4,33.6,2.18453e+09
33.4,33.7,2.20548e+09
33.4,33.8,2.22656e+09
33.4,33.9,2.24778e+09
33.4,34,2.26913e+09
33.4,34.1,2.29061e+09
33.4,34.2,2.31223e+09
33.4,34.3,2.33399e+09
33.4,34.4,2.35588e+09
33.4,34.5,2.3779e+09
33.4,34.6,2.40006e+09
33.4,34.7,2.42236e+09
33.4,34.8,2.4448e+09
33.4,34.9,2.46738e+09
33.4,35,2.49009e+09
33.4,35.1,2.51295e+09
33.4,35.2,2.53594e+09
33.4,35.3,2.55907e+09
33.4,35.4,2.58235e+09
33.4,35.5,2.60576e+09
33.4,35.6,2.62932e+09
33.4,35.7,2.65302e+09
33.4,35.8,2.67686e+09
33.4,35.9,2.70084e+09
33.4,36,2.72497e+09
33.4,36.1,2.74924e+09
33.4,36.2,2.77365e+09
33.4,36.3,2.79821e+09
33.4,36.4,2.82292e+09
33.4,36.5,2.84777e+09
33.4,36.6,2.87277e+09
33.4,36.7,2.89791e+09
33.4,36.8,2.9232e+09
33.4,36.9,2.94864e+09
33.4,37,2.97423e+09
33.4,37.1,2.99997e+09
33.4,37.2,3.02585e+09
33.4,37.3,3.05189e+09
33.4,37.4,3.07808e+09
33.4,37.5,3.10441e+09
33.4,37.6,3.1309e+09
33.4,37.7,3.15754e+09
33.4,37.8,3.18433e+09
33.4,37.9,3.21128e+09
33.4,38,3.23838e+09
33.4,38.1,3.26563e+09
33.4,38.2,3.29303e+09
33.4,38.3,3.3206e+09
33.4,38.4,3.34831e+09
33.4,38.5,3.37618e+09
33.4,38.6,3.40421e+09
33.4,38.7,3.4324e+09
33.4,38.8,3.46074e+09
33.4,38.9,3.48924e+09
33.4,39,3.5179e+09
33.4,39.1,3.54672e+09
33.4,39.2,3.57569e+09
33.4,39.3,3.60483e+09
33.4,39.4,3.63413e+09
33.4,39.5,3.66358e+09
33.4,39.6,3.6932e+09
33.4,39.7,3.72298e+09
33.4,39.8,3.75293e+09
33.4,39.9,3.78303e+09
33.5,20,1.78464e+06
33.5,20.1,2.71209e+06
33.5,20.2,3.84367e+06
33.5,20.3,5.18136e+06
33.5,20.4,6.72717e+06
33.5,20.5,8.48311e+06
33.5,20.6,1.04512e+07
33.5,20.7,1.26334e+07
33.5,20.8,1.50318e+07
33.5,20.9,1.76485e+07
33.5,21,2.04854e+07
33.5,21.1,2.35446e+07
33.5,21.2,2.68281e+07
33.5,21.3,3.03381e+07
33.5,21.4,3.40765e+07
33.5,21.5,3.80455e+07
33.5,21.6,4.22472e+07
33.5,21.7,4.66835e+07
33.5,21.8,5.13567e+07
33.5,21.9,5.62688e+07
33.5,22,6.14218e+07
33.5,22.1,6.68181e+07
33.5,22.2,7.24595e+07
33.5,22.3,7.83484e+07
33.5,22.4,8.44867e+07
33.5,22.5,9.08767e+07
33.5,22.6,9.75205e+07
33.5,22.7,1.0442e+08
33.5,22.8,1.11578e+08
33.5,22.9,1.18996e+08
33.5,23,1.26677e+08
33.5,23.1,1.34622e+08
33.5,23.2,1.42834e+08
33.5,23.3,1.51315e+08
33.5,23.4,1.60067e+08
33.5,23.5,1.69092e+08
33.5,23.6,1.78393e+08
33.5,23.7,1.87972e+08
33.5,23.8,1.97831e+08
33.5,23.9,2.07972e+08
33.5,24,2.18398e+08
33.5,24.1,2.2911e+08
33.5,24.2,2.40112e+08
33.5,24.3,2.51405e+08
33.5,24.4,2.62991e+08
33.5,24.5,2.74873e+08
33.5,24.6,2.87053e+08
33.5,24.7,2.99533e+08
33.5,24.8,3.12316e+08
33.5,24.9,3.25405e+08
33.5,25,3.388e+08
33.5,25.1,3.52505e+08
33.5,25.2,3.66521e+08
33.5,25.3,3.80852e+08
33.5,25.4,3.955e+08
33.5,25.5,4.10466e+08
33.5,25.6,4.25753e+08
33.5,25.7,4.41364e+08
33.5,25.8,4.57301e+08
33.5,25.9,4.73566e+08
33.5,26,4.90162e+08
33.5,26.1,5.07091e+08
33.5,26.2,5.24355e+08
33.5,26.3,5.41957e+08
33.5,26.4,5.59899e+08
33.5,26.5,5.78184e+08
33.5,26.6,5.96814e+08
33.5,26.7,6.15791e+08
33.5,26.8,6.35118e+08
33.5,26.9,6.54797e+08
33.5,27,6.74831e+08
33.5,27.1,6.95222e+08
33.5,27.2,7.15972e+08
33.5,27.3,7.37085e+08
33.5,27.4,7.36813e+08
33.5,27.5,7.75062e+08
33.5,27.6,7.91778e+08
33.5,27.7,8.08713e+08
33.5,27.8,8.25867e+08
33.5,27.9,8.43241e+08
33.5,28,8.60837e+08
33.5,28.1,8.78657e+08
33.5,28.2,8.967e+08
33.5,28.3,9.1497e+08
33.5,28.4,9.33466e+08
33.5,28.5,9.5219e+08
33.5,28.6,9.71144e+08
33.5,28.7,9.90329e+08
33.5,28.8,1.00975e+09
33.5,28.9,1.0294e+09
33.5,29,1.04928e+09
33.5,29.1,1.0694e+09
33.5,29.2,1.08976e+09
33.5,29.3,1.11035e+09
33.5,29.4,1.13119e+09
33.5,29.5,1.15227e+09
33.5,29.6,1.17359e+09
33.5,29.7,1.19515e+09
33.5,29.8,1.21696e+09
33.5,29.9,1.23901e+09
33.5,30,1.26131e+09
33.5,30.1,1.28386e+09
33.5,30.2,1.30667e+09
33.5,30.3,1.32972e+09
33.5,30.4,1.35302e+09
33.5,30.5,1.37658e+09
33.5,30.6,1.4004e+09
33.5,30.7,1.42447e+09
33.5,30.8,1.4488e+09
33.5,30.9,1.47339e+09
33.5,31,1.49824e+09
33.5,31.1,1.52336e+09
33.5,31.2,1.54874e+09
33.5,31.3,1.57438e+09
33.5,31.4,1.60029e+09
33.5,31.5,1.62646e+09
33.5,31.6,1.65291e+09
33.5,31.7,1.67963e+09
33.5,31.8,1.70661e+09
33.5,31.9,1.73388e+09
33.5,32,1.76141e+09
33.5,32.1,1.78922e+09
33.5,32.2,1.81731e+09
33.5,32.3,1.84568e+09
33.5,32.4,1.87433e+09
33.5,32.5,1.90326e+09
33.5,32.6,1.93247e+09
33.5,32.7,1.96197e+09
33.5,32.8,1.99175e+09
33.5,32.9,2.02182e+09
33.5,33,2.05218e+09
33.5,33.1,2.08283e+09
33.5,33.2,2.11377e+09
33.5,33.3,2.145e+09
33.5,33.4,2.17653e+09
33.5,33.5,2.20835e+09
33.5,33.6,2.2294e+09
33.5,33.7,2.25058e+09
33.5,33.8,2.27189e+09
33.5,33.9,2.29334e+09
33.5,34,2.31492e+09
33.5,34.1,2.33663e+09
33.5,34.2,2.35849e+09
33.5,34.3,2.38047e+09
33.5,34.4,2.4026e+09
33.5,34.5,2.42486e+09
33.5,34.6,2.44725e+09
33.5,34.7,2.46979e+09
33.5,34.8,2.49246e+09
33.5,34.9,2.51527e+09
33.5,35,2.53822e+09
33.5,35.1,2.56131e+09
33.5,35.2,2.58455e+09
33.5,35.3,2.60792e+09
33.5,35.4,2.63143e+09
33.5,35.5,2.65508e+09
33.5,35.6,2.67888e+09
33.5,35.7,2.70282e+09
33.5,35.8,2.7269e+09
33.5,35.9,2.75112e+09
33.5,36,2.77549e+09
33.5,36.1,2.8e+09
33.5,36.2,2.82466e+09
33.5,36.3,2.84946e+09
33.5,36.4,2.87441e+09
33.5,36.5,2.89951e+09
33.5,36.6,2.92475e+09
33.5,36.7,2.95014e+09
33.5,36.8,2.97568e+09
33.5,36.9,3.00136e+09
33.5,37,3.0272e+09
33.5,37.1,3.05318e+09
33.5,37.2,3.07931e+09
33.5,37.3,3.1056e+09
33.5,37.4,3.13203e+09
33.5,37.5,3.15862e+09
33.5,37.6,3.18535e+09
33.5,37.7,3.21224e+09
33.5,37.8,3.23929e+09
33.5,37.9,3.26648e+09
33.5,38,3.29383e+09
33.5,38.1,3.32134e+09
33.5,38.2,3.349e+09
33.5,38.3,3.37681e+09
33.5,38.4,3.40478e+09
33.5,38.5,3.43291e+09
33.5,38.6,3.46119e+09
33.5,38.7,3.48963e+09
33.5,38.8,3.51823e+09
33.5,38.9,3.54698e+09
33.5,39,3.5759e+09
33.5,39.1,3.60497e+09
33.5,39.2,3.63421e+09
33.5,39.3,3.6636e+09
33.5,39.4,3.69316e+09
33.5,39.5,3.72287e+09
33.5,39.6,3.75275e+09
33.5,39.7,3.78279e+09
33.5,39.8,3.813e+09
33.5,39.9,3.84336e+09
33.6,20,2.78391e+06
33.6,20.1,3.92567e+06
33.6,20.2,5.27247e+06
33.6,20.3,6.82632e+06
33.6,20.4,8.58922e+06
33.6,20.5,1.05632e+07
33.6,20.6,1.27502e+07
33.6,20.7,1.51523e+07
33.6,20.8,1.77716e+07
33.6,20.9,2.06099e+07
33.6,21,2.36695e+07
33.6,21.1,2.69524e+07
33.6,21.2,3.04605e+07
33.6,21.3,3.4196e+07
33.6,21.4,3.81609e+07
33.6,21.5,4.23573e+07
33.6,21.6,4.67873e+07
33.6,21.7,5.14529e+07
33.6,21.8,5.63563e+07
33.6,21.9,6.14996e+07
33.6,22,6.68848e+07
33.6,22.1,7.25141e+07
33.6,22.2,7.83896e+07
33.6,22.3,8.45134e+07
33.6,22.4,9.08877e+07
33.6,22.5,9.75146e+07
33.6,22.6,1.04396e+08
33.6,22.7,1.11535e+08
33.6,22.8,1.18932e+08
33.6,22.9,1.26591e+08
33.6,23,1.34513e+08
33.6,23.1,1.42701e+08
33.6,23.2,1.51157e+08
33.6,23.3,1.59882e+08
33.6,23.4,1.6888e+08
33.6,23.5,1.78152e+08
33.6,23.6,1.877e+08
33.6,23.7,1.97527e+08
33.6,23.8,2.07636e+08
33.6,23.9,2.18027e+08
33.6,24,2.28704e+08
33.6,24.1,2.39669e+08
33.6,24.2,2.50924e+08
33.6,24.3,2.62471e+08
33.6,24.4,2.74312e+08
33.6,24.5,2.86451e+08
33.6,24.6,2.98888e+08
33.6,24.7,3.11627e+08
33.6,24.8,3.24669e+08
33.6,24.9,3.38017e+08
33.6,25,3.51673e+08
33.6,25.1,3.6564e+08
33.6,25.2,3.7992e+08
33.6,25.3,3.94515e+08
33.6,25.4,4.09427e+08
33.6,25.5,4.2466e+08
33.6,25.6,4.40214e+08
33.6,25.7,4.56093e+08
33.6,25.8,4.72299e+08
33.6,25.9,4.88834e+08
33.6,26,5.05701e+08
33.6,26.1,5.22902e+08
33.6,26.2,5.40439e+08
33.6,26.3,5.58315e+08
33.6,26.4,5.76532e+08
33.6,26.5,5.95093e+08
33.6,26.6,6.13999e+08
33.6,26.7,6.33254e+08
33.6,26.8,6.5286e+08
33.6,26.9,6.72819e+08
33.6,27,6.93134e+08
33.6,27.1,7.13807e+08
33.6,27.2,7.34841e+08
33.6,27.3,7.56237e+08
33.6,27.4,7.55972e+08
33.6,27.5,7.94718e+08
33.6,27.6,8.11654e+08
33.6,27.7,8.28808e+08
33.6,27.8,8.46183e+08
33.6,27.9,8.63779e+08
33.6,28,8.81598e+08
33.6,28.1,8.9964e+08
33.6,28.2,9.17907e+08
33.6,28.3,9.36401e+08
33.6,28.4,9.55122e+08
33.6,28.5,9.74073e+08
33.6,28.6,9.93253e+08
33.6,28.7,1.01266e+09
33.6,28.8,1.03231e+09
33.6,28.9,1.05219e+09
33.6,29,1.0723e+09
33.6,29.1,1.09265e+09
33.6,29.2,1.11324e+09
33.6,29.3,1.13407e+09
33.6,29.4,1.15514e+09
33.6,29.5,1.17645e+09
33.6,29.6,1.198e+09
33.6,29.7,1.2198e+09
33.6,29.8,1.24184e+09
33.6,29.9,1.26413e+09
33.6,30,1.28667e+09
33.6,30.1,1.30946e+09
33.6,30.2,1.33249e+09
33.6,30.3,1.35579e+09
33.6,30.4,1.37933e+09
33.6,30.5,1.40313e+09
33.6,30.6,1.42719e+09
33.6,30.7,1.4515e+09
33.6,30.8,1.47607e+09
33.6,30.9,1.50091e+09
33.6,31,1.526e+09
33.6,31.1,1.55136e+09
33.6,31.2,1.57698e+09
33.6,31.3,1.60287e+09
33.6,31.4,1.62903e+09
33.6,31.5,1.65545e+09
33.6,31.6,1.68214e+09
33.6,31.7,1.70911e+09
33.6,31.8,1.73635e+09
33.6,31.9,1.76386e+09
33.6,32,1.79165e+09
33.6,32.1,1.81971e+09
33.6,32.2,1.84805e+09
33.6,32.3,1.87667e+09
33.6,32.4,1.90557e+09
33.6,32.5,1.93476e+09
33.6,32.6,1.96423e+09
33.6,32.7,1.99398e+09
33.6,32.8,2.02402e+09
33.6,32.9,2.05435e+09
33.6,33,2.08496e+09
33.6,33.1,2.11587e+09
33.6,33.2,2.14707e+09
33.6,33.3,2.17856e+09
33.6,33.4,2.21035e+09
33.6,33.5,2.24244e+09
33.6,33.6,2.27482e+09
33.6,33.7,2.29623e+09
33.6,33.8,2.31777e+09
33.6,33.9,2.33945e+09
33.6,34,2.36127e+09
33.6,34.1,2.38321e+09
33.6,34.2,2.4053e+09
33.6,34.3,2.42752e+09
33.6,34.4,2.44988e+09
33.6,34.5,2.47237e+09
33.6,34.6,2.49501e+09
33.6,34.7,2.51778e+09
33.6,34.8,2.54069e+09
33.6,34.9,2.56373e+09
33.6,35,2.58692e+09
33.6,35.1,2.61025e+09
33.6,35.2,2.63372e+09
33.6,35.3,2.65733e+09
33.6,35.4,2.68108e+09
33.6,35.5,2.70497e+09
33.6,35.6,2.72901e+09
33.6,35.7,2.75319e+09
33.6,35.8,2.77751e+09
33.6,35.9,2.80198e+09
33.6,36,2.82659e+09
33.6,36.1,2.85134e+09
33.6,36.2,2.87624e+09
33.6,36.3,2.90129e+09
33.6,36.4,2.92648e+09
33.6,36.5,2.95182e+09
33.6,36.6,2.97731e+09
33.6,36.7,3.00295e+09
33.6,36.8,3.02873e+09
33.6,36.9,3.05466e+09
33.6,37,3.08074e+09
33.6,37.1,3.10698e+09
33.6,37.2,3.13336e+09
33.6,37.3,3.15989e+09
33.6,37.4,3.18657e+09
33.6,37.5,3.21341e+09
33.6,37.6,3.2404e+09
33.6,37.7,3.26754e+09
33.6,37.8,3.29483e+09
33.6,37.9,3.32228e+09
33.6,38,3.34988e+09
33.6,38.1,3.37764e+09
33.6,38.2,3.40555e+09
33.6,38.3,3.43362e+09
33.6,38.4,3.46184e+09
33.6,38.5,3.49022e+09
33.6,38.6,3.51876e+09
33.6,38.7,3.54746e+09
33.6,38.8,3.57631e+09
33.6,38.9,3.60532e+09
33.6,39,3.6345e+09
33.6,39.1,3.66383e+09
33.6,39.2,3.69332e+09
33.6,39.3,3.72298e+09
33.6,39.4,3.75279e+09
33.6,39.5,3.78277e+09
33.6,39.6,3.81291e+09
33.6,39.7,3.84321e+09
33.6,39.8,3.87367e+09
33.6,39.9,3.9043e+09
33.7,20,4.01408e+06
33.7,20.1,5.3708e+06
33.7,20.2,6.93351e+06
33.7,20.3,8.7042e+06
33.7,20.4,1.06849e+07
33.7,20.5,1.28775e+07
33.7,20.6,1.52842e+07
33.7,20.7,1.79069e+07
33.7,20.8,2.07476e+07
33.7,20.9,2.38085e+07
33.7,21,2.70914e+07
33.7,21.1,3.05986e+07
33.7,21.2,3.4332e+07
33.7,21.3,3.82937e+07
33.7,21.4,4.24858e+07
33.7,21.5,4.69103e+07
33.7,21.6,5.15693e+07
33.7,21.7,5.64649e+07
33.7,21.8,6.15993e+07
33.7,21.9,6.69744e+07
33.7,22,7.25925e+07
33.7,22.1,7.84556e+07
33.7,22.2,8.45658e+07
33.7,22.3,9.09254e+07
33.7,22.4,9.75363e+07
33.7,22.5,1.04401e+08
33.7,22.6,1.11521e+08
33.7,22.7,1.18899e+08
33.7,22.8,1.26537e+08
33.7,22.9,1.34437e+08
33.7,23,1.42602e+08
33.7,23.1,1.51033e+08
33.7,23.2,1.59733e+08
33.7,23.3,1.68704e+08
33.7,23.4,1.77948e+08
33.7,23.5,1.87467e+08
33.7,23.6,1.97263e+08
33.7,23.7,2.0734e+08
33.7,23.8,2.17698e+08
33.7,23.9,2.28341e+08
33.7,24,2.3927e+08
33.7,24.1,2.50488e+08
33.7,24.2,2.61997e+08
33.7,24.3,2.73799e+08
33.7,24.4,2.85896e+08
33.7,24.5,2.98291e+08
33.7,24.6,3.10987e+08
33.7,24.7,3.23984e+08
33.7,24.8,3.37286e+08
33.7,24.9,3.50895e+08
33.7,25,3.64814e+08
33.7,25.1,3.79043e+08
33.7,25.2,3.93587e+08
33.7,25.3,4.08447e+08
33.7,25.4,4.23625e+08
33.7,25.5,4.39124e+08
33.7,25.6,4.54946e+08
33.7,25.7,4.71094e+08
33.7,25.8,4.8757e+08
33.7,25.9,5.04376e+08
33.7,26,5.21514e+08
33.7,26.1,5.38988e+08
33.7,26.2,5.56799e+08
33.7,26.3,5.74949e+08
33.7,26.4,5.93442e+08
33.7,26.5,6.12279e+08
33.7,26.6,6.31464e+08
33.7,26.7,6.50998e+08
33.7,26.8,6.70883e+08
33.7,26.9,6.91123e+08
33.7,27,7.1172e+08
33.7,27.1,7.32675e+08
33.7,27.2,7.53993e+08
33.7,27.3,7.75674e+08
33.7,27.4,7.75415e+08
33.7,27.5,8.1466e+08
33.7,27.6,8.31816e+08
33.7,27.7,8.49191e+08
33.7,27.8,8.66788e+08
33.7,27.9,8.84606e+08
33.7,28,9.02647e+08
33.7,28.1,9.20913e+08
33.7,28.2,9.39405e+08
33.7,28.3,9.58124e+08
33.7,28.4,9.77071e+08
33.7,28.5,9.96248e+08
33.7,28.6,1.01566e+09
33.7,28.7,1.03529e+09
33.7,28.8,1.05517e+09
33.7,28.9,1.07528e+09
33.7,29,1.09562e+09
33.7,29.1,1.1162e+09
33.7,29.2,1.13702e+09
33.7,29.3,1.15808e+09
33.7,29.4,1.17938e+09
33.7,29.5,1.20092e+09
33.7,29.6,1.22271e+09
33.7,29.7,1.24474e+09
33.7,29.8,1.26702e+09
33.7,29.9,1.28955e+09
33.7,30,1.31232e+09
33.7,30.1,1.33535e+09
33.7,30.2,1.35863e+09
33.7,30.3,1.38216e+09
33.7,30.4,1.40594e+09
33.7,30.5,1.42998e+09
33.7,30.6,1.45428e+09
33.7,30.7,1.47884e+09
33.7,30.8,1.50365e+09
33.7,30.9,1.52873e+09
33.7,31,1.55407e+09
33.7,31.1,1.57967e+09
33.7,31.2,1.60554e+09
33.7,31.3,1.63168e+09
33.7,31.4,1.65808e+09
33.7,31.5,1.68475e+09
33.7,31.6,1.71169e+09
33.7,31.7,1.73891e+09
33.7,31.8,1.7664e+09
33.7,31.9,1.79416e+09
33.7,32,1.8222e+09
33.7,32.1,1.85051e+09
33.7,32.2,1.87911e+09
33.7,32.3,1.90798e+09
33.7,32.4,1.93714e+09
33.7,32.5,1.96658e+09
33.7,32.6,1.9963e+09
33.7,32.7,2.02631e+09
33.7,32.8,2.05661e+09
33.7,32.9,2.0872e+09
33.7,33,2.11807e+09
33.7,33.1,2.14924e+09
33.7,33.2,2.1807e+09
33.7,33.3,2.21245e+09
33.7,33.4,2.2445e+09
33.7,33.5,2.27685e+09
33.7,33.6,2.3095e+09
33.7,33.7,2.34244e+09
33.7,33.8,2.36422e+09
33.7,33.9,2.38613e+09
33.7,34,2.40818e+09
33.7,34.1,2.43036e+09
33.7,34.2,2.45268e+09
33.7,34.3,2.47513e+09
33.7,34.4,2.49773e+09
33.7,34.5,2.52046e+09
33.7,34.6,2.54333e+09
33.7,34.7,2.56633e+09
33.7,34.8,2.58948e+09
33.7,34.9,2.61277e+09
33.7,35,2.63619e+09
33.7,35.1,2.65976e+09
33.7,35.2,2.68347e+09
33.7,35.3,2.70732e+09
33.7,35.4,2.73131e+09
33.7,35.5,2.75544e+09
33.7,35.6,2.77972e+09
33.7,35.7,2.80414e+09
33.7,35.8,2.8287e+09
33.7,35.9,2.85341e+09
33.7,36,2.87827e+09
33.7,36.1,2.90326e+09
33.7,36.2,2.92841e+09
33.7,36.3,2.9537e+09
33.7,36.4,2.97914e+09
33.7,36.5,3.00472e+09
33.7,36.6,3.03046e+09
33.7,36.7,3.05634e+09
33.7,36.8,3.08237e+09
33.7,36.9,3.10855e+09
33.7,37,3.13488e+09
33.7,37.1,3.16136e+09
33.7,37.2,3.18799e+09
33.7,37.3,3.21477e+09
33.7,37.4,3.24171e+09
33.7,37.5,3.26879e+09
33.7,37.6,3.29603e+09
33.7,37.7,3.32342e+09
33.7,37.8,3.35097e+09
33.7,37.9,3.37867e+09
33.7,38,3.40653e+09
33.7,38.1,3.43454e+09
33.7,38.2,3.4627e+09
33.7,38.3,3.49102e+09
33.7,38.4,3.5195e+09
33.7,38.5,3.54814e+09
33.7,38.6,3.57693e+09
33.7,38.7,3.60589e+09
33.7,38.8,3.635e+09
33.7,38.9,3.66427e+09
33.7,39,3.6937e+09
33.7,39.1,3.72329e+09
33.7,39.2,3.75304e+09
33.7,39.3,3.78296e+09
33.7,39.4,3.81303e+09
33.7,39.5,3.84327e+09
33.7,39.6,3.87367e+09
33.7,39.7,3.90423e+09
33.7,39.8,3.93496e+09
33.7,39.9,3.96585e+09
33.8,20,5.47654e+06
33.8,20.1,7.04892e+06
33.8,20.2,8.82822e+06
33.8,20.3,1.08164e+07
33.8,20.4,1.30155e+07
33.8,20.5,1.54276e+07
33.8,20.6,1.80546e+07
33.8,20.7,2.08985e+07
33.8,20.8,2.39615e+07
33.8,20.9,2.72455e+07
33.8,21,3.07525e+07
33.8,21.1,3.44847e+07
33.8,21.2,3.84441e+07
33.8,21.3,4.26327e+07
33.8,21.4,4.70526e+07
33.8,21.5,5.17059e+07
33.8,21.6,5.65947e+07
33.8,21.7,6.1721e+07
33.8,21.8,6.7087e+07
33.8,21.9,7.26948e+07
33.8,22,7.85464e+07
33.8,22.1,8.4644e+07
33.8,22.2,9.09897e+07
33.8,22.3,9.75856e+07
33.8,22.4,1.04434e+08
33.8,22.5,1.11537e+08
33.8,22.6,1.18896e+08
33.8,22.7,1.26515e+08
33.8,22.8,1.34394e+08
33.8,22.9,1.42536e+08
33.8,23,1.50944e+08
33.8,23.1,1.59619e+08
33.8,23.2,1.68564e+08
33.8,23.3,1.77781e+08
33.8,23.4,1.87272e+08
33.8,23.5,1.97039e+08
33.8,23.6,2.07084e+08
33.8,23.7,2.17411e+08
33.8,23.8,2.2802e+08
33.8,23.9,2.38915e+08
33.8,24,2.50097e+08
33.8,24.1,2.61568e+08
33.8,24.2,2.73332e+08
33.8,24.3,2.85389e+08
33.8,24.4,2.97744e+08
33.8,24.5,3.10397e+08
33.8,24.6,3.2335e+08
33.8,24.7,3.36608e+08
33.8,24.8,3.5017e+08
33.8,24.9,3.64041e+08
33.8,25,3.78222e+08
33.8,25.1,3.92715e+08
33.8,25.2,4.07523e+08
33.8,25.3,4.22649e+08
33.8,25.4,4.38094e+08
33.8,25.5,4.5386e+08
33.8,25.6,4.69951e+08
33.8,25.7,4.86368e+08
33.8,25.8,5.03115e+08
33.8,25.9,5.20192e+08
33.8,26,5.37603e+08
33.8,26.1,5.5535e+08
33.8,26.2,5.73436e+08
33.8,26.3,5.91862e+08
33.8,26.4,6.10631e+08
33.8,26.5,6.29746e+08
33.8,26.6,6.49209e+08
33.8,26.7,6.69022e+08
33.8,26.8,6.89188e+08
33.8,26.9,7.0971e+08
33.8,27,7.30589e+08
33.8,27.1,7.51828e+08
33.8,27.2,7.7343e+08
33.8,27.3,7.95397e+08
33.8,27.4,7.95144e+08
33.8,27.5,8.34889e+08
33.8,27.6,8.52266e+08
33.8,27.7,8.69863e+08
33.8,27.8,8.87682e+08
33.8,27.9,9.05723e+08
33.8,28,9.23988e+08
33.8,28.1,9.42478e+08
33.8,28.2,9.61195e+08
33.8,28.3,9.80139e+08
33.8,28.4,9.99313e+08
33.8,28.5,1.01872e+09
33.8,28.6,1.03835e+09
33.8,28.7,1.05822e+09
33.8,28.8,1.07832e+09
33.8,28.9,1.09866e+09
33.8,29,1.11923e+09
33.8,29.1,1.14005e+09
33.8,29.2,1.1611e+09
33.8,29.3,1.18239e+09
33.8,29.4,1.20393e+09
33.8,29.5,1.2257e+09
33.8,29.6,1.24773e+09
33.8,29.7,1.26999e+09
33.8,29.8,1.29251e+09
33.8,29.9,1.31527e+09
33.8,30,1.33829e+09
33.8,30.1,1.36155e+09
33.8,30.2,1.38507e+09
33.8,30.3,1.40884e+09
33.8,30.4,1.43286e+09
33.8,30.5,1.45715e+09
33.8,30.6,1.48169e+09
33.8,30.7,1.50648e+09
33.8,30.8,1.53154e+09
33.8,30.9,1.55686e+09
33.8,31,1.58245e+09
33.8,31.1,1.6083e+09
33.8,31.2,1.63441e+09
33.8,31.3,1.6608e+09
33.8,31.4,1.68745e+09
33.8,31.5,1.71437e+09
33.8,31.6,1.74156e+09
33.8,31.7,1.76902e+09
33.8,31.8,1.79676e+09
33.8,31.9,1.82478e+09
33.8,32,1.85307e+09
33.8,32.1,1.88164e+09
33.8,32.2,1.91048e+09
33.8,32.3,1.93961e+09
33.8,32.4,1.96903e+09
33.8,32.5,1.99872e+09
33.8,32.6,2.0287e+09
33.8,32.7,2.05897e+09
33.8,32.8,2.08953e+09
33.8,32.9,2.12037e+09
33.8,33,2.15151e+09
33.8,33.1,2.18293e+09
33.8,33.2,2.21465e+09
33.8,33.3,2.24667e+09
33.8,33.4,2.27898e+09
33.8,33.5,2.31159e+09
33.8,33.6,2.3445e+09
33.8,33.7,2.37771e+09
33.8,33.8,2.41123e+09
33.8,33.9,2.43337e+09
33.8,34,2.45565e+09
33.8,34.1,2.47807e+09
33.8,34.2,2.50062e+09
33.8,34.3,2.52331e+09
33.8,34.4,2.54614e+09
33.8,34.5,2.56911e+09
33.8,34.6,2.59221e+09
33.8,34.7,2.61546e+09
33.8,34.8,2.63884e+09
33.8,34.9,2.66237e+09
33.8,35,2.68603e+09
33.8,35.1,2.70984e+09
33.8,35.2,2.73379e+09
33.8,35.3,2.75788e+09
33.8,35.4,2.78211e+09
33.8,35.5,2.80649e+09
33.8,35.6,2.831e+09
33.8,35.7,2.85567e+09
33.8,35.8,2.88047e+09
33.8,35.9,2.90543e+09
33.8,36,2.93052e+09
33.8,36.1,2.95577e+09
33.8,36.2,2.98116e+09
33.8,36.3,3.00669e+09
33.8,36.4,3.03238e+09
33.8,36.5,3.05821e+09
33.8,36.6,3.08419e+09
33.8,36.7,3.11032e+09
33.8,36.8,3.1366e+09
33.8,36.9,3.16303e+09
33.8,37,3.1896e+09
33.8,37.1,3.21633e+09
33.8,37.2,3.24322e+09
33.8,37.3,3.27025e+09
33.8,37.4,3.29743e+09
33.8,37.5,3.32477e+09
33.8,37.6,3.35226e+09
33.8,37.7,3.37991e+09
33.8,37.8,3.4077e+09
33.8,37.9,3.43566e+09
33.8,38,3.46377e+09
33.8,38.1,3.49203e+09
33.8,38.2,3.52045e+09
33.8,38.3,3.54903e+09
33.8,38.4,3.57777e+09
33.8,38.5,3.60666e+09
33.8,38.6,3.63571e+09
33.8,38.7,3.66492e+09
33.8,38.8,3.69429e+09
33.8,38.9,3.72382e+09
33.8,39,3.75351e+09
33.8,39.1,3.78336e+09
33.8,39.2,3.81337e+09
33.8,39.3,3.84355e+09
33.8,39.4,3.87388e+09
33.8,39.5,3.90438e+09
33.8,39.6,3.93504e+09
33.8,39.7,3.96587e+09
33.8,39.8,3.99686e+09
33.8,39.9,4.02802e+09
33.9,20,7.17273e+06
33.9,20.1,8.96145e+06
33.9,20.2,1.0958e+07
33.9,20.3,1.31644e+07
33.9,20.4,1.55827e+07
33.9,20.5,1.82148e+07
33.9,20.6,2.10628e+07
33.9,20.7,2.41287e+07
33.9,20.8,2.74145e+07
33.9,20.9,3.09224e+07
33.9,21,3.46542e+07
33.9,21.1,3.86121e+07
33.9,21.2,4.27981e+07
33.9,21.3,4.72143e+07
33.9,21.4,5.18628e+07
33.9,21.5,5.67456e+07
33.9,21.6,6.18648e+07
33.9,21.7,6.72226e+07
33.9,21.8,7.28209e+07
33.9,21.9,7.8662e+07
33.9,22,8.47479e+07
33.9,22.1,9.10807e+07
33.9,22.2,9.76626e+07
33.9,22.3,1.04496e+08
33.9,22.4,1.11582e+08
33.9,22.5,1.18924e+08
33.9,22.6,1.26523e+08
33.9,22.7,1.34383e+08
33.9,22.8,1.42504e+08
33.9,22.9,1.50889e+08
33.9,23,1.59541e+08
33.9,23.1,1.68461e+08
33.9,23.2,1.77651e+08
33.9,23.3,1.87115e+08
33.9,23.4,1.96853e+08
33.9,23.5,2.06869e+08
33.9,23.6,2.17165e+08
33.9,23.7,2.27742e+08
33.9,23.8,2.38603e+08
33.9,23.9,2.4975e+08
33.9,24,2.61185e+08
33.9,24.1,2.72911e+08
33.9,24.2,2.8493e+08
33.9,24.3,2.97245e+08
33.9,24.4,3.09856e+08
33.9,24.5,3.22768e+08
33.9,24.6,3.35981e+08
33.9,24.7,3.49499e+08
33.9,24.8,3.63323e+08
33.9,24.9,3.77456e+08
33.9,25,3.919e+08
33.9,25.1,4.06658e+08
33.9,25.2,4.21731e+08
33.9,25.3,4.37123e+08
33.9,25.4,4.52835e+08
33.9,25.5,4.6887e+08
33.9,25.6,4.8523e+08
33.9,25.7,5.01918e+08
33.9,25.8,5.18935e+08
33.9,25.9,5.36285e+08
33.9,26,5.53969e+08
33.9,26.1,5.71991e+08
33.9,26.2,5.90351e+08
33.9,26.3,6.09054e+08
33.9,26.4,6.281e+08
33.9,26.5,6.47494e+08
33.9,26.6,6.67236e+08
33.9,26.7,6.8733e+08
33.9,26.8,7.07777e+08
33.9,26.9,7.28581e+08
33.9,27,7.49743e+08
33.9,27.1,7.71267e+08
33.9,27.2,7.93154e+08
33.9,27.3,8.15407e+08
33.9,27.4,8.15161e+08
33.9,27.5,8.55408e+08
33.9,27.6,8.73006e+08
33.9,27.7,8.90825e+08
33.9,27.8,9.08867e+08
33.9,27.9,9.27131e+08
33.9,28,9.45621e+08
33.9,28.1,9.64336e+08
33.9,28.2,9.83278e+08
33.9,28.3,1.00245e+09
33.9,28.4,1.02185e+09
33.9,28.5,1.04148e+09
33.9,28.6,1.06135e+09
33.9,28.7,1.08144e+09
33.9,28.8,1.10177e+09
33.9,28.9,1.12234e+09
33.9,29,1.14315e+09
33.9,29.1,1.16419e+09
33.9,29.2,1.18548e+09
33.9,29.3,1.207e+09
33.9,29.4,1.22877e+09
33.9,29.5,1.25079e+09
33.9,29.6,1.27304e+09
33.9,29.7,1.29555e+09
33.9,29.8,1.3183e+09
33.9,29.9,1.3413e+09
33.9,30,1.36455e+09
33.9,30.1,1.38806e+09
33.9,30.2,1.41181e+09
33.9,30.3,1.43582e+09
33.9,30.4,1.46009e+09
33.9,30.5,1.48462e+09
33.9,30.6,1.5094e+09
33.9,30.7,1.53444e+09
33.9,30.8,1.55974e+09
33.9,30.9,1.58531e+09
33.9,31,1.61114e+09
33.9,31.1,1.63724e+09
33.9,31.2,1.6636e+09
33.9,31.3,1.69023e+09
33.9,31.4,1.71713e+09
33.9,31.5,1.7443e+09
33.9,31.6,1.77174e+09
33.9,31.7,1.79946e+09
33.9,31.8,1.82745e+09
33.9,31.9,1.85571e+09
33.9,32,1.88426e+09
33.9,32.1,1.91308e+09
33.9,32.2,1.94218e+09
33.9,32.3,1.97157e+09
33.9,32.4,2.00123e+09
33.9,32.5,2.03119e+09
33.9,32.6,2.06143e+09
33.9,32.7,2.09195e+09
33.9,32.8,2.12277e+09
33.9,32.9,2.15387e+09
33.9,33,2.18527e+09
33.9,33.1,2.21695e+09
33.9,33.2,2.24894e+09
33.9,33.3,2.28122e+09
33.9,33.4,2.31379e+09
33.9,33.5,2.34667e+09
33.9,33.6,2.37984e+09
33.9,33.7,2.41332e+09
33.9,33.8,2.4471e+09
33.9,33.9,2.48118e+09
33.9,34,2.5037e+09
33.9,34.1,2.52635e+09
33.9,34.2,2.54914e+09
33.9,34.3,2.57206e+09
33.9,34.4,2.59513e+09
33.9,34.5,2.61833e+09
33.9,34.6,2.64168e+09
33.9,34.7,2.66516e+09
33.9,34.8,2.68878e+09
33.9,34.9,2.71255e+09
33.9,35,2.73645e+09
33.9,35.1,2.7605e+09
33.9,35.2,2.78469e+09
33.9,35.3,2.80902e+09
33.9,35.4,2.83349e+09
33.9,35.5,2.85811e+09
33.9,35.6,2.88287e+09
33.9,35.7,2.90778e+09
33.9,35.8,2.93283e+09
33.9,35.9,2.95802e+09
33.9,36,2.98337e+09
33.9,36.1,3.00886e+09
33.9,36.2,3.03449e+09
33.9,36.3,3.06027e+09
33.9,36.4,3.08621e+09
33.9,36.5,3.11228e+09
33.9,36.6,3.13851e+09
33.9,36.7,3.16489e+09
33.9,36.8,3.19142e+09
33.9,36.9,3.21809e+09
33.9,37,3.24492e+09
33.9,37.1,3.2719e+09
33.9,37.2,3.29903e+09
33.9,37.3,3.32632e+09
33.9,37.4,3.35375e+09
33.9,37.5,3.38134e+09
33.9,37.6,3.40909e+09
33.9,37.7,3.43699e+09
33.9,37.8,3.46504e+09
33.9,37.9,3.49325e+09
33.9,38,3.52161e+09
33.9,38.1,3.55013e+09
33.9,38.2,3.57881e+09
33.9,38.3,3.60764e+09
33.9,38.4,3.63663e+09
33.9,38.5,3.66579e+09
33.9,38.6,3.69509e+09
33.9,38.7,3.72456e+09
33.9,38.8,3.75419e+09
33.9,38.9,3.78398e+09
33.9,39,3.81393e+09
33.9,39.1,3.84404e+09
33.9,39.2,3.87431e+09
33.9,39.3,3.90475e+09
33.9,39.4,3.93535e+09
33.9,39.5,3.96611e+09
33.9,39.6,3.99703e+09
33.9,39.7,4.02812e+09
33.9,39.8,4.05938e+09
33.9,39.9,4.0908e+09
34,20,9.10407e+06
34,20.1,1.11098e+07
34,20.2,1.33243e+07
34,20.3,1.57496e+07
34,20.4,1.83877e+07
34,20.5,2.12406e+07
34,20.6,2.43103e+07
34,20.7,2.75988e+07
34,20.8,3.11082e+07
34,20.9,3.48406e+07
34,21,3.87979e+07
34,21.1,4.29822e+07
34,21.2,4.73956e+07
34,21.3,5.20401e+07
34,21.4,5.69178e+07
34,21.5,6.20308e+07
34,21.6,6.73812e+07
34,21.7,7.29711e+07
34,21.8,7.88025e+07
34,21.9,8.48776e+07
34,22,9.11984e+07
34,22.1,9.77671e+07
34,22.2,1.04586e+08
34,22.3,1.11657e+08
34,22.4,1.18982e+08
34,22.5,1.26564e+08
34,22.6,1.34404e+08
34,22.7,1.42505e+08
34,22.8,1.50869e+08
34,22.9,1.59497e+08
34,23,1.68394e+08
34,23.1,1.77559e+08
34,23.2,1.86996e+08
34,23.3,1.96707e+08
34,23.4,2.06694e+08
34,23.5,2.1696e+08
34,23.6,2.27505e+08
34,23.7,2.38334e+08
34,23.8,2.49447e+08
34,23.9,2.60848e+08
34,24,2.72537e+08
34,24.1,2.84519e+08
34,24.2,2.96794e+08
34,24.3,3.09366e+08
34,24.4,3.22235e+08
34,24.5,3.35406e+08
34,24.6,3.48879e+08
34,24.7,3.62658e+08
34,24.8,3.76745e+08
34,24.9,3.91141e+08
34,25,4.05849e+08
34,25.1,4.20872e+08
34,25.2,4.36212e+08
34,25.3,4.5187e+08
34,25.4,4.67851e+08
34,25.5,4.84155e+08
34,25.6,5.00785e+08
34,25.7,5.17744e+08
34,25.8,5.35033e+08
34,25.9,5.52656e+08
34,26,5.70614e+08
34,26.1,5.88911e+08
34,26.2,6.07547e+08
34,26.3,6.26527e+08
34,26.4,6.45852e+08
34,26.5,6.65524e+08
34,26.6,6.85546e+08
34,26.7,7.05921e+08
34,26.8,7.26651e+08
34,26.9,7.47737e+08
34,27,7.69184e+08
34,27.1,7.90993e+08
34,27.2,8.13166e+08
34,27.3,8.35706e+08
34,27.4,8.35468e+08
34,27.5,8.76217e+08
34,27.6,8.94037e+08
34,27.7,9.12079e+08
34,27.8,9.30344e+08
34,27.9,9.48833e+08
34,28,9.67547e+08
34,28.1,9.86488e+08
34,28.2,1.00566e+09
34,28.3,1.02505e+09
34,28.4,1.04468e+09
34,28.5,1.06454e+09
34,28.6,1.08464e+09
34,28.7,1.10496e+09
34,28.8,1.12553e+09
34,28.9,1.14633e+09
34,29,1.16736e+09
34,29.1,1.18864e+09
34,29.2,1.21016e+09
34,29.3,1.23192e+09
34,29.4,1.25392e+09
34,29.5,1.27617e+09
34,29.6,1.29867e+09
34,29.7,1.32141e+09
34,29.8,1.3444e+09
34,29.9,1.36764e+09
34,30,1.39113e+09
34,30.1,1.41487e+09
34,30.2,1.43887e+09
34,30.3,1.46312e+09
34,30.4,1.48763e+09
34,30.5,1.5124e+09
34,30.6,1.53742e+09
34,30.7,1.56271e+09
34,30.8,1.58826e+09
34,30.9,1.61407e+09
34,31,1.64015e+09
34,31.1,1.66649e+09
34,31.2,1.6931e+09
34,31.3,1.71998e+09
34,31.4,1.74713e+09
34,31.5,1.77455e+09
34,31.6,1.80224e+09
34,31.7,1.83021e+09
34,31.8,1.85845e+09
34,31.9,1.88697e+09
34,32,1.91577e+09
34,32.1,1.94484e+09
34,32.2,1.9742e+09
34,32.3,2.00384e+09
34,32.4,2.03377e+09
34,32.5,2.06398e+09
34,32.6,2.09447e+09
34,32.7,2.12526e+09
34,32.8,2.15633e+09
34,32.9,2.1877e+09
34,33,2.21935e+09
34,33.1,2.25131e+09
34,33.2,2.28355e+09
34,33.3,2.31609e+09
34,33.4,2.34893e+09
34,33.5,2.38207e+09
34,33.6,2.41551e+09
34,33.7,2.44926e+09
34,33.8,2.4833e+09
34,33.9,2.51765e+09
34,34,2.55231e+09
34,34.1,2.5752e+09
34,34.2,2.59822e+09
34,34.3,2.62139e+09
34,34.4,2.64469e+09
34,34.5,2.66813e+09
34,34.6,2.69172e+09
34,34.7,2.71544e+09
34,34.8,2.7393e+09
34,34.9,2.7633e+09
34,35,2.78745e+09
34,35.1,2.81174e+09
34,35.2,2.83617e+09
34,35.3,2.86074e+09
34,35.4,2.88546e+09
34,35.5,2.91032e+09
34,35.6,2.93532e+09
34,35.7,2.96047e+09
34,35.8,2.98577e+09
34,35.9,3.01121e+09
34,36,3.0368e+09
34,36.1,3.06253e+09
34,36.2,3.08841e+09
34,36.3,3.11444e+09
34,36.4,3.14062e+09
34,36.5,3.16695e+09
34,36.6,3.19343e+09
34,36.7,3.22005e+09
34,36.8,3.24683e+09
34,36.9,3.27376e+09
34,37,3.30084e+09
34,37.1,3.32807e+09
34,37.2,3.35545e+09
34,37.3,3.38299e+09
34,37.4,3.41068e+09
34,37.5,3.43852e+09
34,37.6,3.46652e+09
34,37.7,3.49467e+09
34,37.8,3.52298e+09
34,37.9,3.55144e+09
34,38,3.58006e+09
34,38.1,3.60884e+09
34,38.2,3.63777e+09
34,38.3,3.66686e+09
34,38.4,3.69611e+09
34,38.5,3.72552e+09
34,38.6,3.75509e+09
34,38.7,3.78481e+09
34,38.8,3.8147e+09
34,38.9,3.84475e+09
34,39,3.87496e+09
34,39.1,3.90533e+09
34,39.2,3.93587e+09
34,39.3,3.96657e+09
34,39.4,3.99743e+09
34,39.5,4.02845e+09
34,39.6,4.05964e+09
34,39.7,4.091e+09
34,39.8,4.12252e+09
34,39.9,4.1542e+09
34.1,20,1.1272e+07
34.1,20.1,1.34954e+07
34.1,20.2,1.59285e+07
34.1,20.3,1.85734e+07
34.1,20.4,2.1432e+07
34.1,20.5,2.45063e+07
34.1,20.6,2.77984e+07
34.1,20.7,3.13103e+07
34.1,20.8,3.5044e+07
34.1,20.9,3.90015e+07
34.1,21,4.3185e+07
34.1,21.1,4.75964e+07
34.1,21.2,5.22379e+07
34.1,21.3,5.71114e+07
34.1,21.4,6.22191e+07
34.1,21.5,6.7563e+07
34.1,21.6,7.31453e+07
34.1,21.7,7.89679e+07
34.1,21.8,8.50331e+07
34.1,21.9,9.13429e+07
34.1,22,9.78994e+07
34.1,22.1,1.04705e+08
34.1,22.2,1.11761e+08
34.1,22.3,1.19071e+08
34.1,22.4,1.26635e+08
34.1,22.5,1.34457e+08
34.1,22.6,1.42539e+08
34.1,22.7,1.50882e+08
34.1,22.8,1.5949e+08
34.1,22.9,1.68363e+08
34.1,23,1.77504e+08
34.1,23.1,1.86916e+08
34.1,23.2,1.96601e+08
34.1,23.3,2.0656e+08
34.1,23.4,2.16796e+08
34.1,23.5,2.27312e+08
34.1,23.6,2.38108e+08
34.1,23.7,2.49189e+08
34.1,23.8,2.60555e+08
34.1,23.9,2.7221e+08
34.1,24,2.84155e+08
34.1,24.1,2.96392e+08
34.1,24.2,3.08924e+08
34.1,24.3,3.21754e+08
34.1,24.4,3.34883e+08
34.1,24.5,3.48313e+08
34.1,24.6,3.62048e+08
34.1,24.7,3.76088e+08
34.1,24.8,3.90437e+08
34.1,24.9,4.05098e+08
34.1,25,4.20071e+08
34.1,25.1,4.3536e+08
34.1,25.2,4.50966e+08
34.1,25.3,4.66893e+08
34.1,25.4,4.83142e+08
34.1,25.5,4.99716e+08
34.1,25.6,5.16617e+08
34.1,25.7,5.33847e+08
34.1,25.8,5.5141e+08
34.1,25.9,5.69306e+08
34.1,26,5.8754e+08
34.1,26.1,6.06112e+08
34.1,26.2,6.25025e+08
34.1,26.3,6.44283e+08
34.1,26.4,6.63886e+08
34.1,26.5,6.83839e+08
34.1,26.6,7.04142e+08
34.1,26.7,7.24798e+08
34.1,26.8,7.45811e+08
34.1,26.9,7.67181e+08
34.1,27,7.88913e+08
34.1,27.1,8.11008e+08
34.1,27.2,8.33468e+08
34.1,27.3,8.56296e+08
34.1,27.4,8.56065e+08
34.1,27.5,8.97317e+08
34.1,27.6,9.15361e+08
34.1,27.7,9.33626e+08
34.1,27.8,9.52115e+08
34.1,27.9,9.70829e+08
34.1,28,9.89769e+08
34.1,28.1,1.00894e+09
34.1,28.2,1.02833e+09
34.1,28.3,1.04796e+09
34.1,28.4,1.06781e+09
34.1,28.5,1.0879e+09
34.1,28.6,1.10823e+09
34.1,28.7,1.12878e+09
34.1,28.8,1.14958e+09
34.1,28.9,1.17061e+09
34.1,29,1.19188e+09
34.1,29.1,1.21339e+09
34.1,29.2,1.23514e+09
34.1,29.3,1.25714e+09
34.1,29.4,1.27938e+09
34.1,29.5,1.30186e+09
34.1,29.6,1.32459e+09
34.1,29.7,1.34757e+09
34.1,29.8,1.3708e+09
34.1,29.9,1.39428e+09
34.1,30,1.41801e+09
34.1,30.1,1.44199e+09
34.1,30.2,1.46623e+09
34.1,30.3,1.49073e+09
34.1,30.4,1.51548e+09
34.1,30.5,1.54049e+09
34.1,30.6,1.56576e+09
34.1,30.7,1.59129e+09
34.1,30.8,1.61709e+09
34.1,30.9,1.64315e+09
34.1,31,1.66947e+09
34.1,31.1,1.69606e+09
34.1,31.2,1.72292e+09
34.1,31.3,1.75005e+09
34.1,31.4,1.77745e+09
34.1,31.5,1.80512e+09
34.1,31.6,1.83306e+09
34.1,31.7,1.86128e+09
34.1,31.8,1.88978e+09
34.1,31.9,1.91855e+09
34.1,32,1.9476e+09
34.1,32.1,1.97693e+09
34.1,32.2,2.00655e+09
34.1,32.3,2.03645e+09
34.1,32.4,2.06663e+09
34.1,32.5,2.0971e+09
34.1,32.6,2.12785e+09
34.1,32.7,2.15889e+09
34.1,32.8,2.19023e+09
34.1,32.9,2.22185e+09
34.1,33,2.25377e+09
34.1,33.1,2.28599e+09
34.1,33.2,2.3185e+09
34.1,33.3,2.3513e+09
34.1,33.4,2.38441e+09
34.1,33.5,2.41781e+09
34.1,33.6,2.45152e+09
34.1,33.7,2.48553e+09
34.1,33.8,2.51984e+09
34.1,33.9,2.55446e+09
34.1,34,2.58939e+09
34.1,34.1,2.62462e+09
34.1,34.2,2.64789e+09
34.1,34.3,2.67129e+09
34.1,34.4,2.69483e+09
34.1,34.5,2.71851e+09
34.1,34.6,2.74233e+09
34.1,34.7,2.7663e+09
34.1,34.8,2.7904e+09
34.1,34.9,2.81464e+09
34.1,35,2.83903e+09
34.1,35.1,2.86356e+09
34.1,35.2,2.88823e+09
34.1,35.3,2.91305e+09
34.1,35.4,2.93801e+09
34.1,35.5,2.96311e+09
34.1,35.6,2.98836e+09
34.1,35.7,3.01376e+09
34.1,35.8,3.0393e+09
34.1,35.9,3.06499e+09
34.1,36,3.09082e+09
34.1,36.1,3.1168e+09
34.1,36.2,3.14293e+09
34.1,36.3,3.16921e+09
34.1,36.4,3.19564e+09
34.1,36.5,3.22221e+09
34.1,36.6,3.24894e+09
34.1,36.7,3.27581e+09
34.1,36.8,3.30284e+09
34.1,36.9,3.33002e+09
34.1,37,3.35735e+09
34.1,37.1,3.38483e+09
34.1,37.2,3.41247e+09
34.1,37.3,3.44026e+09
34.1,37.4,3.4682e+09
34.1,37.5,3.4963e+09
34.1,37.6,3.52455e+09
34.1,37.7,3.55296e+09
34.1,37.8,3.58152e+09
34.1,37.9,3.61024e+09
34.1,38,3.63911e+09
34.1,38.1,3.66815e+09
34.1,38.2,3.69734e+09
34.1,38.3,3.72669e+09
34.1,38.4,3.7562e+09
34.1,38.5,3.78586e+09
34.1,38.6,3.81569e+09
34.1,38.7,3.84568e+09
34.1,38.8,3.87583e+09
34.1,38.9,3.90614e+09
34.1,39,3.93661e+09
34.1,39.1,3.96724e+09
34.1,39.2,3.99804e+09
34.1,39.3,4.029e+09
34.1,39.4,4.06013e+09
34.1,39.5,4.09142e+09
34.1,39.6,4.12287e+09
34.1,39.7,4.15449e+09
34.1,39.8,4.18628e+09
34.1,39.9,4.21823e+09
34.2,20,1.36779e+07
34.2,20.1,1.61197e+07
34.2,20.2,1.87721e+07
34.2,20.3,2.16372e+07
34.2,20.4,2.4717e+07
34.2,20.5,2.80135e+07
34.2,20.6,3.15287e+07
34.2,20.7,3.52646e+07
34.2,20.8,3.92232e+07
34.2,20.9,4.34067e+07
34.2,21,4.7817e+07
34.2,21.1,5.24563e+07
34.2,21.2,5.73265e+07
34.2,21.3,6.24297e+07
34.2,21.4,6.7768e+07
34.2,21.5,7.33436e+07
34.2,21.6,7.91584e+07
34.2,21.7,8.52146e+07
34.2,21.8,9.15142e+07
34.2,21.9,9.80595e+07
34.2,22,1.04852e+08
34.2,22.1,1.11895e+08
34.2,22.2,1.1919e+08
34.2,22.3,1.26739e+08
34.2,22.4,1.34543e+08
34.2,22.5,1.42607e+08
34.2,22.6,1.50931e+08
34.2,22.7,1.59517e+08
34.2,22.8,1.68368e+08
34.2,22.9,1.77487e+08
34.2,23,1.86874e+08
34.2,23.1,1.96533e+08
34.2,23.2,2.06465e+08
34.2,23.3,2.16674e+08
34.2,23.4,2.2716e+08
34.2,23.5,2.37926e+08
34.2,23.6,2.48975e+08
34.2,23.7,2.60308e+08
34.2,23.8,2.71928e+08
34.2,23.9,2.83838e+08
34.2,24,2.96038e+08
34.2,24.1,3.08532e+08
34.2,24.2,3.21323e+08
34.2,24.3,3.34411e+08
34.2,24.4,3.47799e+08
34.2,24.5,3.6149e+08
34.2,24.6,3.75487e+08
34.2,24.7,3.8979e+08
34.2,24.8,4.04403e+08
34.2,24.9,4.19328e+08
34.2,25,4.34567e+08
34.2,25.1,4.50122e+08
34.2,25.2,4.65996e+08
34.2,25.3,4.82191e+08
34.2,25.4,4.9871e+08
34.2,25.5,5.15554e+08
34.2,25.6,5.32727e+08
34.2,25.7,5.5023e+08
34.2,25.8,5.68066e+08
34.2,25.9,5.86238e+08
34.2,26,6.04746e+08
34.2,26.1,6.23595e+08
34.2,26.2,6.42787e+08
34.2,26.3,6.62323e+08
34.2,26.4,6.82206e+08
34.2,26.5,7.02439e+08
34.2,26.6,7.23023e+08
34.2,26.7,7.43963e+08
34.2,26.8,7.65259e+08
34.2,26.9,7.86914e+08
34.2,27,8.08931e+08
34.2,27.1,8.31313e+08
34.2,27.2,8.54061e+08
34.2,27.3,8.77178e+08
34.2,27.4,8.76954e+08
34.2,27.5,9.18711e+08
34.2,27.6,9.36978e+08
34.2,27.7,9.55468e+08
34.2,27.8,9.74182e+08
34.2,27.9,9.93121e+08
34.2,28,1.01229e+09
34.2,28.1,1.03168e+09
34.2,28.2,1.0513e+09
34.2,28.3,1.07116e+09
34.2,28.4,1.09124e+09
34.2,28.5,1.11156e+09
34.2,28.6,1.13212e+09
34.2,28.7,1.15291e+09
34.2,28.8,1.17393e+09
34.2,28.9,1.1952e+09
34.2,29,1.2167e+09
34.2,29.1,1.23845e+09
34.2,29.2,1.26043e+09
34.2,29.3,1.28266e+09
34.2,29.4,1.30514e+09
34.2,29.5,1.32786e+09
34.2,29.6,1.35083e+09
34.2,29.7,1.37405e+09
34.2,29.8,1.39751e+09
34.2,29.9,1.42123e+09
34.2,30,1.4452e+09
34.2,30.1,1.46943e+09
34.2,30.2,1.49391e+09
34.2,30.3,1.51865e+09
34.2,30.4,1.54364e+09
34.2,30.5,1.5689e+09
34.2,30.6,1.59441e+09
34.2,30.7,1.62019e+09
34.2,30.8,1.64623e+09
34.2,30.9,1.67254e+09
34.2,31,1.69911e+09
34.2,31.1,1.72595e+09
34.2,31.2,1.75306e+09
34.2,31.3,1.78043e+09
34.2,31.4,1.80808e+09
34.2,31.5,1.83601e+09
34.2,31.6,1.8642e+09
34.2,31.7,1.89267e+09
34.2,31.8,1.92142e+09
34.2,31.9,1.95045e+09
34.2,32,1.97976e+09
34.2,32.1,2.00935e+09
34.2,32.2,2.03922e+09
34.2,32.3,2.06937e+09
34.2,32.4,2.09981e+09
34.2,32.5,2.13054e+09
34.2,32.6,2.16156e+09
34.2,32.7,2.19286e+09
34.2,32.8,2.22446e+09
34.2,32.9,2.25634e+09
34.2,33,2.28852e+09
34.2,33.1,2.321e+09
34.2,33.2,2.35377e+09
34.2,33.3,2.38685e+09
34.2,33.4,2.42022e+09
34.2,33.5,2.45389e+09
34.2,33.6,2.48786e+09
34.2,33.7,2.52214e+09
34.2,33.8,2.55672e+09
34.2,33.9,2.59161e+09
34.2,34,2.62681e+09
34.2,34.1,2.66231e+09
34.2,34.2,2.69813e+09
34.2,34.3,2.72177e+09
34.2,34.4,2.74555e+09
34.2,34.5,2.76947e+09
34.2,34.6,2.79353e+09
34.2,34.7,2.81774e+09
34.2,34.8,2.84208e+09
34.2,34.9,2.86657e+09
34.2,35,2.8912e+09
34.2,35.1,2.91597e+09
34.2,35.2,2.94088e+09
34.2,35.3,2.96594e+09
34.2,35.4,2.99115e+09
34.2,35.5,3.0165e+09
34.2,35.6,3.04199e+09
34.2,35.7,3.06763e+09
34.2,35.8,3.09342e+09
34.2,35.9,3.11935e+09
34.2,36,3.14543e+09
34.2,36.1,3.17166e+09
34.2,36.2,3.19804e+09
34.2,36.3,3.22457e+09
34.2,36.4,3.25124e+09
34.2,36.5,3.27807e+09
34.2,36.6,3.30505e+09
34.2,36.7,3.33217e+09
34.2,36.8,3.35945e+09
34.2,36.9,3.38688e+09
34.2,37,3.41447e+09
34.2,37.1,3.4422e+09
34.2,37.2,3.47009e+09
34.2,37.3,3.49813e+09
34.2,37.4,3.52633e+09
34.2,37.5,3.55468e+09
34.2,37.6,3.58319e+09
34.2,37.7,3.61185e+09
34.2,37.8,3.64067e+09
34.2,37.9,3.66965e+09
34.2,38,3.69878e+09
34.2,38.1,3.72807e+09
34.2,38.2,3.75752e+09
34.2,38.3,3.78713e+09
34.2,38.4,3.8169e+09
34.2,38.5,3.84682e+09
34.2,38.6,3.87691e+09
34.2,38.7,3.90716e+09
34.2,38.8,3.93757e+09
34.2,38.9,3.96814e+09
34.2,39,3.99888e+09
34.2,39.1,4.02978e+09
34.2,39.2,4.06084e+09
34.2,39.3,4.09206e+09
34.2,39.4,4.12345e+09
34.2,39.5,4.155e+09
34.2,39.6,4.18672e+09
34.2,39.7,4.21861e+09
34.2,39.8,4.25066e+09
34.2,39.9,4.28288e+09
34.3,20,1.63232e+07
34.3,20.1,1.89841e+07
34.3,20.2,2.18565e+07
34.3,20.3,2.49426e+07
34.3,20.4,2.82442e+07
34.3,20.5,3.17635e+07
34.3,20.6,3.55025e+07
34.3,20.7,3.94631e+07
34.3,20.8,4.36474e+07
34.3,20.9,4.80575e+07
34.3,21,5.26954e+07
34.3,21.1,5.75631e+07
34.3,21.2,6.26628e+07
34.3,21.3,6.79964e+07
34.3,21.4,7.35661e+07
34.3,21.5,7.9374e+07
34.3,21.6,8.54221e+07
34.3,21.7,9.17125e+07
34.3,21.8,9.82473e+07
34.3,21.9,1.05029e+08
34.3,22,1.12059e+08
34.3,22.1,1.1934e+08
34.3,22.2,1.26873e+08
34.3,22.3,1.34662e+08
34.3,22.4,1.42708e+08
34.3,22.5,1.51013e+08
34.3,22.6,1.5958e+08
34.3,22.7,1.6841e+08
34.3,22.8,1.77506e+08
34.3,22.9,1.8687e+08
34.3,23,1.96505e+08
34.3,23.1,2.06411e+08
34.3,23.2,2.16592e+08
34.3,23.3,2.2705e+08
34.3,23.4,2.37787e+08
34.3,23.5,2.48805e+08
34.3,23.6,2.60106e+08
34.3,23.7,2.71693e+08
34.3,23.8,2.83568e+08
34.3,23.9,2.95733e+08
34.3,24,3.0819e+08
34.3,24.1,3.20942e+08
34.3,24.2,3.3399e+08
34.3,24.3,3.47338e+08
34.3,24.4,3.60987e+08
34.3,24.5,3.7494e+08
34.3,24.6,3.89198e+08
34.3,24.7,4.03765e+08
34.3,24.8,4.18642e+08
34.3,24.9,4.33832e+08
34.3,25,4.49338e+08
34.3,25.1,4.6516e+08
34.3,25.2,4.81303e+08
34.3,25.3,4.97768e+08
34.3,25.4,5.14557e+08
34.3,25.5,5.31673e+08
34.3,25.6,5.49118e+08
34.3,25.7,5.66894e+08
34.3,25.8,5.85005e+08
34.3,25.9,6.03451e+08
34.3,26,6.22237e+08
34.3,26.1,6.41363e+08
34.3,26.2,6.60832e+08
34.3,26.3,6.80648e+08
34.3,26.4,7.00812e+08
34.3,26.5,7.21326e+08
34.3,26.6,7.42193e+08
34.3,26.7,7.63416e+08
34.3,26.8,7.84996e+08
34.3,26.9,8.06937e+08
34.3,27,8.29241e+08
34.3,27.1,8.5191e+08
34.3,27.2,8.74946e+08
34.3,27.3,8.98353e+08
34.3,27.4,8.98137e+08
34.3,27.5,9.404e+08
34.3,27.6,9.58891e+08
34.3,27.7,9.77606e+08
34.3,27.8,9.96545e+08
34.3,27.9,1.01571e+09
34.3,28,1.0351e+09
34.3,28.1,1.05473e+09
34.3,28.2,1.07458e+09
34.3,28.3,1.09466e+09
34.3,28.4,1.11498e+09
34.3,28.5,1.13553e+09
34.3,28.6,1.15631e+09
34.3,28.7,1.17733e+09
34.3,28.8,1.19859e+09
34.3,28.9,1.22009e+09
34.3,29,1.24183e+09
34.3,29.1,1.26381e+09
34.3,29.2,1.28603e+09
34.3,29.3,1.3085e+09
34.3,29.4,1.33121e+09
34.3,29.5,1.35417e+09
34.3,29.6,1.37737e+09
34.3,29.7,1.40083e+09
34.3,29.8,1.42454e+09
34.3,29.9,1.4485e+09
34.3,30,1.47271e+09
34.3,30.1,1.49718e+09
34.3,30.2,1.5219e+09
34.3,30.3,1.54688e+09
34.3,30.4,1.57212e+09
34.3,30.5,1.59762e+09
34.3,30.6,1.62338e+09
34.3,30.7,1.64941e+09
34.3,30.8,1.67569e+09
34.3,30.9,1.70225e+09
34.3,31,1.72907e+09
34.3,31.1,1.75616e+09
34.3,31.2,1.78351e+09
34.3,31.3,1.81114e+09
34.3,31.4,1.83904e+09
34.3,31.5,1.86722e+09
34.3,31.6,1.89567e+09
34.3,31.7,1.92439e+09
34.3,31.8,1.9534e+09
34.3,31.9,1.98268e+09
34.3,32,2.01224e+09
34.3,32.1,2.04209e+09
34.3,32.2,2.07222e+09
34.3,32.3,2.10263e+09
34.3,32.4,2.13333e+09
34.3,32.5,2.16432e+09
34.3,32.6,2.19559e+09
34.3,32.7,2.22716e+09
34.3,32.8,2.25901e+09
34.3,32.9,2.29116e+09
34.3,33,2.32361e+09
34.3,33.1,2.35635e+09
34.3,33.2,2.38939e+09
34.3,33.3,2.42272e+09
34.3,33.4,2.45636e+09
34.3,33.5,2.4903e+09
34.3,33.6,2.52454e+09
34.3,33.7,2.55909e+09
34.3,33.8,2.59394e+09
34.3,33.9,2.6291e+09
34.3,34,2.66457e+09
34.3,34.1,2.70034e+09
34.3,34.2,2.73643e+09
34.3,34.3,2.77284e+09
34.3,34.4,2.79686e+09
34.3,34.5,2.82102e+09
34.3,34.6,2.84532e+09
34.3,34.7,2.86976e+09
34.3,34.8,2.89435e+09
34.3,34.9,2.91908e+09
34.3,35,2.94395e+09
34.3,35.1,2.96897e+09
34.3,35.2,2.99413e+09
34.3,35.3,3.01943e+09
34.3,35.4,3.04488e+09
34.3,35.5,3.07047e+09
34.3,35.6,3.09621e+09
34.3,35.7,3.1221e+09
34.3,35.8,3.14814e+09
34.3,35.9,3.17432e+09
34.3,36,3.20065e+09
34.3,36.1,3.22712e+09
34.3,36.2,3.25375e+09
34.3,36.3,3.28053e+09
34.3,36.4,3.30745e+09
34.3,36.5,3.33453e+09
34.3,36.6,3.36176e+09
34.3,36.7,3.38914e+09
34.3,36.8,3.41667e+09
34.3,36.9,3.44435e+09
34.3,37,3.47219e+09
34.3,37.1,3.50017e+09
34.3,37.2,3.52832e+09
34.3,37.3,3.55661e+09
34.3,37.4,3.58507e+09
34.3,37.5,3.61367e+09
34.3,37.6,3.64244e+09
34.3,37.7,3.67136e+09
34.3,37.8,3.70043e+09
34.3,37.9,3.72967e+09
34.3,38,3.75906e+09
34.3,38.1,3.78861e+09
34.3,38.2,3.81832e+09
34.3,38.3,3.84819e+09
34.3,38.4,3.87821e+09
34.3,38.5,3.9084e+09
34.3,38.6,3.93875e+09
34.3,38.7,3.96926e+09
34.3,38.8,3.99993e+09
34.3,38.9,4.03077e+09
34.3,39,4.06177e+09
34.3,39.1,4.09293e+09
34.3,39.2,4.12425e+09
34.3,39.3,4.15574e+09
34.3,39.4,4.1874e+09
34.3,39.5,4.21922e+09
34.3,39.6,4.2512e+09
34.3,39.7,4.28336e+09
34.3,39.8,4.31568e+09
34.3,39.9,4.34816e+09
34.4,20,1.92095e+07
34.4,20.1,2.209e+07
34.4,20.2,2.51832e+07
34.4,20.3,2.84908e+07
34.4,20.4,3.20151e+07
34.4,20.5,3.57579e+07
34.4,20.6,3.97213e+07
34.4,20.7,4.39073e+07
34.4,20.8,4.8318e+07
34.4,20.9,5.29554e+07
34.4,21,5.78215e+07
34.4,21.1,6.29184e+07
34.4,21.2,6.82483e+07
34.4,21.3,7.3813e+07
34.4,21.4,7.96148e+07
34.4,21.5,8.56557e+07
34.4,21.6,9.19377e+07
34.4,21.7,9.84631e+07
34.4,21.8,1.05234e+08
34.4,21.9,1.12252e+08
34.4,22,1.1952e+08
34.4,22.1,1.27039e+08
34.4,22.2,1.34813e+08
34.4,22.3,1.42842e+08
34.4,22.4,1.5113e+08
34.4,22.5,1.59678e+08
34.4,22.6,1.68488e+08
34.4,22.7,1.77563e+08
34.4,22.8,1.86905e+08
34.4,22.9,1.96515e+08
34.4,23,2.06397e+08
34.4,23.1,2.16552e+08
34.4,23.2,2.26983e+08
34.4,23.3,2.37691e+08
34.4,23.4,2.48679e+08
34.4,23.5,2.59949e+08
34.4,23.6,2.71504e+08
34.4,23.7,2.83345e+08
34.4,23.8,2.95475e+08
34.4,23.9,3.07897e+08
34.4,24,3.20611e+08
34.4,24.1,3.33621e+08
34.4,24.2,3.46929e+08
34.4,24.3,3.60537e+08
34.4,24.4,3.74447e+08
34.4,24.5,3.88662e+08
34.4,24.6,4.03184e+08
34.4,24.7,4.18015e+08
34.4,24.8,4.33157e+08
34.4,24.9,4.48613e+08
34.4,25,4.64386e+08
34.4,25.1,4.80477e+08
34.4,25.2,4.96888e+08
34.4,25.3,5.13623e+08
34.4,25.4,5.30684e+08
34.4,25.5,5.48072e+08
34.4,25.6,5.6579e+08
34.4,25.7,5.8384e+08
34.4,25.8,6.02226e+08
34.4,25.9,6.20949e+08
34.4,26,6.40011e+08
34.4,26.1,6.59416e+08
34.4,26.2,6.79165e+08
34.4,26.3,6.9926e+08
34.4,26.4,7.19705e+08
34.4,26.5,7.40501e+08
34.4,26.6,7.61652e+08
34.4,26.7,7.83159e+08
34.4,26.8,8.05025e+08
34.4,26.9,8.27252e+08
34.4,27,8.49843e+08
34.4,27.1,8.728e+08
34.4,27.2,8.96126e+08
34.4,27.3,9.19823e+08
34.4,27.4,9.19615e+08
34.4,27.5,9.62386e+08
34.4,27.6,9.81101e+08
34.4,27.7,1.00004e+09
34.4,27.8,1.01921e+09
34.4,27.9,1.0386e+09
34.4,28,1.05822e+09
34.4,28.1,1.07807e+09
34.4,28.2,1.09815e+09
34.4,28.3,1.11846e+09
34.4,28.4,1.13901e+09
34.4,28.5,1.15979e+09
34.4,28.6,1.18081e+09
34.4,28.7,1.20206e+09
34.4,28.8,1.22355e+09
34.4,28.9,1.24529e+09
34.4,29,1.26726e+09
34.4,29.1,1.28947e+09
34.4,29.2,1.31193e+09
34.4,29.3,1.33464e+09
34.4,29.4,1.35759e+09
34.4,29.5,1.38078e+09
34.4,29.6,1.40423e+09
34.4,29.7,1.42793e+09
34.4,29.8,1.45187e+09
34.4,29.9,1.47607e+09
34.4,30,1.50053e+09
34.4,30.1,1.52524e+09
34.4,30.2,1.55021e+09
34.4,30.3,1.57543e+09
34.4,30.4,1.60092e+09
34.4,30.5,1.62666e+09
34.4,30.6,1.65267e+09
34.4,30.7,1.67894e+09
34.4,30.8,1.70548e+09
34.4,30.9,1.73228e+09
34.4,31,1.75935e+09
34.4,31.1,1.78668e+09
34.4,31.2,1.81429e+09
34.4,31.3,1.84217e+09
34.4,31.4,1.87033e+09
34.4,31.5,1.89875e+09
34.4,31.6,1.92746e+09
34.4,31.7,1.95644e+09
34.4,31.8,1.9857e+09
34.4,31.9,2.01524e+09
34.4,32,2.04505e+09
34.4,32.1,2.07516e+09
34.4,32.2,2.10554e+09
34.4,32.3,2.13622e+09
34.4,32.4,2.16717e+09
34.4,32.5,2.19842e+09
34.4,32.6,2.22996e+09
34.4,32.7,2.26178e+09
34.4,32.8,2.2939e+09
34.4,32.9,2.32632e+09
34.4,33,2.35903e+09
34.4,33.1,2.39203e+09
34.4,33.2,2.42534e+09
34.4,33.3,2.45894e+09
34.4,33.4,2.49284e+09
34.4,33.5,2.52705e+09
34.4,33.6,2.56156e+09
34.4,33.7,2.59637e+09
34.4,33.8,2.6315e+09
34.4,33.9,2.66693e+09
34.4,34,2.70267e+09
34.4,34.1,2.73872e+09
34.4,34.2,2.77508e+09
34.4,34.3,2.81175e+09
34.4,34.4,2.84875e+09
34.4,34.5,2.87315e+09
34.4,34.6,2.89769e+09
34.4,34.7,2.92238e+09
34.4,34.8,2.94721e+09
34.4,34.9,2.97218e+09
34.4,35,2.9973e+09
34.4,35.1,3.02256e+09
34.4,35.2,3.04796e+09
34.4,35.3,3.07351e+09
34.4,35.4,3.09921e+09
34.4,35.5,3.12505e+09
34.4,35.6,3.15103e+09
34.4,35.7,3.17717e+09
34.4,35.8,3.20345e+09
34.4,35.9,3.22988e+09
34.4,36,3.25646e+09
34.4,36.1,3.28319e+09
34.4,36.2,3.31006e+09
34.4,36.3,3.33709e+09
34.4,36.4,3.36427e+09
34.4,36.5,3.39159e+09
34.4,36.6,3.41907e+09
34.4,36.7,3.4467e+09
34.4,36.8,3.47449e+09
34.4,36.9,3.50242e+09
34.4,37,3.53051e+09
34.4,37.1,3.55876e+09
34.4,37.2,3.58716e+09
34.4,37.3,3.61571e+09
34.4,37.4,3.64442e+09
34.4,37.5,3.67328e+09
34.4,37.6,3.7023e+09
34.4,37.7,3.73148e+09
34.4,37.8,3.76081e+09
34.4,37.9,3.7903e+09
34.4,38,3.81995e+09
34.4,38.1,3.84976e+09
34.4,38.2,3.87973e+09
34.4,38.3,3.90986e+09
34.4,38.4,3.94015e+09
34.4,38.5,3.9706e+09
34.4,38.6,4.00121e+09
34.4,38.7,4.03199e+09
34.4,38.8,4.06292e+09
34.4,38.9,4.09402e+09
34.4,39,4.12528e+09
34.4,39.1,4.15671e+09
34.4,39.2,4.1883e+09
34.4,39.3,4.22005e+09
34.4,39.4,4.25197e+09
34.4,39.5,4.28406e+09
34.4,39.6,4.31631e+09
34.4,39.7,4.34873e+09
34.4,39.8,4.38132e+09
34.4,39.9,4.41408e+09
34.5,20,2.2338e+07
34.5,20.1,2.5439e+07
34.5,20.2,2.87535e+07
34.5,20.3,3.22835e+07
34.5,20.4,3.6031e+07
34.5,20.5,3.9998e+07
34.5,20.6,4.41865e+07
34.5,20.7,4.85986e+07
34.5,20.8,5.32364e+07
34.5,20.9,5.81017e+07
34.5,21,6.31968e+07
34.5,21.1,6.85237e+07
34.5,21.2,7.40844e+07
34.5,21.3,7.98809e+07
34.5,21.4,8.59155e+07
34.5,21.5,9.21901e+07
34.5,21.6,9.87068e+07
34.5,21.7,1.05468e+08
34.5,21.8,1.12475e+08
34.5,21.9,1.19731e+08
34.5,22,1.27237e+08
34.5,22.1,1.34996e+08
34.5,22.2,1.4301e+08
34.5,22.3,1.51281e+08
34.5,22.4,1.59811e+08
34.5,22.5,1.68602e+08
34.5,22.6,1.77657e+08
34.5,22.7,1.86977e+08
34.5,22.8,1.96565e+08
34.5,22.9,2.06423e+08
34.5,23,2.16553e+08
34.5,23.1,2.26957e+08
34.5,23.2,2.37638e+08
34.5,23.3,2.48597e+08
34.5,23.4,2.59838e+08
34.5,23.5,2.71361e+08
34.5,23.6,2.8317e+08
34.5,23.7,2.95266e+08
34.5,23.8,3.07652e+08
34.5,23.9,3.20331e+08
34.5,24,3.33303e+08
34.5,24.1,3.46572e+08
34.5,24.2,3.6014e+08
34.5,24.3,3.74009e+08
34.5,24.4,3.88181e+08
34.5,24.5,4.02659e+08
34.5,24.6,4.17444e+08
34.5,24.7,4.3254e+08
34.5,24.8,4.47949e+08
34.5,24.9,4.63672e+08
34.5,25,4.79712e+08
34.5,25.1,4.96072e+08
34.5,25.2,5.12754e+08
34.5,25.3,5.2976e+08
34.5,25.4,5.47092e+08
34.5,25.5,5.64753e+08
34.5,25.6,5.82745e+08
34.5,25.7,6.01071e+08
34.5,25.8,6.19732e+08
34.5,25.9,6.38732e+08
34.5,26,6.58072e+08
34.5,26.1,6.77756e+08
34.5,26.2,6.97784e+08
34.5,26.3,7.18161e+08
34.5,26.4,7.38888e+08
34.5,26.5,7.59967e+08
34.5,26.6,7.81402e+08
34.5,26.7,8.03194e+08
34.5,26.8,8.25346e+08
34.5,26.9,8.4786e+08
34.5,27,8.70739e+08
34.5,27.1,8.93985e+08
34.5,27.2,9.17601e+08
34.5,27.3,9.41589e+08
34.5,27.4,9.41389e+08
34.5,27.5,9.84669e+08
34.5,27.6,1.00361e+09
34.5,27.7,1.02278e+09
34.5,27.8,1.04217e+09
34.5,27.9,1.06179e+09
34.5,28,1.08164e+09
34.5,28.1,1.10172e+09
34.5,28.2,1.12203e+09
34.5,28.3,1.14257e+09
34.5,28.4,1.16335e+09
34.5,28.5,1.18436e+09
34.5,28.6,1.20561e+09
34.5,28.7,1.2271e+09
34.5,28.8,1.24882e+09
34.5,28.9,1.27079e+09
34.5,29,1.293e+09
34.5,29.1,1.31545e+09
34.5,29.2,1.33814e+09
34.5,29.3,1.36109e+09
34.5,29.4,1.38427e+09
34.5,29.5,1.40771e+09
34.5,29.6,1.4314e+09
34.5,29.7,1.45533e+09
34.5,29.8,1.47952e+09
34.5,29.9,1.50397e+09
34.5,30,1.52866e+09
34.5,30.1,1.55362e+09
34.5,30.2,1.57883e+09
34.5,30.3,1.6043e+09
34.5,30.4,1.63003e+09
34.5,30.5,1.65602e+09
34.5,30.6,1.68227e+09
34.5,30.7,1.70879e+09
34.5,30.8,1.73558e+09
34.5,30.9,1.76263e+09
34.5,31,1.78995e+09
34.5,31.1,1.81754e+09
34.5,31.2,1.8454e+09
34.5,31.3,1.87353e+09
34.5,31.4,1.90193e+09
34.5,31.5,1.93062e+09
34.5,31.6,1.95957e+09
34.5,31.7,1.98881e+09
34.5,31.8,2.01832e+09
34.5,31.9,2.04812e+09
34.5,32,2.0782e+09
34.5,32.1,2.10856e+09
34.5,32.2,2.1392e+09
34.5,32.3,2.17013e+09
34.5,32.4,2.20135e+09
34.5,32.5,2.23286e+09
34.5,32.6,2.26466e+09
34.5,32.7,2.29675e+09
34.5,32.8,2.32913e+09
34.5,32.9,2.36181e+09
34.5,33,2.39478e+09
34.5,33.1,2.42805e+09
34.5,33.2,2.46162e+09
34.5,33.3,2.49549e+09
34.5,33.4,2.52966e+09
34.5,33.5,2.56414e+09
34.5,33.6,2.59892e+09
34.5,33.7,2.634e+09
34.5,33.8,2.6694e+09
34.5,33.9,2.7051e+09
34.5,34,2.74111e+09
34.5,34.1,2.77743e+09
34.5,34.2,2.81407e+09
34.5,34.3,2.85102e+09
34.5,34.4,2.88829e+09
34.5,34.5,2.92587e+09
34.5,34.6,2.95066e+09
34.5,34.7,2.97559e+09
34.5,34.8,3.00066e+09
34.5,34.9,3.02588e+09
34.5,35,3.05124e+09
34.5,35.1,3.07674e+09
34.5,35.2,3.10239e+09
34.5,35.3,3.12819e+09
34.5,35.4,3.15413e+09
34.5,35.5,3.18022e+09
34.5,35.6,3.20645e+09
34.5,35.7,3.23284e+09
34.5,35.8,3.25937e+09
34.5,35.9,3.28605e+09
34.5,36,3.31287e+09
34.5,36.1,3.33985e+09
34.5,36.2,3.36698e+09
34.5,36.3,3.39426e+09
34.5,36.4,3.42169e+09
34.5,36.5,3.44927e+09
34.5,36.6,3.477e+09
34.5,36.7,3.50488e+09
34.5,36.8,3.53292e+09
34.5,36.9,3.56111e+09
34.5,37,3.58945e+09
34.5,37.1,3.61795e+09
34.5,37.2,3.64661e+09
34.5,37.3,3.67542e+09
34.5,37.4,3.70438e+09
34.5,37.5,3.7335e+09
34.5,37.6,3.76278e+09
34.5,37.7,3.79221e+09
34.5,37.8,3.82181e+09
34.5,37.9,3.85156e+09
34.5,38,3.88147e+09
34.5,38.1,3.91154e+09
34.5,38.2,3.94177e+09
34.5,38.3,3.97216e+09
34.5,38.4,4.00271e+09
34.5,38.5,4.03342e+09
34.5,38.6,4.0643e+09
34.5,38.7,4.09534e+09
34.5,38.8,4.12653e+09
34.5,38.9,4.1579e+09
34.5,39,4.18943e+09
34.5,39.1,4.22112e+09
34.5,39.2,4.25297e+09
34.5,39.3,4.28499e+09
34.5,39.4,4.31718e+09
34.5,39.5,4.34954e+09
34.5,39.6,4.38206e+09
34.5,39.7,4.41475e+09
34.5,39.8,4.4476e+09
34.5,39.9,4.48063e+09
34.6,20,2.57102e+07
34.6,20.1,2.90324e+07
34.6,20.2,3.25689e+07
34.6,20.3,3.63219e+07
34.6,20.4,4.02933e+07
34.6,20.5,4.44852e+07
34.6,20.6,4.88996e+07
34.6,20.7,5.35385e+07
34.6,20.8,5.8404e+07
34.6,20.9,6.34981e+07
34.6,21,6.88228e+07
34.6,21.1,7.43803e+07
34.6,21.2,8.01725e+07
34.6,21.3,8.62016e+07
34.6,21.4,9.24696e+07
34.6,21.5,9.89787e+07
34.6,21.6,1.05731e+08
34.6,21.7,1.12728e+08
34.6,21.8,1.19973e+08
34.6,21.9,1.27467e+08
34.6,22,1.35213e+08
34.6,22.1,1.43212e+08
34.6,22.2,1.51467e+08
34.6,22.3,1.5998e+08
34.6,22.4,1.68753e+08
34.6,22.5,1.77788e+08
34.6,22.6,1.87088e+08
34.6,22.7,1.96654e+08
34.6,22.8,2.06489e+08
34.6,22.9,2.16595e+08
34.6,23,2.26974e+08
34.6,23.1,2.37628e+08
34.6,23.2,2.4856e+08
34.6,23.3,2.59771e+08
34.6,23.4,2.71264e+08
34.6,23.5,2.83042e+08
34.6,23.6,2.95105e+08
34.6,23.7,3.07457e+08
34.6,23.8,3.201e+08
34.6,23.9,3.33036e+08
34.6,24,3.46267e+08
34.6,24.1,3.59796e+08
34.6,24.2,3.73625e+08
34.6,24.3,3.87755e+08
34.6,24.4,4.0219e+08
34.6,24.5,4.16932e+08
34.6,24.6,4.31982e+08
34.6,24.7,4.47344e+08
34.6,24.8,4.63019e+08
34.6,24.9,4.7901e+08
34.6,25,4.95319e+08
34.6,25.1,5.11948e+08
34.6,25.2,5.28901e+08
34.6,25.3,5.46178e+08
34.6,25.4,5.63783e+08
34.6,25.5,5.81718e+08
34.6,25.6,5.99985e+08
34.6,25.7,6.18586e+08
34.6,25.8,6.37524e+08
34.6,25.9,6.56802e+08
34.6,26,6.76421e+08
34.6,26.1,6.96384e+08
34.6,26.2,7.16693e+08
34.6,26.3,7.37352e+08
34.6,26.4,7.58361e+08
34.6,26.5,7.79725e+08
34.6,26.6,8.01444e+08
34.6,26.7,8.23522e+08
34.6,26.8,8.4596e+08
34.6,26.9,8.68762e+08
34.6,27,8.9193e+08
34.6,27.1,9.15466e+08
34.6,27.2,9.39373e+08
34.6,27.3,9.63653e+08
34.6,27.4,9.63462e+08
34.6,27.5,1.00725e+09
34.6,27.6,1.02642e+09
34.6,27.7,1.04581e+09
34.6,27.8,1.06543e+09
34.6,27.9,1.08528e+09
34.6,28,1.10536e+09
34.6,28.1,1.12567e+09
34.6,28.2,1.14621e+09
34.6,28.3,1.16698e+09
34.6,28.4,1.18799e+09
34.6,28.5,1.20924e+09
34.6,28.6,1.23072e+09
34.6,28.7,1.25244e+09
34.6,28.8,1.2744e+09
34.6,28.9,1.2966e+09
34.6,29,1.31905e+09
34.6,29.1,1.34174e+09
34.6,29.2,1.36467e+09
34.6,29.3,1.38785e+09
34.6,29.4,1.41128e+09
34.6,29.5,1.43495e+09
34.6,29.6,1.45888e+09
34.6,29.7,1.48306e+09
34.6,29.8,1.50749e+09
34.6,29.9,1.53217e+09
34.6,30,1.55711e+09
34.6,30.1,1.58231e+09
34.6,30.2,1.60777e+09
34.6,30.3,1.63348e+09
34.6,30.4,1.65946e+09
34.6,30.5,1.6857e+09
34.6,30.6,1.7122e+09
34.6,30.7,1.73897e+09
34.6,30.8,1.766e+09
34.6,30.9,1.7933e+09
34.6,31,1.82087e+09
34.6,31.1,1.84871e+09
34.6,31.2,1.87682e+09
34.6,31.3,1.90521e+09
34.6,31.4,1.93387e+09
34.6,31.5,1.9628e+09
34.6,31.6,1.99202e+09
34.6,31.7,2.02151e+09
34.6,31.8,2.05128e+09
34.6,31.9,2.08133e+09
34.6,32,2.11167e+09
34.6,32.1,2.14229e+09
34.6,32.2,2.17319e+09
34.6,32.3,2.20438e+09
34.6,32.4,2.23586e+09
34.6,32.5,2.26763e+09
34.6,32.6,2.29969e+09
34.6,32.7,2.33205e+09
34.6,32.8,2.36469e+09
34.6,32.9,2.39764e+09
34.6,33,2.43087e+09
34.6,33.1,2.46441e+09
34.6,33.2,2.49825e+09
34.6,33.3,2.53239e+09
34.6,33.4,2.56683e+09
34.6,33.5,2.60157e+09
34.6,33.6,2.63662e+09
34.6,33.7,2.67198e+09
34.6,33.8,2.70764e+09
34.6,33.9,2.74361e+09
34.6,34,2.7799e+09
34.6,34.1,2.8165e+09
34.6,34.2,2.85341e+09
34.6,34.3,2.89063e+09
34.6,34.4,2.92818e+09
34.6,34.5,2.96604e+09
34.6,34.6,3.00422e+09
34.6,34.7,3.02939e+09
34.6,34.8,3.05471e+09
34.6,34.9,3.08017e+09
34.6,35,3.10578e+09
34.6,35.1,3.13153e+09
34.6,35.2,3.15742e+09
34.6,35.3,3.18347e+09
34.6,35.4,3.20966e+09
34.6,35.5,3.23599e+09
34.6,35.6,3.26248e+09
34.6,35.7,3.28911e+09
34.6,35.8,3.31589e+09
34.6,35.9,3.34282e+09
34.6,36,3.36989e+09
34.6,36.1,3.39712e+09
34.6,36.2,3.4245e+09
34.6,36.3,3.45203e+09
34.6,36.4,3.47971e+09
34.6,36.5,3.50755e+09
34.6,36.6,3.53553e+09
34.6,36.7,3.56367e+09
34.6,36.8,3.59196e+09
34.6,36.9,3.62041e+09
34.6,37,3.64901e+09
34.6,37.1,3.67776e+09
34.6,37.2,3.70667e+09
34.6,37.3,3.73574e+09
34.6,37.4,3.76496e+09
34.6,37.5,3.79434e+09
34.6,37.6,3.82388e+09
34.6,37.7,3.85357e+09
34.6,37.8,3.88343e+09
34.6,37.9,3.91344e+09
34.6,38,3.94361e+09
34.6,38.1,3.97394e+09
34.6,38.2,4.00443e+09
34.6,38.3,4.03508e+09
34.6,38.4,4.0659e+09
34.6,38.5,4.09687e+09
34.6,38.6,4.12801e+09
34.6,38.7,4.15931e+09
34.6,38.8,4.19078e+09
34.6,38.9,4.22241e+09
34.6,39,4.2542e+09
34.6,39.1,4.28616e+09
34.6,39.2,4.31828e+09
34.6,39.3,4.35057e+09
34.6,39.4,4.38303e+09
34.6,39.5,4.41565e+09
34.6,39.6,4.44844e+09
34.6,39.7,4.4814e+09
34.6,39.8,4.51453e+09
34.6,39.9,4.54782e+09
34.7,20,2.93277e+07
34.7,20.1,3.28716e+07
34.7,20.2,3.66309e+07
34.7,20.3,4.06076e+07
34.7,20.4,4.48037e+07
34.7,20.5,4.92211e+07
34.7,20.6,5.38621e+07
34.7,20.7,5.87285e+07
34.7,20.8,6.38224e+07
34.7,20.9,6.91459e+07
34.7,21,7.4701e+07
34.7,21.1,8.04897e+07
34.7,21.2,8.65142e+07
34.7,21.3,9.27765e+07
34.7,21.4,9.92787e+07
34.7,21.5,1.06023e+08
34.7,21.6,1.13011e+08
34.7,21.7,1.20246e+08
34.7,21.8,1.27728e+08
34.7,21.9,1.35461e+08
34.7,22,1.43447e+08
34.7,22.1,1.51687e+08
34.7,22.2,1.60184e+08
34.7,22.3,1.6894e+08
34.7,22.4,1.77957e+08
34.7,22.5,1.87237e+08
34.7,22.6,1.96783e+08
34.7,22.7,2.06595e+08
34.7,22.8,2.16678e+08
34.7,22.9,2.27033e+08
34.7,23,2.37661e+08
34.7,23.1,2.48566e+08
34.7,23.2,2.59749e+08
34.7,23.3,2.71213e+08
34.7,23.4,2.8296e+08
34.7,23.5,2.94992e+08
34.7,23.6,3.07311e+08
34.7,23.7,3.1992e+08
34.7,23.8,3.3282e+08
34.7,23.9,3.46015e+08
34.7,24,3.59506e+08
34.7,24.1,3.73295e+08
34.7,24.2,3.87385e+08
34.7,24.3,4.01778e+08
34.7,24.4,4.16476e+08
34.7,24.5,4.31482e+08
34.7,24.6,4.46798e+08
34.7,24.7,4.62426e+08
34.7,24.8,4.78369e+08
34.7,24.9,4.94628e+08
34.7,25,5.11207e+08
34.7,25.1,5.28107e+08
34.7,25.2,5.45331e+08
34.7,25.3,5.6288e+08
34.7,25.4,5.80759e+08
34.7,25.5,5.98968e+08
34.7,25.6,6.1751e+08
34.7,25.7,6.36388e+08
34.7,25.8,6.55604e+08
34.7,25.9,6.7516e+08
34.7,26,6.95058e+08
34.7,26.1,7.15302e+08
34.7,26.2,7.35893e+08
34.7,26.3,7.56834e+08
34.7,26.4,7.78127e+08
34.7,26.5,7.99775e+08
34.7,26.6,8.2178e+08
34.7,26.7,8.44144e+08
34.7,26.8,8.6687e+08
34.7,26.9,8.89961e+08
34.7,27,9.13419e+08
34.7,27.1,9.37245e+08
34.7,27.2,9.61444e+08
34.7,27.3,9.86017e+08
34.7,27.4,9.85834e+08
34.7,27.5,1.03013e+09
34.7,27.6,1.04953e+09
34.7,27.7,1.06915e+09
34.7,27.8,1.089e+09
34.7,27.9,1.10908e+09
34.7,28,1.12938e+09
34.7,28.1,1.14992e+09
34.7,28.2,1.17069e+09
34.7,28.3,1.1917e+09
34.7,28.4,1.21294e+09
34.7,28.5,1.23442e+09
34.7,28.6,1.25614e+09
34.7,28.7,1.27809e+09
34.7,28.8,1.30029e+09
34.7,28.9,1.32273e+09
34.7,29,1.34541e+09
34.7,29.1,1.36833e+09
34.7,29.2,1.3915e+09
34.7,29.3,1.41492e+09
34.7,29.4,1.43859e+09
34.7,29.5,1.46251e+09
34.7,29.6,1.48667e+09
34.7,29.7,1.51109e+09
34.7,29.8,1.53577e+09
34.7,29.9,1.5607e+09
34.7,30,1.58588e+09
34.7,30.1,1.61132e+09
34.7,30.2,1.63703e+09
34.7,30.3,1.66299e+09
34.7,30.4,1.68921e+09
34.7,30.5,1.7157e+09
34.7,30.6,1.74245e+09
34.7,30.7,1.76946e+09
34.7,30.8,1.79675e+09
34.7,30.9,1.8243e+09
34.7,31,1.85212e+09
34.7,31.1,1.88021e+09
34.7,31.2,1.90858e+09
34.7,31.3,1.93722e+09
34.7,31.4,1.96613e+09
34.7,31.5,1.99532e+09
34.7,31.6,2.02479e+09
34.7,31.7,2.05454e+09
34.7,31.8,2.08457e+09
34.7,31.9,2.11488e+09
34.7,32,2.14547e+09
34.7,32.1,2.17635e+09
34.7,32.2,2.20751e+09
34.7,32.3,2.23897e+09
34.7,32.4,2.27071e+09
34.7,32.5,2.30274e+09
34.7,32.6,2.33506e+09
34.7,32.7,2.36768e+09
34.7,32.8,2.40059e+09
34.7,32.9,2.4338e+09
34.7,33,2.46731e+09
34.7,33.1,2.50111e+09
34.7,33.2,2.53522e+09
34.7,33.3,2.56962e+09
34.7,33.4,2.60433e+09
34.7,33.5,2.63934e+09
34.7,33.6,2.67466e+09
34.7,33.7,2.71029e+09
34.7,33.8,2.74623e+09
34.7,33.9,2.78248e+09
34.7,34,2.81903e+09
34.7,34.1,2.85591e+09
34.7,34.2,2.89309e+09
34.7,34.3,2.93059e+09
34.7,34.4,2.96841e+09
34.7,34.5,3.00655e+09
34.7,34.6,3.04501e+09
34.7,34.7,3.08379e+09
34.7,34.8,3.10936e+09
34.7,34.9,3.13506e+09
34.7,35,3.16092e+09
34.7,35.1,3.18691e+09
34.7,35.2,3.21306e+09
34.7,35.3,3.23935e+09
34.7,35.4,3.26579e+09
34.7,35.5,3.29237e+09
34.7,35.6,3.3191e+09
34.7,35.7,3.34599e+09
34.7,35.8,3.37302e+09
34.7,35.9,3.4002e+09
34.7,36,3.42753e+09
34.7,36.1,3.45501e+09
34.7,36.2,3.48264e+09
34.7,36.3,3.51042e+09
34.7,36.4,3.53835e+09
34.7,36.5,3.56644e+09
34.7,36.6,3.59468e+09
34.7,36.7,3.62307e+09
34.7,36.8,3.65162e+09
34.7,36.9,3.68032e+09
34.7,37,3.70918e+09
34.7,37.1,3.73819e+09
34.7,37.2,3.76736e+09
34.7,37.3,3.79668e+09
34.7,37.4,3.82616e+09
34.7,37.5,3.8558e+09
34.7,37.6,3.8856e+09
34.7,37.7,3.91555e+09
34.7,37.8,3.94567e+09
34.7,37.9,3.97594e+09
34.7,38,4.00637e+09
34.7,38.1,4.03697e+09
34.7,38.2,4.06772e+09
34.7,38.3,4.09864e+09
34.7,38.4,4.12971e+09
34.7,38.5,4.16095e+09
34.7,38.6,4.19236e+09
34.7,38.7,4.22392e+09
34.7,38.8,4.25565e+09
34.7,38.9,4.28755e+09
34.7,39,4.31961e+09
34.7,39.1,4.35183e+09
34.7,39.2,4.38423e+09
34.7,39.3,4.41678e+09
34.7,39.4,4.44951e+09
34.7,39.5,4.4824e+09
34.7,39.6,4.51546e+09
34.7,39.7,4.54869e+09
34.7,39.8,4.58209e+09
34.7,39.9,4.61565e+09
34.8,20,3.31918e+07
34.8,20.1,3.69582e+07
34.8,20.2,4.09409e+07
34.8,20.3,4.5142e+07
34.8,20.4,4.95634e+07
34.8,20.5,5.42071e+07
34.8,20.6,5.90753e+07
34.8,20.7,6.41699e+07
34.8,20.8,6.94929e+07
34.8,20.9,7.50465e+07
34.8,21,8.08326e+07
34.8,21.1,8.68534e+07
34.8,21.2,9.31109e+07
34.8,21.3,9.96071e+07
34.8,21.4,1.06344e+08
34.8,21.5,1.13324e+08
34.8,21.6,1.20549e+08
34.8,21.7,1.28022e+08
34.8,21.8,1.35743e+08
34.8,21.9,1.43716e+08
34.8,22,1.51942e+08
34.8,22.1,1.60424e+08
34.8,22.2,1.69163e+08
34.8,22.3,1.78163e+08
34.8,22.4,1.87424e+08
34.8,22.5,1.9695e+08
34.8,22.6,2.06742e+08
34.8,22.7,2.16802e+08
34.8,22.8,2.27134e+08
34.8,22.9,2.37738e+08
34.8,23,2.48617e+08
34.8,23.1,2.59773e+08
34.8,23.2,2.71209e+08
34.8,23.3,2.82926e+08
34.8,23.4,2.94927e+08
34.8,23.5,3.07214e+08
34.8,23.6,3.1979e+08
34.8,23.7,3.32656e+08
34.8,23.8,3.45814e+08
34.8,23.9,3.59268e+08
34.8,24,3.73019e+08
34.8,24.1,3.8707e+08
34.8,24.2,4.01422e+08
34.8,24.3,4.16078e+08
34.8,24.4,4.31041e+08
34.8,24.5,4.46312e+08
34.8,24.6,4.61894e+08
34.8,24.7,4.77789e+08
34.8,24.8,4.94e+08
34.8,24.9,5.10529e+08
34.8,25,5.27378e+08
34.8,25.1,5.44549e+08
34.8,25.2,5.62045e+08
34.8,25.3,5.79868e+08
34.8,25.4,5.9802e+08
34.8,25.5,6.16505e+08
34.8,25.6,6.35323e+08
34.8,25.7,6.54478e+08
34.8,25.8,6.73972e+08
34.8,25.9,6.93808e+08
34.8,26,7.13986e+08
34.8,26.1,7.34511e+08
34.8,26.2,7.55385e+08
34.8,26.3,7.76609e+08
34.8,26.4,7.98187e+08
34.8,26.5,8.2012e+08
34.8,26.6,8.42411e+08
34.8,26.7,8.65063e+08
34.8,26.8,8.88077e+08
34.8,26.9,9.11458e+08
34.8,27,9.35206e+08
34.8,27.1,9.59324e+08
34.8,27.2,9.83815e+08
34.8,27.3,1.00868e+09
34.8,27.4,1.00851e+09
34.8,27.5,1.05332e+09
34.8,27.6,1.07294e+09
34.8,27.7,1.09279e+09
34.8,27.8,1.11287e+09
34.8,27.9,1.13317e+09
34.8,28,1.15371e+09
34.8,28.1,1.17448e+09
34.8,28.2,1.19549e+09
34.8,28.3,1.21673e+09
34.8,28.4,1.2382e+09
34.8,28.5,1.25991e+09
34.8,28.6,1.28186e+09
34.8,28.7,1.30405e+09
34.8,28.8,1.32649e+09
34.8,28.9,1.34916e+09
34.8,29,1.37208e+09
34.8,29.1,1.39524e+09
34.8,29.2,1.41865e+09
34.8,29.3,1.44231e+09
34.8,29.4,1.46622e+09
34.8,29.5,1.49038e+09
34.8,29.6,1.51479e+09
34.8,29.7,1.53945e+09
34.8,29.8,1.56437e+09
34.8,29.9,1.58954e+09
34.8,30,1.61497e+09
34.8,30.1,1.64066e+09
34.8,30.2,1.6666e+09
34.8,30.3,1.69281e+09
34.8,30.4,1.71928e+09
34.8,30.5,1.74602e+09
34.8,30.6,1.77302e+09
34.8,30.7,1.80028e+09
34.8,30.8,1.82782e+09
34.8,30.9,1.85562e+09
34.8,31,1.8837e+09
34.8,31.1,1.91204e+09
34.8,31.2,1.94066e+09
34.8,31.3,1.96955e+09
34.8,31.4,1.99872e+09
34.8,31.5,2.02817e+09
34.8,31.6,2.05789e+09
34.8,31.7,2.0879e+09
34.8,31.8,2.11818e+09
34.8,31.9,2.14875e+09
34.8,32,2.17961e+09
34.8,32.1,2.21075e+09
34.8,32.2,2.24217e+09
34.8,32.3,2.27389e+09
34.8,32.4,2.30589e+09
34.8,32.5,2.33819e+09
34.8,32.6,2.37077e+09
34.8,32.7,2.40366e+09
34.8,32.8,2.43683e+09
34.8,32.9,2.47031e+09
34.8,33,2.50408e+09
34.8,33.1,2.53815e+09
34.8,33.2,2.57252e+09
34.8,33.3,2.6072e+09
34.8,33.4,2.64218e+09
34.8,33.5,2.67746e+09
34.8,33.6,2.71306e+09
34.8,33.7,2.74896e+09
34.8,33.8,2.78516e+09
34.8,33.9,2.82168e+09
34.8,34,2.85852e+09
34.8,34.1,2.89566e+09
34.8,34.2,2.93313e+09
34.8,34.3,2.97091e+09
34.8,34.4,3.009e+09
34.8,34.5,3.04742e+09
34.8,34.6,3.08616e+09
34.8,34.7,3.12522e+09
34.8,34.8,3.16461e+09
34.8,34.9,3.19056e+09
34.8,35,3.21666e+09
34.8,35.1,3.24291e+09
34.8,35.2,3.2693e+09
34.8,35.3,3.29584e+09
34.8,35.4,3.32252e+09
34.8,35.5,3.34936e+09
34.8,35.6,3.37634e+09
34.8,35.7,3.40347e+09
34.8,35.8,3.43075e+09
34.8,35.9,3.45819e+09
34.8,36,3.48577e+09
34.8,36.1,3.5135e+09
34.8,36.2,3.54139e+09
34.8,36.3,3.56942e+09
34.8,36.4,3.59761e+09
34.8,36.5,3.62595e+09
34.8,36.6,3.65445e+09
34.8,36.7,3.6831e+09
34.8,36.8,3.7119e+09
34.8,36.9,3.74086e+09
34.8,37,3.76997e+09
34.8,37.1,3.79924e+09
34.8,37.2,3.82867e+09
34.8,37.3,3.85825e+09
34.8,37.4,3.88799e+09
34.8,37.5,3.91789e+09
34.8,37.6,3.94795e+09
34.8,37.7,3.97816e+09
34.8,37.8,4.00854e+09
34.8,37.9,4.03907e+09
34.8,38,4.06977e+09
34.8,38.1,4.10062e+09
34.8,38.2,4.13164e+09
34.8,38.3,4.16282e+09
34.8,38.4,4.19416e+09
34.8,38.5,4.22567e+09
34.8,38.6,4.25734e+09
34.8,38.7,4.28917e+09
34.8,38.8,4.32117e+09
34.8,38.9,4.35333e+09
34.8,39,4.38566e+09
34.8,39.1,4.41815e+09
34.8,39.2,4.45081e+09
34.8,39.3,4.48364e+09
34.8,39.4,4.51663e+09
34.8,39.5,4.54979e+09
34.8,39.6,4.58312e+09
34.8,39.7,4.61662e+09
34.8,39.8,4.65029e+09
34.8,39.9,4.68413e+09
34.9,20,3.7304e+07
34.9,20.1,4.12936e+07
34.9,20.2,4.55004e+07
34.9,20.3,4.99265e+07
34.9,20.4,5.45739e+07
34.9,20.5,5.94447e+07
34.9,20.6,6.45407e+07
34.9,20.7,6.98642e+07
34.9,20.8,7.54171e+07
34.9,20.9,8.12015e+07
34.9,21,8.72194e+07
34.9,21.1,9.34728e+07
34.9,21.2,9.9964e+07
34.9,21.3,1.06695e+08
34.9,21.4,1.13668e+08
34.9,21.5,1.20884e+08
34.9,21.6,1.28347e+08
34.9,21.7,1.36057e+08
34.9,21.8,1.44018e+08
34.9,21.9,1.52232e+08
34.9,22,1.60699e+08
34.9,22.1,1.69423e+08
34.9,22.2,1.78406e+08
34.9,22.3,1.8765e+08
34.9,22.4,1.97157e+08
34.9,22.5,2.06929e+08
34.9,22.6,2.16968e+08
34.9,22.7,2.27277e+08
34.9,22.8,2.37857e+08
34.9,22.9,2.48711e+08
34.9,23,2.59841e+08
34.9,23.1,2.7125e+08
34.9,23.2,2.82938e+08
34.9,23.3,2.9491e+08
34.9,23.4,3.07166e+08
34.9,23.5,3.19709e+08
34.9,23.6,3.32542e+08
34.9,23.7,3.45666e+08
34.9,23.8,3.59084e+08
34.9,23.9,3.72797e+08
34.9,24,3.86809e+08
34.9,24.1,4.01122e+08
34.9,24.2,4.15737e+08
34.9,24.3,4.30657e+08
34.9,24.4,4.45885e+08
34.9,24.5,4.61422e+08
34.9,24.6,4.77271e+08
34.9,24.7,4.93435e+08
34.9,24.8,5.09914e+08
34.9,24.9,5.26713e+08
34.9,25,5.43833e+08
34.9,25.1,5.61276e+08
34.9,25.2,5.79045e+08
34.9,25.3,5.97142e+08
34.9,25.4,6.1557e+08
34.9,25.5,6.3433e+08
34.9,25.6,6.53425e+08
34.9,25.7,6.72859e+08
34.9,25.8,6.92632e+08
34.9,25.9,7.12747e+08
34.9,26,7.33207e+08
34.9,26.1,7.54014e+08
34.9,26.2,7.7517e+08
34.9,26.3,7.96679e+08
34.9,26.4,8.18541e+08
34.9,26.5,8.40761e+08
34.9,26.6,8.63339e+08
34.9,26.7,8.86279e+08
34.9,26.8,9.09583e+08
34.9,26.9,9.33253e+08
34.9,27,9.57292e+08
34.9,27.1,9.81703e+08
34.9,27.2,1.00649e+09
34.9,27.3,1.03165e+09
34.9,27.4,1.03148e+09
34.9,27.5,1.07681e+09
34.9,27.6,1.09666e+09
34.9,27.7,1.11674e+09
34.9,27.8,1.13704e+09
34.9,27.9,1.15758e+09
34.9,28,1.17835e+09
34.9,28.1,1.19935e+09
34.9,28.2,1.22059e+09
34.9,28.3,1.24206e+09
34.9,28.4,1.26377e+09
34.9,28.5,1.28572e+09
34.9,28.6,1.3079e+09
34.9,28.7,1.33033e+09
34.9,28.8,1.353e+09
34.9,28.9,1.37591e+09
34.9,29,1.39907e+09
34.9,29.1,1.42247e+09
34.9,29.2,1.44612e+09
34.9,29.3,1.47002e+09
34.9,29.4,1.49417e+09
34.9,29.5,1.51857e+09
34.9,29.6,1.54322e+09
34.9,29.7,1.56812e+09
34.9,29.8,1.59329e+09
34.9,29.9,1.6187e+09
34.9,30,1.64438e+09
34.9,30.1,1.67031e+09
34.9,30.2,1.69651e+09
34.9,30.3,1.72296e+09
34.9,30.4,1.74968e+09
34.9,30.5,1.77667e+09
34.9,30.6,1.80392e+09
34.9,30.7,1.83143e+09
34.9,30.8,1.85922e+09
34.9,30.9,1.88727e+09
34.9,31,1.9156e+09
34.9,31.1,1.9442e+09
34.9,31.2,1.97307e+09
34.9,31.3,2.00222e+09
34.9,31.4,2.03164e+09
34.9,31.5,2.06135e+09
34.9,31.6,2.09133e+09
34.9,31.7,2.12159e+09
34.9,31.8,2.15214e+09
34.9,31.9,2.18297e+09
34.9,32,2.21408e+09
34.9,32.1,2.24548e+09
34.9,32.2,2.27717e+09
34.9,32.3,2.30914e+09
34.9,32.4,2.34141e+09
34.9,32.5,2.37397e+09
34.9,32.6,2.40682e+09
34.9,32.7,2.43997e+09
34.9,32.8,2.47341e+09
34.9,32.9,2.50715e+09
34.9,33,2.54119e+09
34.9,33.1,2.57553e+09
34.9,33.2,2.61018e+09
34.9,33.3,2.64512e+09
34.9,33.4,2.68037e+09
34.9,33.5,2.71593e+09
34.9,33.6,2.75179e+09
34.9,33.7,2.78797e+09
34.9,33.8,2.82445e+09
34.9,33.9,2.86124e+09
34.9,34,2.89835e+09
34.9,34.1,2.93577e+09
34.9,34.2,2.97351e+09
34.9,34.3,3.01157e+09
34.9,34.4,3.04995e+09
34.9,34.5,3.08864e+09
34.9,34.6,3.12766e+09
34.9,34.7,3.167e+09
34.9,34.8,3.20667e+09
34.9,34.9,3.24666e+09
34.9,35,3.27301e+09
34.9,35.1,3.2995e+09
34.9,35.2,3.32615e+09
34.9,35.3,3.35293e+09
34.9,35.4,3.37987e+09
34.9,35.5,3.40696e+09
34.9,35.6,3.43419e+09
34.9,35.7,3.46157e+09
34.9,35.8,3.48911e+09
34.9,35.9,3.51679e+09
34.9,36,3.54463e+09
34.9,36.1,3.57261e+09
34.9,36.2,3.60075e+09
34.9,36.3,3.62904e+09
34.9,36.4,3.65749e+09
34.9,36.5,3.68608e+09
34.9,36.6,3.71483e+09
34.9,36.7,3.74374e+09
34.9,36.8,3.7728e+09
34.9,36.9,3.80202e+09
34.9,37,3.83139e+09
34.9,37.1,3.86092e+09
34.9,37.2,3.8906e+09
34.9,37.3,3.92045e+09
34.9,37.4,3.95045e+09
34.9,37.5,3.98061e+09
34.9,37.6,4.01092e+09
34.9,37.7,4.0414e+09
34.9,37.8,4.07204e+09
34.9,37.9,4.10284e+09
34.9,38,4.13379e+09
34.9,38.1,4.16491e+09
34.9,38.2,4.1962e+09
34.9,38.3,4.22764e+09
34.9,38.4,4.25925e+09
34.9,38.5,4.29102e+09
34.9,38.6,4.32295e+09
34.9,38.7,4.35505e+09
34.9,38.8,4.38732e+09
34.9,38.9,4.41975e+09
34.9,39,4.45234e+09
34.9,39.1,4.48511e+09
34.9,39.2,4.51804e+09
34.9,39.3,4.55113e+09
34.9,39.4,4.5844e+09
34.9,39.5,4.61783e+09
34.9,39.6,4.65143e+09
34.9,39.7,4.68521e+09
34.9,39.8,4.71915e+09
34.9,39.9,4.75326e+09
35,20,4.16657e+07
35,20.1,4.58792e+07
35,20.2,5.03108e+07
35,20.3,5.49627e+07
35,20.4,5.98368e+07
35,20.5,6.49352e+07
35,20.6,7.02599e+07
35,20.7,7.58129e+07
35,20.8,8.15964e+07
35,20.9,8.76122e+07
35,21,9.38626e+07
35,21.1,1.00349e+08
35,21.2,1.07075e+08
35,21.3,1.14041e+08
35,21.4,1.2125e+08
35,21.5,1.28704e+08
35,21.6,1.36405e+08
35,21.7,1.44355e+08
35,21.8,1.52556e+08
35,21.9,1.6101e+08
35,22,1.6972e+08
35,22.1,1.78687e+08
35,22.2,1.87914e+08
35,22.3,1.97403e+08
35,22.4,2.07156e+08
35,22.5,2.17175e+08
35,22.6,2.27462e+08
35,22.7,2.38019e+08
35,22.8,2.4885e+08
35,22.9,2.59955e+08
35,23,2.71337e+08
35,23.1,2.82998e+08
35,23.2,2.94941e+08
35,23.3,3.07167e+08
35,23.4,3.19679e+08
35,23.5,3.32479e+08
35,23.6,3.45569e+08
35,23.7,3.58952e+08
35,23.8,3.7263e+08
35,23.9,3.86604e+08
35,24,4.00878e+08
35,24.1,4.15453e+08
35,24.2,4.30332e+08
35,24.3,4.45517e+08
35,24.4,4.61011e+08
35,24.5,4.76815e+08
35,24.6,4.92931e+08
35,24.7,5.09363e+08
35,24.8,5.26113e+08
35,24.9,5.43182e+08
35,25,5.60574e+08
35,25.1,5.7829e+08
35,25.2,5.96332e+08
35,25.3,6.14704e+08
35,25.4,6.33408e+08
35,25.5,6.52445e+08
35,25.6,6.71818e+08
35,25.7,6.9153e+08
35,25.8,7.11583e+08
35,25.9,7.31979e+08
35,26,7.52721e+08
35,26.1,7.73811e+08
35,26.2,7.95251e+08
35,26.3,8.17044e+08
35,26.4,8.39193e+08
35,26.5,8.61699e+08
35,26.6,8.84565e+08
35,26.7,9.07794e+08
35,26.8,9.31388e+08
35,26.9,9.5535e+08
35,27,9.79681e+08
35,27.1,1.00438e+09
35,27.2,1.02946e+09
35,27.3,1.05492e+09
35,27.4,1.05476e+09
35,27.5,1.10061e+09
35,27.6,1.12068e+09
35,27.7,1.14099e+09
35,27.8,1.16153e+09
35,27.9,1.1823e+09
35,28,1.2033e+09
35,28.1,1.22453e+09
35,28.2,1.246e+09
35,28.3,1.26771e+09
35,28.4,1.28965e+09
35,28.5,1.31183e+09
35,28.6,1.33425e+09
35,28.7,1.35692e+09
35,28.8,1.37982e+09
35,28.9,1.40297e+09
35,29,1.42637e+09
35,29.1,1.45001e+09
35,29.2,1.4739e+09
35,29.3,1.49804e+09
35,29.4,1.52243e+09
35,29.5,1.54707e+09
35,29.6,1.57197e+09
35,29.7,1.59712e+09
35,29.8,1.62252e+09
35,29.9,1.64819e+09
35,30,1.67411e+09
35,30.1,1.70029e+09
35,30.2,1.72673e+09
35,30.3,1.75344e+09
35,30.4,1.7804e+09
35,30.5,1.80764e+09
35,30.6,1.83514e+09
35,30.7,1.86291e+09
35,30.8,1.89094e+09
35,30.9,1.91925e+09
35,31,1.94783e+09
35,31.1,1.97669e+09
35,31.2,2.00581e+09
35,31.3,2.03522e+09
35,31.4,2.0649e+09
35,31.5,2.09486e+09
35,31.6,2.1251e+09
35,31.7,2.15562e+09
35,31.8,2.18642e+09
35,31.9,2.21751e+09
35,32,2.24889e+09
35,32.1,2.28055e+09
35,32.2,2.3125e+09
35,32.3,2.34474e+09
35,32.4,2.37727e+09
35,32.5,2.41009e+09
35,32.6,2.44321e+09
35,32.7,2.47663e+09
35,32.8,2.51034e+09
35,32.9,2.54435e+09
35,33,2.57865e+09
35,33.1,2.61326e+09
35,33.2,2.64818e+09
35,33.3,2.68339e+09
35,33.4,2.71891e+09
35,33.5,2.75474e+09
35,33.6,2.79088e+09
35,33.7,2.82732e+09
35,33.8,2.86408e+09
35,33.9,2.90115e+09
35,34,2.93854e+09
35,34.1,2.97624e+09
35,34.2,3.01425e+09
35,34.3,3.05259e+09
35,34.4,3.09124e+09
35,34.5,3.13022e+09
35,34.6,3.16952e+09
35,34.7,3.20914e+09
35,34.8,3.24909e+09
35,34.9,3.28937e+09
35,35,3.32997e+09
35,35.1,3.35671e+09
35,35.2,3.38361e+09
35,35.3,3.41064e+09
35,35.4,3.43783e+09
35,35.5,3.46517e+09
35,35.6,3.49265e+09
35,35.7,3.52029e+09
35,35.8,3.54808e+09
35,35.9,3.57601e+09
35,36,3.6041e+09
35,36.1,3.63234e+09
35,36.2,3.66074e+09
35,36.3,3.68928e+09
35,36.4,3.71798e+09
35,36.5,3.74684e+09
35,36.6,3.77585e+09
35,36.7,3.80501e+09
35,36.8,3.83433e+09
35,36.9,3.8638e+09
35,37,3.89343e+09
35,37.1,3.92322e+09
35,37.2,3.95317e+09
35,37.3,3.98327e+09
35,37.4,4.01353e+09
35,37.5,4.04395e+09
35,37.6,4.07453e+09
35,37.7,4.10527e+09
35,37.8,4.13617e+09
35,37.9,4.16723e+09
35,38,4.19846e+09
35,38.1,4.22984e+09
35,38.2,4.26139e+09
35,38.3,4.2931e+09
35,38.4,4.32497e+09
35,38.5,4.35701e+09
35,38.6,4.38921e+09
35,38.7,4.42158e+09
35,38.8,4.45411e+09
35,38.9,4.48681e+09
35,39,4.51968e+09
35,39.1,4.55271e+09
35,39.2,4.58591e+09
35,39.3,4.61928e+09
35,39.4,4.65281e+09
35,39.5,4.68652e+09
35,39.6,4.72039e+09
35,39.7,4.75444e+09
35,39.8,4.78865e+09
35,39.9,4.82304e+09
35.1,20,4.62785e+07
35.1,20.1,5.07164e+07
35.1,20.2,5.53736e+07
35.1,20.3,6.02519e+07
35.1,20.4,6.53534e+07
35.1,20.5,7.06802e+07
35.1,20.6,7.62342e+07
35.1,20.7,8.20175e+07
35.1,20.8,8.80322e+07
35.1,20.9,9.42802e+07
35.1,21,1.00764e+08
35.1,21.1,1.07485e+08
35.1,21.2,1.14445e+08
35.1,21.3,1.21648e+08
35.1,21.4,1.29094e+08
35.1,21.5,1.36785e+08
35.1,21.6,1.44725e+08
35.1,21.7,1.52915e+08
35.1,21.8,1.61357e+08
35.1,21.9,1.70053e+08
35.1,22,1.79006e+08
35.1,22.1,1.88217e+08
35.1,22.2,1.97689e+08
35.1,22.3,2.07423e+08
35.1,22.4,2.17423e+08
35.1,22.5,2.27689e+08
35.1,22.6,2.38225e+08
35.1,22.7,2.49032e+08
35.1,22.8,2.60113e+08
35.1,22.9,2.7147e+08
35.1,23,2.83105e+08
35.1,23.1,2.95019e+08
35.1,23.2,3.07217e+08
35.1,23.3,3.19698e+08
35.1,23.4,3.32467e+08
35.1,23.5,3.45525e+08
35.1,23.6,3.58874e+08
35.1,23.7,3.72516e+08
35.1,23.8,3.86454e+08
35.1,23.9,4.0069e+08
35.1,24,4.15226e+08
35.1,24.1,4.30065e+08
35.1,24.2,4.45208e+08
35.1,24.3,4.60659e+08
35.1,24.4,4.76419e+08
35.1,24.5,4.9249e+08
35.1,24.6,5.08876e+08
35.1,24.7,5.25577e+08
35.1,24.8,5.42597e+08
35.1,24.9,5.59938e+08
35.1,25,5.77602e+08
35.1,25.1,5.95592e+08
35.1,25.2,6.13909e+08
35.1,25.3,6.32556e+08
35.1,25.4,6.51536e+08
35.1,25.5,6.70851e+08
35.1,25.6,6.90503e+08
35.1,25.7,7.10494e+08
35.1,25.8,7.30828e+08
35.1,25.9,7.51505e+08
35.1,26,7.7253e+08
35.1,26.1,7.93903e+08
35.1,26.2,8.15628e+08
35.1,26.3,8.37707e+08
35.1,26.4,8.60142e+08
35.1,26.5,8.82936e+08
35.1,26.6,9.06091e+08
35.1,26.7,9.2961e+08
35.1,26.8,9.53495e+08
35.1,26.9,9.77748e+08
35.1,27,1.00237e+09
35.1,27.1,1.02737e+09
35.1,27.2,1.05274e+09
35.1,27.3,1.07849e+09
35.1,27.4,1.07835e+09
35.1,27.5,1.12471e+09
35.1,27.6,1.14501e+09
35.1,27.7,1.16555e+09
35.1,27.8,1.18632e+09
35.1,27.9,1.20732e+09
35.1,28,1.22855e+09
35.1,28.1,1.25002e+09
35.1,28.2,1.27172e+09
35.1,28.3,1.29366e+09
35.1,28.4,1.31584e+09
35.1,28.5,1.33826e+09
35.1,28.6,1.36092e+09
35.1,28.7,1.38382e+09
35.1,28.8,1.40696e+09
35.1,28.9,1.43035e+09
35.1,29,1.45399e+09
35.1,29.1,1.47787e+09
35.1,29.2,1.502e+09
35.1,29.3,1.52638e+09
35.1,29.4,1.55102e+09
35.1,29.5,1.5759e+09
35.1,29.6,1.60104e+09
35.1,29.7,1.62644e+09
35.1,29.8,1.65209e+09
35.1,29.9,1.678e+09
35.1,30,1.70416e+09
35.1,30.1,1.73059e+09
35.1,30.2,1.75728e+09
35.1,30.3,1.78424e+09
35.1,30.4,1.81145e+09
35.1,30.5,1.83894e+09
35.1,30.6,1.86669e+09
35.1,30.7,1.89471e+09
35.1,30.8,1.923e+09
35.1,30.9,1.95156e+09
35.1,31,1.9804e+09
35.1,31.1,2.0095e+09
35.1,31.2,2.03889e+09
35.1,31.3,2.06855e+09
35.1,31.4,2.09849e+09
35.1,31.5,2.1287e+09
35.1,31.6,2.1592e+09
35.1,31.7,2.18998e+09
35.1,31.8,2.22105e+09
35.1,31.9,2.2524e+09
35.1,32,2.28403e+09
35.1,32.1,2.31596e+09
35.1,32.2,2.34817e+09
35.1,32.3,2.38068e+09
35.1,32.4,2.41347e+09
35.1,32.5,2.44656e+09
35.1,32.6,2.47995e+09
35.1,32.7,2.51363e+09
35.1,32.8,2.5476e+09
35.1,32.9,2.58188e+09
35.1,33,2.61646e+09
35.1,33.1,2.65134e+09
35.1,33.2,2.68652e+09
35.1,33.3,2.72201e+09
35.1,33.4,2.7578e+09
35.1,33.5,2.7939e+09
35.1,33.6,2.83031e+09
35.1,33.7,2.86703e+09
35.1,33.8,2.90407e+09
35.1,33.9,2.94141e+09
35.1,34,2.97907e+09
35.1,34.1,3.01705e+09
35.1,34.2,3.05535e+09
35.1,34.3,3.09396e+09
35.1,34.4,3.13289e+09
35.1,34.5,3.17215e+09
35.1,34.6,3.21173e+09
35.1,34.7,3.25164e+09
35.1,34.8,3.29187e+09
35.1,34.9,3.33243e+09
35.1,35,3.37332e+09
35.1,35.1,3.41454e+09
35.1,35.2,3.44168e+09
35.1,35.3,3.46897e+09
35.1,35.4,3.49641e+09
35.1,35.5,3.524e+09
35.1,35.6,3.55174e+09
35.1,35.7,3.57963e+09
35.1,35.8,3.60767e+09
35.1,35.9,3.63586e+09
35.1,36,3.6642e+09
35.1,36.1,3.6927e+09
35.1,36.2,3.72135e+09
35.1,36.3,3.75015e+09
35.1,36.4,3.77911e+09
35.1,36.5,3.80822e+09
35.1,36.6,3.83748e+09
35.1,36.7,3.8669e+09
35.1,36.8,3.89648e+09
35.1,36.9,3.92621e+09
35.1,37,3.95611e+09
35.1,37.1,3.98615e+09
35.1,37.2,4.01636e+09
35.1,37.3,4.04672e+09
35.1,37.4,4.07725e+09
35.1,37.5,4.10793e+09
35.1,37.6,4.13877e+09
35.1,37.7,4.16978e+09
35.1,37.8,4.20094e+09
35.1,37.9,4.23227e+09
35.1,38,4.26376e+09
35.1,38.1,4.29541e+09
35.1,38.2,4.32722e+09
35.1,38.3,4.3592e+09
35.1,38.4,4.39134e+09
35.1,38.5,4.42364e+09
35.1,38.6,4.45611e+09
35.1,38.7,4.48875e+09
35.1,38.8,4.52155e+09
35.1,38.9,4.55452e+09
35.1,39,4.58765e+09
35.1,39.1,4.62096e+09
35.1,39.2,4.65443e+09
35.1,39.3,4.68807e+09
35.1,39.4,4.72188e+09
35.1,39.5,4.75586e+09
35.1,39.6,4.79e+09
35.1,39.7,4.82432e+09
35.1,39.8,4.85881e+09
35.1,39.9,4.89348e+09
35.2,20,5.11436e+07
35.2,20.1,5.58068e+07
35.2,20.2,6.06902e+07
35.2,20.3,6.57956e+07
35.2,20.4,7.11252e+07
35.2,20.5,7.66811e+07
35.2,20.6,8.24651e+07
35.2,20.7,8.84794e+07
35.2,20.8,9.4726e+07
35.2,20.9,1.01207e+08
35.2,21,1.07924e+08
35.2,21.1,1.1488e+08
35.2,21.2,1.22076e+08
35.2,21.3,1.29516e+08
35.2,21.4,1.37199e+08
35.2,21.5,1.4513e+08
35.2,21.6,1.53309e+08
35.2,21.7,1.6174e+08
35.2,21.8,1.70423e+08
35.2,21.9,1.79362e+08
35.2,22,1.88558e+08
35.2,22.1,1.98014e+08
35.2,22.2,2.07731e+08
35.2,22.3,2.17712e+08
35.2,22.4,2.27959e+08
35.2,22.5,2.38474e+08
35.2,22.6,2.49259e+08
35.2,22.7,2.60317e+08
35.2,22.8,2.71649e+08
35.2,22.9,2.83258e+08
35.2,23,2.95146e+08
35.2,23.1,3.07315e+08
35.2,23.2,3.19768e+08
35.2,23.3,3.32506e+08
35.2,23.4,3.45532e+08
35.2,23.5,3.58848e+08
35.2,23.6,3.72456e+08
35.2,23.7,3.86359e+08
35.2,23.8,4.00558e+08
35.2,23.9,4.15056e+08
35.2,24,4.29856e+08
35.2,24.1,4.44959e+08
35.2,24.2,4.60368e+08
35.2,24.3,4.76084e+08
35.2,24.4,4.92111e+08
35.2,24.5,5.08451e+08
35.2,24.6,5.25106e+08
35.2,24.7,5.42078e+08
35.2,24.8,5.59369e+08
35.2,24.9,5.76982e+08
35.2,25,5.94919e+08
35.2,25.1,6.13183e+08
35.2,25.2,6.31776e+08
35.2,25.3,6.50699e+08
35.2,25.4,6.69956e+08
35.2,25.5,6.89549e+08
35.2,25.6,7.09481e+08
35.2,25.7,7.29753e+08
35.2,25.8,7.50367e+08
35.2,25.9,7.71327e+08
35.2,26,7.92635e+08
35.2,26.1,8.14293e+08
35.2,26.2,8.36304e+08
35.2,26.3,8.58669e+08
35.2,26.4,8.81392e+08
35.2,26.5,9.04474e+08
35.2,26.6,9.27919e+08
35.2,26.7,9.51728e+08
35.2,26.8,9.75904e+08
35.2,26.9,1.00045e+09
35.2,27,1.02537e+09
35.2,27.1,1.05066e+09
35.2,27.2,1.07633e+09
35.2,27.3,1.10238e+09
35.2,27.4,1.10224e+09
35.2,27.5,1.14912e+09
35.2,27.6,1.16966e+09
35.2,27.7,1.19042e+09
35.2,27.8,1.21142e+09
35.2,27.9,1.23265e+09
35.2,28,1.25412e+09
35.2,28.1,1.27582e+09
35.2,28.2,1.29776e+09
35.2,28.3,1.31994e+09
35.2,28.4,1.34235e+09
35.2,28.5,1.365e+09
35.2,28.6,1.3879e+09
35.2,28.7,1.41104e+09
35.2,28.8,1.43442e+09
35.2,28.9,1.45805e+09
35.2,29,1.48193e+09
35.2,29.1,1.50605e+09
35.2,29.2,1.53042e+09
35.2,29.3,1.55505e+09
35.2,29.4,1.57992e+09
35.2,29.5,1.60505e+09
35.2,29.6,1.63044e+09
35.2,29.7,1.65608e+09
35.2,29.8,1.68197e+09
35.2,29.9,1.70813e+09
35.2,30,1.73454e+09
35.2,30.1,1.76122e+09
35.2,30.2,1.78816e+09
35.2,30.3,1.81536e+09
35.2,30.4,1.84283e+09
35.2,30.5,1.87057e+09
35.2,30.6,1.89857e+09
35.2,30.7,1.92684e+09
35.2,30.8,1.95539e+09
35.2,30.9,1.9842e+09
35.2,31,2.01329e+09
35.2,31.1,2.04266e+09
35.2,31.2,2.0723e+09
35.2,31.3,2.10221e+09
35.2,31.4,2.13241e+09
35.2,31.5,2.16289e+09
35.2,31.6,2.19364e+09
35.2,31.7,2.22469e+09
35.2,31.8,2.25601e+09
35.2,31.9,2.28762e+09
35.2,32,2.31952e+09
35.2,32.1,2.35171e+09
35.2,32.2,2.38419e+09
35.2,32.3,2.41695e+09
35.2,32.4,2.45002e+09
35.2,32.5,2.48337e+09
35.2,32.6,2.51702e+09
35.2,32.7,2.55097e+09
35.2,32.8,2.58522e+09
35.2,32.9,2.61976e+09
35.2,33,2.65461e+09
35.2,33.1,2.68976e+09
35.2,33.2,2.72521e+09
35.2,33.3,2.76097e+09
35.2,33.4,2.79704e+09
35.2,33.5,2.83342e+09
35.2,33.6,2.8701e+09
35.2,33.7,2.9071e+09
35.2,33.8,2.94441e+09
35.2,33.9,2.98203e+09
35.2,34,3.01997e+09
35.2,34.1,3.05822e+09
35.2,34.2,3.0968e+09
35.2,34.3,3.13569e+09
35.2,34.4,3.1749e+09
35.2,34.5,3.21444e+09
35.2,34.6,3.25431e+09
35.2,34.7,3.29449e+09
35.2,34.8,3.33501e+09
35.2,34.9,3.37585e+09
35.2,35,3.41703e+09
35.2,35.1,3.45853e+09
35.2,35.2,3.50037e+09
35.2,35.3,3.52791e+09
35.2,35.4,3.55561e+09
35.2,35.5,3.58345e+09
35.2,35.6,3.61144e+09
35.2,35.7,3.63958e+09
35.2,35.8,3.66788e+09
35.2,35.9,3.69632e+09
35.2,36,3.72492e+09
35.2,36.1,3.75368e+09
35.2,36.2,3.78258e+09
35.2,36.3,3.81164e+09
35.2,36.4,3.84086e+09
35.2,36.5,3.87022e+09
35.2,36.6,3.89975e+09
35.2,36.7,3.92943e+09
35.2,36.8,3.95927e+09
35.2,36.9,3.98926e+09
35.2,37,4.01941e+09
35.2,37.1,4.04972e+09
35.2,37.2,4.08019e+09
35.2,37.3,4.11082e+09
35.2,37.4,4.1416e+09
35.2,37.5,4.17255e+09
35.2,37.6,4.20366e+09
35.2,37.7,4.23492e+09
35.2,37.8,4.26635e+09
35.2,37.9,4.29794e+09
35.2,38,4.3297e+09
35.2,38.1,4.36161e+09
35.2,38.2,4.3937e+09
35.2,38.3,4.42594e+09
35.2,38.4,4.45835e+09
35.2,38.5,4.49092e+09
35.2,38.6,4.52366e+09
35.2,38.7,4.55657e+09
35.2,38.8,4.58964e+09
35.2,38.9,4.62288e+09
35.2,39,4.65628e+09
35.2,39.1,4.68986e+09
35.2,39.2,4.7236e+09
35.2,39.3,4.75751e+09
35.2,39.4,4.7916e+09
35.2,39.5,4.82585e+09
35.2,39.6,4.86027e+09
35.2,39.7,4.89486e+09
35.2,39.8,4.92963e+09
35.2,39.9,4.96457e+09
35.3,20,5.62628e+07
35.3,20.1,6.11519e+07
35.3,20.2,6.62621e+07
35.3,20.3,7.15954e+07
35.3,20.4,7.71538e+07
35.3,20.5,8.29393e+07
35.3,20.6,8.89541e+07
35.3,20.7,9.52e+07
35.3,20.8,1.01679e+08
35.3,20.9,1.08394e+08
35.3,21,1.15346e+08
35.3,21.1,1.22537e+08
35.3,21.2,1.2997e+08
35.3,21.3,1.37646e+08
35.3,21.4,1.45569e+08
35.3,21.5,1.53739e+08
35.3,21.6,1.62158e+08
35.3,21.7,1.7083e+08
35.3,21.8,1.79756e+08
35.3,21.9,1.88938e+08
35.3,22,1.98378e+08
35.3,22.1,2.08079e+08
35.3,22.2,2.18043e+08
35.3,22.3,2.28271e+08
35.3,22.4,2.38766e+08
35.3,22.5,2.4953e+08
35.3,22.6,2.60566e+08
35.3,22.7,2.71875e+08
35.3,22.8,2.83459e+08
35.3,22.9,2.95321e+08
35.3,23,3.07463e+08
35.3,23.1,3.19888e+08
35.3,23.2,3.32596e+08
35.3,23.3,3.45591e+08
35.3,23.4,3.58875e+08
35.3,23.5,3.7245e+08
35.3,23.6,3.86318e+08
35.3,23.7,4.00482e+08
35.3,23.8,4.14943e+08
35.3,23.9,4.29705e+08
35.3,24,4.44768e+08
35.3,24.1,4.60136e+08
35.3,24.2,4.75811e+08
35.3,24.3,4.91795e+08
35.3,24.4,5.0809e+08
35.3,24.5,5.24699e+08
35.3,24.6,5.41623e+08
35.3,24.7,5.58866e+08
35.3,24.8,5.76429e+08
35.3,24.9,5.94315e+08
35.3,25,6.12527e+08
35.3,25.1,6.31066e+08
35.3,25.2,6.49934e+08
35.3,25.3,6.69135e+08
35.3,25.4,6.8867e+08
35.3,25.5,7.08542e+08
35.3,25.6,7.28754e+08
35.3,25.7,7.49307e+08
35.3,25.8,7.70204e+08
35.3,25.9,7.91447e+08
35.3,26,8.13039e+08
35.3,26.1,8.34982e+08
35.3,26.2,8.57279e+08
35.3,26.3,8.79931e+08
35.3,26.4,9.02942e+08
35.3,26.5,9.26314e+08
35.3,26.6,9.50049e+08
35.3,26.7,9.7415e+08
35.3,26.8,9.98619e+08
35.3,26.9,1.02346e+09
35.3,27,1.04867e+09
35.3,27.1,1.07426e+09
35.3,27.2,1.10022e+09
35.3,27.3,1.12657e+09
35.3,27.4,1.12644e+09
35.3,27.5,1.17384e+09
35.3,27.6,1.19461e+09
35.3,27.7,1.21561e+09
35.3,27.8,1.23684e+09
35.3,27.9,1.2583e+09
35.3,28,1.28e+09
35.3,28.1,1.30194e+09
35.3,28.2,1.32411e+09
35.3,28.3,1.34652e+09
35.3,28.4,1.36917e+09
35.3,28.5,1.39206e+09
35.3,28.6,1.4152e+09
35.3,28.7,1.43858e+09
35.3,28.8,1.4622e+09
35.3,28.9,1.48607e+09
35.3,29,1.51019e+09
35.3,29.1,1.53455e+09
35.3,29.2,1.55917e+09
35.3,29.3,1.58403e+09
35.3,29.4,1.60915e+09
35.3,29.5,1.63453e+09
35.3,29.6,1.66016e+09
35.3,29.7,1.68604e+09
35.3,29.8,1.71218e+09
35.3,29.9,1.73859e+09
35.3,30,1.76525e+09
35.3,30.1,1.79218e+09
35.3,30.2,1.81937e+09
35.3,30.3,1.84682e+09
35.3,30.4,1.87454e+09
35.3,30.5,1.90253e+09
35.3,30.6,1.93078e+09
35.3,30.7,1.95931e+09
35.3,30.8,1.98811e+09
35.3,30.9,2.01718e+09
35.3,31,2.04652e+09
35.3,31.1,2.07614e+09
35.3,31.2,2.10604e+09
35.3,31.3,2.13622e+09
35.3,31.4,2.16667e+09
35.3,31.5,2.19741e+09
35.3,31.6,2.22842e+09
35.3,31.7,2.25973e+09
35.3,31.8,2.29131e+09
35.3,31.9,2.32319e+09
35.3,32,2.35535e+09
35.3,32.1,2.3878e+09
35.3,32.2,2.42054e+09
35.3,32.3,2.45358e+09
35.3,32.4,2.4869e+09
35.3,32.5,2.52053e+09
35.3,32.6,2.55444e+09
35.3,32.7,2.58866e+09
35.3,32.8,2.62318e+09
35.3,32.9,2.65799e+09
35.3,33,2.69311e+09
35.3,33.1,2.72853e+09
35.3,33.2,2.76426e+09
35.3,33.3,2.80029e+09
35.3,33.4,2.83663e+09
35.3,33.5,2.87328e+09
35.3,33.6,2.91024e+09
35.3,33.7,2.94751e+09
35.3,33.8,2.9851e+09
35.3,33.9,3.023e+09
35.3,34,3.06121e+09
35.3,34.1,3.09975e+09
35.3,34.2,3.1386e+09
35.3,34.3,3.17778e+09
35.3,34.4,3.21727e+09
35.3,34.5,3.25709e+09
35.3,34.6,3.29724e+09
35.3,34.7,3.33771e+09
35.3,34.8,3.37851e+09
35.3,34.9,3.41964e+09
35.3,35,3.4611e+09
35.3,35.1,3.50289e+09
35.3,35.2,3.54502e+09
35.3,35.3,3.58748e+09
35.3,35.4,3.61543e+09
35.3,35.5,3.64352e+09
35.3,35.6,3.67177e+09
35.3,35.7,3.70017e+09
35.3,35.8,3.72872e+09
35.3,35.9,3.75742e+09
35.3,36,3.78627e+09
35.3,36.1,3.81528e+09
35.3,36.2,3.84445e+09
35.3,36.3,3.87376e+09
35.3,36.4,3.90324e+09
35.3,36.5,3.93287e+09
35.3,36.6,3.96265e+09
35.3,36.7,3.99259e+09
35.3,36.8,4.02269e+09
35.3,36.9,4.05294e+09
35.3,37,4.08336e+09
35.3,37.1,4.11393e+09
35.3,37.2,4.14466e+09
35.3,37.3,4.17555e+09
35.3,37.4,4.2066e+09
35.3,37.5,4.23781e+09
35.3,37.6,4.26918e+09
35.3,37.7,4.30071e+09
35.3,37.8,4.33241e+09
35.3,37.9,4.36426e+09
35.3,38,4.39629e+09
35.3,38.1,4.42847e+09
35.3,38.2,4.46082e+09
35.3,38.3,4.49333e+09
35.3,38.4,4.52601e+09
35.3,38.5,4.55885e+09
35.3,38.6,4.59186e+09
35.3,38.7,4.62503e+09
35.3,38.8,4.65838e+09
35.3,38.9,4.69189e+09
35.3,39,4.72557e+09
35.3,39.1,4.75941e+09
35.3,39.2,4.79343e+09
35.3,39.3,4.82762e+09
35.3,39.4,4.86197e+09
35.3,39.5,4.8965e+09
35.3,39.6,4.9312e+09
35.3,39.7,4.96607e+09
35.3,39.8,5.00111e+09
35.3,39.9,5.03632e+09
35.4,20,6.16372e+07
35.4,20.1,6.6753e+07
35.4,20.2,7.20907e+07
35.4,20.3,7.76525e+07
35.4,20.4,8.34404e+07
35.4,20.5,8.94565e+07
35.4,20.6,9.57026e+07
35.4,20.7,1.02181e+08
35.4,20.8,1.08894e+08
35.4,20.9,1.15842e+08
35.4,21,1.2303e+08
35.4,21.1,1.30457e+08
35.4,21.2,1.38127e+08
35.4,21.3,1.46042e+08
35.4,21.4,1.54203e+08
35.4,21.5,1.62613e+08
35.4,21.6,1.71274e+08
35.4,21.7,1.80188e+08
35.4,21.8,1.89357e+08
35.4,21.9,1.98783e+08
35.4,22,2.08468e+08
35.4,22.1,2.18415e+08
35.4,22.2,2.28626e+08
35.4,22.3,2.39102e+08
35.4,22.4,2.49846e+08
35.4,22.5,2.6086e+08
35.4,22.6,2.72146e+08
35.4,22.7,2.83707e+08
35.4,22.8,2.95544e+08
35.4,22.9,3.0766e+08
35.4,23,3.20057e+08
35.4,23.1,3.32737e+08
35.4,23.2,3.45702e+08
35.4,23.3,3.58955e+08
35.4,23.4,3.72498e+08
35.4,23.5,3.86333e+08
35.4,23.6,4.00462e+08
35.4,23.7,4.14887e+08
35.4,23.8,4.29611e+08
35.4,23.9,4.44636e+08
35.4,24,4.59965e+08
35.4,24.1,4.75598e+08
35.4,24.2,4.9154e+08
35.4,24.3,5.07791e+08
35.4,24.4,5.24355e+08
35.4,24.5,5.41234e+08
35.4,24.6,5.58429e+08
35.4,24.7,5.75944e+08
35.4,24.8,5.9378e+08
35.4,24.9,6.1194e+08
35.4,25,6.30426e+08
35.4,25.1,6.49241e+08
35.4,25.2,6.68386e+08
35.4,25.3,6.87865e+08
35.4,25.4,7.07679e+08
35.4,25.5,7.27831e+08
35.4,25.6,7.48323e+08
35.4,25.7,7.69158e+08
35.4,25.8,7.90338e+08
35.4,25.9,8.11865e+08
35.4,26,8.33742e+08
35.4,26.1,8.55971e+08
35.4,26.2,8.78555e+08
35.4,26.3,9.01496e+08
35.4,26.4,9.24796e+08
35.4,26.5,9.48458e+08
35.4,26.6,9.72484e+08
35.4,26.7,9.96877e+08
35.4,26.8,1.02164e+09
35.4,26.9,1.04677e+09
35.4,27,1.07228e+09
35.4,27.1,1.09816e+09
35.4,27.2,1.12443e+09
35.4,27.3,1.15107e+09
35.4,27.4,1.15096e+09
35.4,27.5,1.19887e+09
35.4,27.6,1.21987e+09
35.4,27.7,1.2411e+09
35.4,27.8,1.26257e+09
35.4,27.9,1.28426e+09
35.4,28,1.3062e+09
35.4,28.1,1.32837e+09
35.4,28.2,1.35078e+09
35.4,28.3,1.37343e+09
35.4,28.4,1.39631e+09
35.4,28.5,1.41944e+09
35.4,28.6,1.44282e+09
35.4,28.7,1.46643e+09
35.4,28.8,1.4903e+09
35.4,28.9,1.51441e+09
35.4,29,1.53877e+09
35.4,29.1,1.56337e+09
35.4,29.2,1.58823e+09
35.4,29.3,1.61334e+09
35.4,29.4,1.63871e+09
35.4,29.5,1.66433e+09
35.4,29.6,1.6902e+09
35.4,29.7,1.71633e+09
35.4,29.8,1.74272e+09
35.4,29.9,1.76938e+09
35.4,30,1.79629e+09
35.4,30.1,1.82346e+09
35.4,30.2,1.8509e+09
35.4,30.3,1.87861e+09
35.4,30.4,1.90658e+09
35.4,30.5,1.93482e+09
35.4,30.6,1.96333e+09
35.4,30.7,1.99211e+09
35.4,30.8,2.02116e+09
35.4,30.9,2.05049e+09
35.4,31,2.08009e+09
35.4,31.1,2.10997e+09
35.4,31.2,2.14012e+09
35.4,31.3,2.17056e+09
35.4,31.4,2.20127e+09
35.4,31.5,2.23227e+09
35.4,31.6,2.26354e+09
35.4,31.7,2.29511e+09
35.4,31.8,2.32696e+09
35.4,31.9,2.35909e+09
35.4,32,2.39152e+09
35.4,32.1,2.42424e+09
35.4,32.2,2.45724e+09
35.4,32.3,2.49054e+09
35.4,32.4,2.52414e+09
35.4,32.5,2.55803e+09
35.4,32.6,2.59221e+09
35.4,32.7,2.6267e+09
35.4,32.8,2.66148e+09
35.4,32.9,2.69657e+09
35.4,33,2.73196e+09
35.4,33.1,2.76765e+09
35.4,33.2,2.80365e+09
35.4,33.3,2.83996e+09
35.4,33.4,2.87657e+09
35.4,33.5,2.9135e+09
35.4,33.6,2.95073e+09
35.4,33.7,2.98828e+09
35.4,33.8,3.02615e+09
35.4,33.9,3.06432e+09
35.4,34,3.10282e+09
35.4,34.1,3.14163e+09
35.4,34.2,3.18077e+09
35.4,34.3,3.22022e+09
35.4,34.4,3.26e+09
35.4,34.5,3.30011e+09
35.4,34.6,3.34053e+09
35.4,34.7,3.38129e+09
35.4,34.8,3.42238e+09
35.4,34.9,3.46379e+09
35.4,35,3.50554e+09
35.4,35.1,3.54762e+09
35.4,35.2,3.59003e+09
35.4,35.3,3.63278e+09
35.4,35.4,3.67587e+09
35.4,35.5,3.70422e+09
35.4,35.6,3.73272e+09
35.4,35.7,3.76138e+09
35.4,35.8,3.79018e+09
35.4,35.9,3.81914e+09
35.4,36,3.84826e+09
35.4,36.1,3.87752e+09
35.4,36.2,3.90694e+09
35.4,36.3,3.93652e+09
35.4,36.4,3.96625e+09
35.4,36.5,3.99614e+09
35.4,36.6,4.02619e+09
35.4,36.7,4.05639e+09
35.4,36.8,4.08675e+09
35.4,36.9,4.11726e+09
35.4,37,4.14794e+09
35.4,37.1,4.17877e+09
35.4,37.2,4.20977e+09
35.4,37.3,4.24092e+09
35.4,37.4,4.27223e+09
35.4,37.5,4.30371e+09
35.4,37.6,4.33535e+09
35.4,37.7,4.36715e+09
35.4,37.8,4.39911e+09
35.4,37.9,4.43123e+09
35.4,38,4.46352e+09
35.4,38.1,4.49597e+09
35.4,38.2,4.52859e+09
35.4,38.3,4.56137e+09
35.4,38.4,4.59432e+09
35.4,38.5,4.62743e+09
35.4,38.6,4.66071e+09
35.4,38.7,4.69416e+09
35.4,38.8,4.72777e+09
35.4,38.9,4.76155e+09
35.4,39,4.79551e+09
35.4,39.1,4.82963e+09
35.4,39.2,4.86392e+09
35.4,39.3,4.89838e+09
35.4,39.4,4.93301e+09
35.4,39.5,4.96781e+09
35.4,39.6,5.00278e+09
35.4,39.7,5.03793e+09
35.4,39.8,5.07325e+09
35.4,39.9,5.10874e+09
35.5,20,6.72686e+07
35.5,20.1,7.26116e+07
35.5,20.2,7.81776e+07
35.5,20.3,8.39687e+07
35.5,20.4,8.99867e+07
35.5,20.5,9.62339e+07
35.5,20.6,1.02712e+08
35.5,20.7,1.09424e+08
35.5,20.8,1.1637e+08
35.5,20.9,1.23554e+08
35.5,21,1.30977e+08
35.5,21.1,1.38642e+08
35.5,21.2,1.4655e+08
35.5,21.3,1.54703e+08
35.5,21.4,1.63104e+08
35.5,21.5,1.71755e+08
35.5,21.6,1.80658e+08
35.5,21.7,1.89815e+08
35.5,21.8,1.99227e+08
35.5,21.9,2.08898e+08
35.5,22,2.18829e+08
35.5,22.1,2.29023e+08
35.5,22.2,2.39481e+08
35.5,22.3,2.50206e+08
35.5,22.4,2.61199e+08
35.5,22.5,2.72464e+08
35.5,22.6,2.84002e+08
35.5,22.7,2.95815e+08
35.5,22.8,3.07906e+08
35.5,22.9,3.20277e+08
35.5,23,3.32929e+08
35.5,23.1,3.45866e+08
35.5,23.2,3.59089e+08
35.5,23.3,3.726e+08
35.5,23.4,3.86402e+08
35.5,23.5,4.00497e+08
35.5,23.6,4.14888e+08
35.5,23.7,4.29576e+08
35.5,23.8,4.44563e+08
35.5,23.9,4.59853e+08
35.5,24,4.75447e+08
35.5,24.1,4.91347e+08
35.5,24.2,5.07556e+08
35.5,24.3,5.24076e+08
35.5,24.4,5.4091e+08
35.5,24.5,5.58059e+08
35.5,24.6,5.75526e+08
35.5,24.7,5.93313e+08
35.5,24.8,6.11423e+08
35.5,24.9,6.29857e+08
35.5,25,6.48619e+08
35.5,25.1,6.6771e+08
35.5,25.2,6.87133e+08
35.5,25.3,7.0689e+08
35.5,25.4,7.26984e+08
35.5,25.5,7.47417e+08
35.5,25.6,7.68191e+08
35.5,25.7,7.89308e+08
35.5,25.8,8.10772e+08
35.5,25.9,8.32584e+08
35.5,26,8.54747e+08
35.5,26.1,8.77263e+08
35.5,26.2,9.00134e+08
35.5,26.3,9.23364e+08
35.5,26.4,9.46953e+08
35.5,26.5,9.70906e+08
35.5,26.6,9.95224e+08
35.5,26.7,1.01991e+09
35.5,26.8,1.04497e+09
35.5,26.9,1.07039e+09
35.5,27,1.0962e+09
35.5,27.1,1.12238e+09
35.5,27.2,1.14894e+09
35.5,27.3,1.17588e+09
35.5,27.4,1.17578e+09
35.5,27.5,1.22421e+09
35.5,27.6,1.24545e+09
35.5,27.7,1.26691e+09
35.5,27.8,1.28861e+09
35.5,27.9,1.31054e+09
35.5,28,1.33271e+09
35.5,28.1,1.35512e+09
35.5,28.2,1.37776e+09
35.5,28.3,1.40065e+09
35.5,28.4,1.42377e+09
35.5,28.5,1.44714e+09
35.5,28.6,1.47075e+09
35.5,28.7,1.49461e+09
35.5,28.8,1.51872e+09
35.5,28.9,1.54307e+09
35.5,29,1.56767e+09
35.5,29.1,1.59252e+09
35.5,29.2,1.61762e+09
35.5,29.3,1.64298e+09
35.5,29.4,1.66859e+09
35.5,29.5,1.69445e+09
35.5,29.6,1.72057e+09
35.5,29.7,1.74695e+09
35.5,29.8,1.77359e+09
35.5,29.9,1.80049e+09
35.5,30,1.82765e+09
35.5,30.1,1.85508e+09
35.5,30.2,1.88277e+09
35.5,30.3,1.91073e+09
35.5,30.4,1.93895e+09
35.5,30.5,1.96745e+09
35.5,30.6,1.99621e+09
35.5,30.7,2.02525e+09
35.5,30.8,2.05455e+09
35.5,30.9,2.08414e+09
35.5,31,2.11399e+09
35.5,31.1,2.14413e+09
35.5,31.2,2.17454e+09
35.5,31.3,2.20523e+09
35.5,31.4,2.23621e+09
35.5,31.5,2.26747e+09
35.5,31.6,2.29901e+09
35.5,31.7,2.33083e+09
35.5,31.8,2.36295e+09
35.5,31.9,2.39535e+09
35.5,32,2.42804e+09
35.5,32.1,2.46102e+09
35.5,32.2,2.49429e+09
35.5,32.3,2.52786e+09
35.5,32.4,2.56172e+09
35.5,32.5,2.59588e+09
35.5,32.6,2.63033e+09
35.5,32.7,2.66509e+09
35.5,32.8,2.70014e+09
35.5,32.9,2.7355e+09
35.5,33,2.77116e+09
35.5,33.1,2.80713e+09
35.5,33.2,2.8434e+09
35.5,33.3,2.87998e+09
35.5,33.4,2.91687e+09
35.5,33.5,2.95407e+09
35.5,33.6,2.99159e+09
35.5,33.7,3.02941e+09
35.5,33.8,3.06755e+09
35.5,33.9,3.10601e+09
35.5,34,3.14479e+09
35.5,34.1,3.18388e+09
35.5,34.2,3.2233e+09
35.5,34.3,3.26303e+09
35.5,34.4,3.30309e+09
35.5,34.5,3.34348e+09
35.5,34.6,3.38419e+09
35.5,34.7,3.42523e+09
35.5,34.8,3.46661e+09
35.5,34.9,3.50831e+09
35.5,35,3.55034e+09
35.5,35.1,3.59271e+09
35.5,35.2,3.63541e+09
35.5,35.3,3.67846e+09
35.5,35.4,3.72183e+09
35.5,35.5,3.76555e+09
35.5,35.6,3.79431e+09
35.5,35.7,3.82322e+09
35.5,35.8,3.85228e+09
35.5,35.9,3.8815e+09
35.5,36,3.91087e+09
35.5,36.1,3.9404e+09
35.5,36.2,3.97008e+09
35.5,36.3,3.99991e+09
35.5,36.4,4.02991e+09
35.5,36.5,4.06006e+09
35.5,36.6,4.09036e+09
35.5,36.7,4.12082e+09
35.5,36.8,4.15145e+09
35.5,36.9,4.18222e+09
35.5,37,4.21316e+09
35.5,37.1,4.24426e+09
35.5,37.2,4.27552e+09
35.5,37.3,4.30694e+09
35.5,37.4,4.33852e+09
35.5,37.5,4.37026e+09
35.5,37.6,4.40216e+09
35.5,37.7,4.43423e+09
35.5,37.8,4.46646e+09
35.5,37.9,4.49885e+09
35.5,38,4.53141e+09
35.5,38.1,4.56413e+09
35.5,38.2,4.59701e+09
35.5,38.3,4.63007e+09
35.5,38.4,4.66328e+09
35.5,38.5,4.69667e+09
35.5,38.6,4.73022e+09
35.5,38.7,4.76394e+09
35.5,38.8,4.79782e+09
35.5,38.9,4.83188e+09
35.5,39,4.86611e+09
35.5,39.1,4.9005e+09
35.5,39.2,4.93507e+09
35.5,39.3,4.9698e+09
35.5,39.4,5.00471e+09
35.5,39.5,5.03979e+09
35.5,39.6,5.07504e+09
35.5,39.7,5.11046e+09
35.5,39.8,5.14606e+09
35.5,39.9,5.18183e+09
35.6,20,7.31582e+07
35.6,20.1,7.87292e+07
35.6,20.2,8.45242e+07
35.6,20.3,9.05452e+07
35.6,20.4,9.67941e+07
35.6,20.5,1.03273e+08
35.6,20.6,1.09984e+08
35.6,20.7,1.16929e+08
35.6,20.8,1.24111e+08
35.6,20.9,1.3153e+08
35.6,21,1.3919e+08
35.6,21.1,1.47092e+08
35.6,21.2,1.55239e+08
35.6,21.3,1.63632e+08
35.6,21.4,1.72274e+08
35.6,21.5,1.81166e+08
35.6,21.6,1.90311e+08
35.6,21.7,1.99712e+08
35.6,21.8,2.09369e+08
35.6,21.9,2.19285e+08
35.6,22,2.29462e+08
35.6,22.1,2.39903e+08
35.6,22.2,2.5061e+08
35.6,22.3,2.61584e+08
35.6,22.4,2.72828e+08
35.6,22.5,2.84344e+08
35.6,22.6,2.96134e+08
35.6,22.7,3.08201e+08
35.6,22.8,3.20546e+08
35.6,22.9,3.33172e+08
35.6,23,3.46081e+08
35.6,23.1,3.59275e+08
35.6,23.2,3.72756e+08
35.6,23.3,3.86527e+08
35.6,23.4,4.00589e+08
35.6,23.5,4.14946e+08
35.6,23.6,4.29598e+08
35.6,23.7,4.4455e+08
35.6,23.8,4.59801e+08
35.6,23.9,4.75356e+08
35.6,24,4.91216e+08
35.6,24.1,5.07384e+08
35.6,24.2,5.23861e+08
35.6,24.3,5.40651e+08
35.6,24.4,5.57754e+08
35.6,24.5,5.75175e+08
35.6,24.6,5.92914e+08
35.6,24.7,6.10974e+08
35.6,24.8,6.29358e+08
35.6,24.9,6.48068e+08
35.6,25,6.67106e+08
35.6,25.1,6.86475e+08
35.6,25.2,7.06176e+08
35.6,25.3,7.26213e+08
35.6,25.4,7.46587e+08
35.6,25.5,7.67301e+08
35.6,25.6,7.88358e+08
35.6,25.7,8.09759e+08
35.6,25.8,8.31507e+08
35.6,25.9,8.53604e+08
35.6,26,8.76054e+08
35.6,26.1,8.98857e+08
35.6,26.2,9.22017e+08
35.6,26.3,9.45536e+08
35.6,26.4,9.69417e+08
35.6,26.5,9.93661e+08
35.6,26.6,1.01827e+09
35.6,26.7,1.04325e+09
35.6,26.8,1.0686e+09
35.6,26.9,1.09433e+09
35.6,27,1.12043e+09
35.6,27.1,1.14691e+09
35.6,27.2,1.17377e+09
35.6,27.3,1.20101e+09
35.6,27.4,1.20092e+09
35.6,27.5,1.24987e+09
35.6,27.6,1.27134e+09
35.6,27.7,1.29304e+09
35.6,27.8,1.31497e+09
35.6,27.9,1.33714e+09
35.6,28,1.35954e+09
35.6,28.1,1.38218e+09
35.6,28.2,1.40507e+09
35.6,28.3,1.42819e+09
35.6,28.4,1.45155e+09
35.6,28.5,1.47516e+09
35.6,28.6,1.49902e+09
35.6,28.7,1.52311e+09
35.6,28.8,1.54746e+09
35.6,28.9,1.57205e+09
35.6,29,1.5969e+09
35.6,29.1,1.62199e+09
35.6,29.2,1.64734e+09
35.6,29.3,1.67294e+09
35.6,29.4,1.69879e+09
35.6,29.5,1.7249e+09
35.6,29.6,1.75127e+09
35.6,29.7,1.7779e+09
35.6,29.8,1.80479e+09
35.6,29.9,1.83194e+09
35.6,30,1.85935e+09
35.6,30.1,1.88703e+09
35.6,30.2,1.91497e+09
35.6,30.3,1.94318e+09
35.6,30.4,1.97166e+09
35.6,30.5,2.00041e+09
35.6,30.6,2.02943e+09
35.6,30.7,2.05872e+09
35.6,30.8,2.08828e+09
35.6,30.9,2.11812e+09
35.6,31,2.14824e+09
35.6,31.1,2.17863e+09
35.6,31.2,2.2093e+09
35.6,31.3,2.24026e+09
35.6,31.4,2.27149e+09
35.6,31.5,2.30301e+09
35.6,31.6,2.33481e+09
35.6,31.7,2.3669e+09
35.6,31.8,2.39928e+09
35.6,31.9,2.43194e+09
35.6,32,2.4649e+09
35.6,32.1,2.49814e+09
35.6,32.2,2.53168e+09
35.6,32.3,2.56552e+09
35.6,32.4,2.59965e+09
35.6,32.5,2.63408e+09
35.6,32.6,2.6688e+09
35.6,32.7,2.70383e+09
35.6,32.8,2.73915e+09
35.6,32.9,2.77478e+09
35.6,33,2.81072e+09
35.6,33.1,2.84696e+09
35.6,33.2,2.88351e+09
35.6,33.3,2.92036e+09
35.6,33.4,2.95753e+09
35.6,33.5,2.995e+09
35.6,33.6,3.03279e+09
35.6,33.7,3.0709e+09
35.6,33.8,3.10932e+09
35.6,33.9,3.14806e+09
35.6,34,3.18711e+09
35.6,34.1,3.22649e+09
35.6,34.2,3.26618e+09
35.6,34.3,3.3062e+09
35.6,34.4,3.34655e+09
35.6,34.5,3.38722e+09
35.6,34.6,3.42822e+09
35.6,34.7,3.46955e+09
35.6,34.8,3.5112e+09
35.6,34.9,3.55319e+09
35.6,35,3.59551e+09
35.6,35.1,3.63817e+09
35.6,35.2,3.68117e+09
35.6,35.3,3.7245e+09
35.6,35.4,3.76817e+09
35.6,35.5,3.81218e+09
35.6,35.6,3.85653e+09
35.6,35.7,3.8857e+09
35.6,35.8,3.91502e+09
35.6,35.9,3.9445e+09
35.6,36,3.97413e+09
35.6,36.1,4.00391e+09
35.6,36.2,4.03385e+09
35.6,36.3,4.06395e+09
35.6,36.4,4.0942e+09
35.6,36.5,4.12461e+09
35.6,36.6,4.15518e+09
35.6,36.7,4.1859e+09
35.6,36.8,4.21679e+09
35.6,36.9,4.24783e+09
35.6,37,4.27903e+09
35.6,37.1,4.3104e+09
35.6,37.2,4.34192e+09
35.6,37.3,4.37361e+09
35.6,37.4,4.40545e+09
35.6,37.5,4.43746e+09
35.6,37.6,4.46963e+09
35.6,37.7,4.50196e+09
35.6,37.8,4.53446e+09
35.6,37.9,4.56712e+09
35.6,38,4.59995e+09
35.6,38.1,4.63294e+09
35.6,38.2,4.66609e+09
35.6,38.3,4.69942e+09
35.6,38.4,4.73291e+09
35.6,38.5,4.76656e+09
35.6,38.6,4.80039e+09
35.6,38.7,4.83438e+09
35.6,38.8,4.86854e+09
35.6,38.9,4.90287e+09
35.6,39,4.93737e+09
35.6,39.1,4.97204e+09
35.6,39.2,5.00688e+09
35.6,39.3,5.04189e+09
35.6,39.4,5.07707e+09
35.6,39.5,5.11243e+09
35.6,39.6,5.14796e+09
35.6,39.7,5.18366e+09
35.6,39.8,5.21954e+09
35.6,39.9,5.25558e+09
35.7,20,7.93077e+07
35.7,20.1,8.51074e+07
35.7,20.2,9.1132e+07
35.7,20.3,9.73836e+07
35.7,20.4,1.03864e+08
35.7,20.5,1.10576e+08
35.7,20.6,1.1752e+08
35.7,20.7,1.247e+08
35.7,20.8,1.32117e+08
35.7,20.9,1.39773e+08
35.7,21,1.4767e+08
35.7,21.1,1.5581e+08
35.7,21.2,1.64196e+08
35.7,21.3,1.7283e+08
35.7,21.4,1.81713e+08
35.7,21.5,1.90847e+08
35.7,21.6,2.00236e+08
35.7,21.7,2.0988e+08
35.7,21.8,2.19783e+08
35.7,21.9,2.29945e+08
35.7,22,2.4037e+08
35.7,22.1,2.51059e+08
35.7,22.2,2.62014e+08
35.7,22.3,2.73239e+08
35.7,22.4,2.84734e+08
35.7,22.5,2.96502e+08
35.7,22.6,3.08545e+08
35.7,22.7,3.20866e+08
35.7,22.8,3.33466e+08
35.7,22.9,3.46348e+08
35.7,23,3.59514e+08
35.7,23.1,3.72966e+08
35.7,23.2,3.86706e+08
35.7,23.3,4.00737e+08
35.7,23.4,4.1506e+08
35.7,23.5,4.29679e+08
35.7,23.6,4.44594e+08
35.7,23.7,4.5981e+08
35.7,23.8,4.75327e+08
35.7,23.9,4.91147e+08
35.7,24,5.07275e+08
35.7,24.1,5.2371e+08
35.7,24.2,5.40457e+08
35.7,24.3,5.57516e+08
35.7,24.4,5.74891e+08
35.7,24.5,5.92583e+08
35.7,24.6,6.10595e+08
35.7,24.7,6.2893e+08
35.7,24.8,6.47589e+08
35.7,24.9,6.66575e+08
35.7,25,6.8589e+08
35.7,25.1,7.05537e+08
35.7,25.2,7.25518e+08
35.7,25.3,7.45834e+08
35.7,25.4,7.6649e+08
35.7,25.5,7.87486e+08
35.7,25.6,8.08826e+08
35.7,25.7,8.30511e+08
35.7,25.8,8.52544e+08
35.7,25.9,8.74928e+08
35.7,26,8.97665e+08
35.7,26.1,9.20757e+08
35.7,26.2,9.44206e+08
35.7,26.3,9.68016e+08
35.7,26.4,9.92188e+08
35.7,26.5,1.01672e+09
35.7,26.6,1.04163e+09
35.7,26.7,1.0669e+09
35.7,26.8,1.09255e+09
35.7,26.9,1.11857e+09
35.7,27,1.14497e+09
35.7,27.1,1.17175e+09
35.7,27.2,1.19891e+09
35.7,27.3,1.22645e+09
35.7,27.4,1.22637e+09
35.7,27.5,1.27585e+09
35.7,27.6,1.29755e+09
35.7,27.7,1.31948e+09
35.7,27.8,1.34165e+09
35.7,27.9,1.36405e+09
35.7,28,1.38669e+09
35.7,28.1,1.40957e+09
35.7,28.2,1.43269e+09
35.7,28.3,1.45605e+09
35.7,28.4,1.47966e+09
35.7,28.5,1.50351e+09
35.7,28.6,1.5276e+09
35.7,28.7,1.55194e+09
35.7,28.8,1.57653e+09
35.7,28.9,1.60136e+09
35.7,29,1.62645e+09
35.7,29.1,1.65179e+09
35.7,29.2,1.67738e+09
35.7,29.3,1.70323e+09
35.7,29.4,1.72933e+09
35.7,29.5,1.75569e+09
35.7,29.6,1.78231e+09
35.7,29.7,1.80918e+09
35.7,29.8,1.83632e+09
35.7,29.9,1.86372e+09
35.7,30,1.89138e+09
35.7,30.1,1.91931e+09
35.7,30.2,1.94751e+09
35.7,30.3,1.97597e+09
35.7,30.4,2.0047e+09
35.7,30.5,2.03371e+09
35.7,30.6,2.06298e+09
35.7,30.7,2.09253e+09
35.7,30.8,2.12235e+09
35.7,30.9,2.15244e+09
35.7,31,2.18282e+09
35.7,31.1,2.21347e+09
35.7,31.2,2.2444e+09
35.7,31.3,2.27562e+09
35.7,31.4,2.30711e+09
35.7,31.5,2.3389e+09
35.7,31.6,2.37096e+09
35.7,31.7,2.40331e+09
35.7,31.8,2.43595e+09
35.7,31.9,2.46888e+09
35.7,32,2.50211e+09
35.7,32.1,2.53562e+09
35.7,32.2,2.56943e+09
35.7,32.3,2.60353e+09
35.7,32.4,2.63793e+09
35.7,32.5,2.67263e+09
35.7,32.6,2.70762e+09
35.7,32.7,2.74292e+09
35.7,32.8,2.77852e+09
35.7,32.9,2.81442e+09
35.7,33,2.85063e+09
35.7,33.1,2.88714e+09
35.7,33.2,2.92397e+09
35.7,33.3,2.9611e+09
35.7,33.4,2.99854e+09
35.7,33.5,3.03629e+09
35.7,33.6,3.07436e+09
35.7,33.7,3.11274e+09
35.7,33.8,3.15144e+09
35.7,33.9,3.19046e+09
35.7,34,3.2298e+09
35.7,34.1,3.26946e+09
35.7,34.2,3.30944e+09
35.7,34.3,3.34974e+09
35.7,34.4,3.39037e+09
35.7,34.5,3.43133e+09
35.7,34.6,3.47261e+09
35.7,34.7,3.51422e+09
35.7,34.8,3.55617e+09
35.7,34.9,3.59845e+09
35.7,35,3.64106e+09
35.7,35.1,3.684e+09
35.7,35.2,3.72729e+09
35.7,35.3,3.77091e+09
35.7,35.4,3.81487e+09
35.7,35.5,3.85918e+09
35.7,35.6,3.90382e+09
35.7,35.7,3.94882e+09
35.7,35.8,3.9784e+09
35.7,35.9,4.00813e+09
35.7,36,4.03802e+09
35.7,36.1,4.06807e+09
35.7,36.2,4.09827e+09
35.7,36.3,4.12862e+09
35.7,36.4,4.15914e+09
35.7,36.5,4.18981e+09
35.7,36.6,4.22064e+09
35.7,36.7,4.25163e+09
35.7,36.8,4.28278e+09
35.7,36.9,4.31409e+09
35.7,37,4.34555e+09
35.7,37.1,4.37718e+09
35.7,37.2,4.40897e+09
35.7,37.3,4.44092e+09
35.7,37.4,4.47304e+09
35.7,37.5,4.50531e+09
35.7,37.6,4.53775e+09
35.7,37.7,4.57035e+09
35.7,37.8,4.60312e+09
35.7,37.9,4.63605e+09
35.7,38,4.66915e+09
35.7,38.1,4.70241e+09
35.7,38.2,4.73583e+09
35.7,38.3,4.76943e+09
35.7,38.4,4.80319e+09
35.7,38.5,4.83712e+09
35.7,38.6,4.87122e+09
35.7,38.7,4.90548e+09
35.7,38.8,4.93992e+09
35.7,38.9,4.97452e+09
35.7,39,5.0093e+09
35.7,39.1,5.04424e+09
35.7,39.2,5.07936e+09
35.7,39.3,5.11465e+09
35.7,39.4,5.15011e+09
35.7,39.5,5.18574e+09
35.7,39.6,5.22155e+09
35.7,39.7,5.25753e+09
35.7,39.8,5.29369e+09
35.7,39.9,5.33002e+09
35.8,20,8.57184e+07
35.8,20.1,9.17475e+07
35.8,20.2,9.80024e+07
35.8,20.3,1.04485e+08
35.8,20.4,1.11198e+08
35.8,20.5,1.18143e+08
35.8,20.6,1.25322e+08
35.8,20.7,1.32737e+08
35.8,20.8,1.40389e+08
35.8,20.9,1.48283e+08
35.8,21,1.56418e+08
35.8,21.1,1.64797e+08
35.8,21.2,1.73423e+08
35.8,21.3,1.82298e+08
35.8,21.4,1.91423e+08
35.8,21.5,2.00801e+08
35.8,21.6,2.10433e+08
35.8,21.7,2.20322e+08
35.8,21.8,2.3047e+08
35.8,21.9,2.4088e+08
35.8,22,2.51552e+08
35.8,22.1,2.6249e+08
35.8,22.2,2.73696e+08
35.8,22.3,2.85171e+08
35.8,22.4,2.96918e+08
35.8,22.5,3.08939e+08
35.8,22.6,3.21236e+08
35.8,22.7,3.33811e+08
35.8,22.8,3.46667e+08
35.8,22.9,3.59806e+08
35.8,23,3.7323e+08
35.8,23.1,3.8694e+08
35.8,23.2,4.0094e+08
35.8,23.3,4.15232e+08
35.8,23.4,4.29817e+08
35.8,23.5,4.44698e+08
35.8,23.6,4.59878e+08
35.8,23.7,4.75358e+08
35.8,23.8,4.9114e+08
35.8,23.9,5.07228e+08
35.8,24,5.23623e+08
35.8,24.1,5.40327e+08
35.8,24.2,5.57344e+08
35.8,24.3,5.74674e+08
35.8,24.4,5.9232e+08
35.8,24.5,6.10286e+08
35.8,24.6,6.28572e+08
35.8,24.7,6.47181e+08
35.8,24.8,6.66116e+08
35.8,24.9,6.85379e+08
35.8,25,7.04972e+08
35.8,25.1,7.24898e+08
35.8,25.2,7.45158e+08
35.8,25.3,7.65756e+08
35.8,25.4,7.86693e+08
35.8,25.5,8.07973e+08
35.8,25.6,8.29596e+08
35.8,25.7,8.51567e+08
35.8,25.8,8.73886e+08
35.8,25.9,8.96557e+08
35.8,26,9.19582e+08
35.8,26.1,9.42963e+08
35.8,26.2,9.66702e+08
35.8,26.3,9.90803e+08
35.8,26.4,1.01527e+09
35.8,26.5,1.0401e+09
35.8,26.6,1.0653e+09
35.8,26.7,1.09087e+09
35.8,26.8,1.11681e+09
35.8,26.9,1.14313e+09
35.8,27,1.16982e+09
35.8,27.1,1.1969e+09
35.8,27.2,1.22436e+09
35.8,27.3,1.25221e+09
35.8,27.4,1.25214e+09
35.8,27.5,1.30214e+09
35.8,27.6,1.32407e+09
35.8,27.7,1.34624e+09
35.8,27.8,1.36864e+09
35.8,27.9,1.39128e+09
35.8,28,1.41416e+09
35.8,28.1,1.43728e+09
35.8,28.2,1.46064e+09
35.8,28.3,1.48424e+09
35.8,28.4,1.50808e+09
35.8,28.5,1.53217e+09
35.8,28.6,1.55651e+09
35.8,28.7,1.58109e+09
35.8,28.8,1.60592e+09
35.8,28.9,1.631e+09
35.8,29,1.65633e+09
35.8,29.1,1.68192e+09
35.8,29.2,1.70775e+09
35.8,29.3,1.73385e+09
35.8,29.4,1.7602e+09
35.8,29.5,1.7868e+09
35.8,29.6,1.81367e+09
35.8,29.7,1.8408e+09
35.8,29.8,1.86818e+09
35.8,29.9,1.89584e+09
35.8,30,1.92375e+09
35.8,30.1,1.95193e+09
35.8,30.2,1.98038e+09
35.8,30.3,2.0091e+09
35.8,30.4,2.03808e+09
35.8,30.5,2.06734e+09
35.8,30.6,2.09687e+09
35.8,30.7,2.12668e+09
35.8,30.8,2.15675e+09
35.8,30.9,2.18711e+09
35.8,31,2.21774e+09
35.8,31.1,2.24866e+09
35.8,31.2,2.27985e+09
35.8,31.3,2.31132e+09
35.8,31.4,2.34308e+09
35.8,31.5,2.37513e+09
35.8,31.6,2.40746e+09
35.8,31.7,2.44007e+09
35.8,31.8,2.47298e+09
35.8,31.9,2.50618e+09
35.8,32,2.53966e+09
35.8,32.1,2.57345e+09
35.8,32.2,2.60752e+09
35.8,32.3,2.64189e+09
35.8,32.4,2.67656e+09
35.8,32.5,2.71153e+09
35.8,32.6,2.7468e+09
35.8,32.7,2.78236e+09
35.8,32.8,2.81824e+09
35.8,32.9,2.85441e+09
35.8,33,2.8909e+09
35.8,33.1,2.92768e+09
35.8,33.2,2.96478e+09
35.8,33.3,3.00219e+09
35.8,33.4,3.03991e+09
35.8,33.5,3.07794e+09
35.8,33.6,3.11629e+09
35.8,33.7,3.15495e+09
35.8,33.8,3.19393e+09
35.8,33.9,3.23323e+09
35.8,34,3.27285e+09
35.8,34.1,3.31279e+09
35.8,34.2,3.35305e+09
35.8,34.3,3.39364e+09
35.8,34.4,3.43456e+09
35.8,34.5,3.4758e+09
35.8,34.6,3.51737e+09
35.8,34.7,3.55927e+09
35.8,34.8,3.6015e+09
35.8,34.9,3.64407e+09
35.8,35,3.68697e+09
35.8,35.1,3.73021e+09
35.8,35.2,3.77378e+09
35.8,35.3,3.8177e+09
35.8,35.4,3.86195e+09
35.8,35.5,3.90655e+09
35.8,35.6,3.95149e+09
35.8,35.7,3.99678e+09
35.8,35.8,4.04241e+09
35.8,35.9,4.07241e+09
35.8,36,4.10256e+09
35.8,36.1,4.13286e+09
35.8,36.2,4.16333e+09
35.8,36.3,4.19395e+09
35.8,36.4,4.22472e+09
35.8,36.5,4.25566e+09
35.8,36.6,4.28675e+09
35.8,36.7,4.31801e+09
35.8,36.8,4.34942e+09
35.8,36.9,4.38099e+09
35.8,37,4.41273e+09
35.8,37.1,4.44462e+09
35.8,37.2,4.47668e+09
35.8,37.3,4.5089e+09
35.8,37.4,4.54128e+09
35.8,37.5,4.57382e+09
35.8,37.6,4.60653e+09
35.8,37.7,4.6394e+09
35.8,37.8,4.67244e+09
35.8,37.9,4.70564e+09
35.8,38,4.739e+09
35.8,38.1,4.77254e+09
35.8,38.2,4.80624e+09
35.8,38.3,4.8401e+09
35.8,38.4,4.87414e+09
35.8,38.5,4.90834e+09
35.8,38.6,4.94271e+09
35.8,38.7,4.97725e+09
35.8,38.8,5.01196e+09
35.8,38.9,5.04684e+09
35.8,39,5.0819e+09
35.8,39.1,5.11712e+09
35.8,39.2,5.15251e+09
35.8,39.3,5.18808e+09
35.8,39.4,5.22382e+09
35.8,39.5,5.25973e+09
35.8,39.6,5.29582e+09
35.8,39.7,5.33208e+09
35.8,39.8,5.36851e+09
35.8,39.9,5.40513e+09
35.9,20,9.23918e+07
35.9,20.1,9.8651e+07
35.9,20.2,1.05137e+08
35.9,20.3,1.11852e+08
35.9,20.4,1.18798e+08
35.9,20.5,1.25976e+08
35.9,20.6,1.3339e+08
35.9,20.7,1.41041e+08
35.9,20.8,1.48931e+08
35.9,20.9,1.57062e+08
35.9,21,1.65436e+08
35.9,21.1,1.74055e+08
35.9,21.2,1.82922e+08
35.9,21.3,1.92038e+08
35.9,21.4,2.01406e+08
35.9,21.5,2.11027e+08
35.9,21.6,2.20904e+08
35.9,21.7,2.31039e+08
35.9,21.8,2.41434e+08
35.9,21.9,2.52091e+08
35.9,22,2.63012e+08
35.9,22.1,2.74199e+08
35.9,22.2,2.85656e+08
35.9,22.3,2.97382e+08
35.9,22.4,3.09382e+08
35.9,22.5,3.21656e+08
35.9,22.6,3.34208e+08
35.9,22.7,3.47039e+08
35.9,22.8,3.60151e+08
35.9,22.9,3.73548e+08
35.9,23,3.8723e+08
35.9,23.1,4.012e+08
35.9,23.2,4.1546e+08
35.9,23.3,4.30013e+08
35.9,23.4,4.44861e+08
35.9,23.5,4.60006e+08
35.9,23.6,4.7545e+08
35.9,23.7,4.91195e+08
35.9,23.8,5.07245e+08
35.9,23.9,5.236e+08
35.9,24,5.40263e+08
35.9,24.1,5.57237e+08
35.9,24.2,5.74524e+08
35.9,24.3,5.92126e+08
35.9,24.4,6.10045e+08
35.9,24.5,6.28284e+08
35.9,24.6,6.46844e+08
35.9,24.7,6.65729e+08
35.9,24.8,6.84941e+08
35.9,24.9,7.04481e+08
35.9,25,7.24353e+08
35.9,25.1,7.44558e+08
35.9,25.2,7.651e+08
35.9,25.3,7.85979e+08
35.9,25.4,8.07199e+08
35.9,25.5,8.28762e+08
35.9,25.6,8.50671e+08
35.9,25.7,8.72927e+08
35.9,25.8,8.95533e+08
35.9,25.9,9.18492e+08
35.9,26,9.41806e+08
35.9,26.1,9.65477e+08
35.9,26.2,9.89507e+08
35.9,26.3,1.0139e+09
35.9,26.4,1.03866e+09
35.9,26.5,1.06378e+09
35.9,26.6,1.08928e+09
35.9,26.7,1.11514e+09
35.9,26.8,1.14138e+09
35.9,26.9,1.168e+09
35.9,27,1.19499e+09
35.9,27.1,1.22237e+09
35.9,27.2,1.25013e+09
35.9,27.3,1.27828e+09
35.9,27.4,1.27822e+09
35.9,27.5,1.32875e+09
35.9,27.6,1.35092e+09
35.9,27.7,1.37332e+09
35.9,27.8,1.39596e+09
35.9,27.9,1.41884e+09
35.9,28,1.44196e+09
35.9,28.1,1.46531e+09
35.9,28.2,1.48891e+09
35.9,28.3,1.51275e+09
35.9,28.4,1.53684e+09
35.9,28.5,1.56117e+09
35.9,28.6,1.58574e+09
35.9,28.7,1.61057e+09
35.9,28.8,1.63564e+09
35.9,28.9,1.66097e+09
35.9,29,1.68654e+09
35.9,29.1,1.71237e+09
35.9,29.2,1.73846e+09
35.9,29.3,1.7648e+09
35.9,29.4,1.79139e+09
35.9,29.5,1.81825e+09
35.9,29.6,1.84537e+09
35.9,29.7,1.87274e+09
35.9,29.8,1.90038e+09
35.9,29.9,1.92829e+09
35.9,30,1.95645e+09
35.9,30.1,1.98489e+09
35.9,30.2,2.01359e+09
35.9,30.3,2.04256e+09
35.9,30.4,2.0718e+09
35.9,30.5,2.10132e+09
35.9,30.6,2.1311e+09
35.9,30.7,2.16117e+09
35.9,30.8,2.1915e+09
35.9,30.9,2.22212e+09
35.9,31,2.25301e+09
35.9,31.1,2.28419e+09
35.9,31.2,2.31564e+09
35.9,31.3,2.34738e+09
35.9,31.4,2.3794e+09
35.9,31.5,2.41171e+09
35.9,31.6,2.4443e+09
35.9,31.7,2.47718e+09
35.9,31.8,2.51035e+09
35.9,31.9,2.54382e+09
35.9,32,2.57757e+09
35.9,32.1,2.61162e+09
35.9,32.2,2.64597e+09
35.9,32.3,2.68061e+09
35.9,32.4,2.71555e+09
35.9,32.5,2.75079e+09
35.9,32.6,2.78633e+09
35.9,32.7,2.82217e+09
35.9,32.8,2.85831e+09
35.9,32.9,2.89476e+09
35.9,33,2.93152e+09
35.9,33.1,2.96859e+09
35.9,33.2,3.00596e+09
35.9,33.3,3.04365e+09
35.9,33.4,3.08164e+09
35.9,33.5,3.11995e+09
35.9,33.6,3.15858e+09
35.9,33.7,3.19752e+09
35.9,33.8,3.23679e+09
35.9,33.9,3.27637e+09
35.9,34,3.31627e+09
35.9,34.1,3.35649e+09
35.9,34.2,3.39704e+09
35.9,34.3,3.43791e+09
35.9,34.4,3.47911e+09
35.9,34.5,3.52064e+09
35.9,34.6,3.5625e+09
35.9,34.7,3.60469e+09
35.9,34.8,3.64721e+09
35.9,34.9,3.69007e+09
35.9,35,3.73326e+09
35.9,35.1,3.77679e+09
35.9,35.2,3.82065e+09
35.9,35.3,3.86486e+09
35.9,35.4,3.90941e+09
35.9,35.5,3.9543e+09
35.9,35.6,3.99954e+09
35.9,35.7,4.04512e+09
35.9,35.8,4.09105e+09
35.9,35.9,4.13733e+09
35.9,36,4.16774e+09
35.9,36.1,4.19831e+09
35.9,36.2,4.22904e+09
35.9,36.3,4.25992e+09
35.9,36.4,4.29096e+09
35.9,36.5,4.32216e+09
35.9,36.6,4.35352e+09
35.9,36.7,4.38504e+09
35.9,36.8,4.41672e+09
35.9,36.9,4.44855e+09
35.9,37,4.48055e+09
35.9,37.1,4.51272e+09
35.9,37.2,4.54504e+09
35.9,37.3,4.57753e+09
35.9,37.4,4.61018e+09
35.9,37.5,4.64299e+09
35.9,37.6,4.67597e+09
35.9,37.7,4.70911e+09
35.9,37.8,4.74242e+09
35.9,37.9,4.77589e+09
35.9,38,4.80953e+09
35.9,38.1,4.84333e+09
35.9,38.2,4.87731e+09
35.9,38.3,4.91145e+09
35.9,38.4,4.94575e+09
35.9,38.5,4.98023e+09
35.9,38.6,5.01488e+09
35.9,38.7,5.04969e+09
35.9,38.8,5.08468e+09
35.9,38.9,5.11984e+09
35.9,39,5.15517e+09
35.9,39.1,5.19067e+09
35.9,39.2,5.22634e+09
35.9,39.3,5.26218e+09
35.9,39.4,5.2982e+09
35.9,39.5,5.3344e+09
35.9,39.6,5.37076e+09
35.9,39.7,5.4073e+09
35.9,39.8,5.44402e+09
35.9,39.9,5.48091e+09
36,20,9.93295e+07
36,20.1,1.05819e+08
36,20.2,1.12537e+08
36,20.3,1.19485e+08
36,20.4,1.26664e+08
36,20.5,1.34078e+08
36,20.6,1.41727e+08
36,20.7,1.49614e+08
36,20.8,1.57742e+08
36,20.9,1.66111e+08
36,21,1.74725e+08
36,21.1,1.83585e+08
36,21.2,1.92693e+08
36,21.3,2.02051e+08
36,21.4,2.11662e+08
36,21.5,2.21528e+08
36,21.6,2.31651e+08
36,21.7,2.42032e+08
36,21.8,2.52674e+08
36,21.9,2.63579e+08
36,22,2.7475e+08
36,22.1,2.86188e+08
36,22.2,2.97895e+08
36,22.3,3.09874e+08
36,22.4,3.22127e+08
36,22.5,3.34656e+08
36,22.6,3.47463e+08
36,22.7,3.6055e+08
36,22.8,3.7392e+08
36,22.9,3.87574e+08
36,23,4.01515e+08
36,23.1,4.15746e+08
36,23.2,4.30268e+08
36,23.3,4.45083e+08
36,23.4,4.60194e+08
36,23.5,4.75603e+08
36,23.6,4.91312e+08
36,23.7,5.07324e+08
36,23.8,5.2364e+08
36,23.9,5.40264e+08
36,24,5.57197e+08
36,24.1,5.74441e+08
36,24.2,5.91999e+08
36,24.3,6.09873e+08
36,24.4,6.28065e+08
36,24.5,6.46579e+08
36,24.6,6.65415e+08
36,24.7,6.84576e+08
36,24.8,7.04065e+08
36,24.9,7.23884e+08
36,25,7.44035e+08
36,25.1,7.64521e+08
36,25.2,7.85344e+08
36,25.3,8.06506e+08
36,25.4,8.28009e+08
36,25.5,8.49857e+08
36,25.6,8.72051e+08
36,25.7,8.94594e+08
36,25.8,9.17488e+08
36,25.9,9.40735e+08
36,26,9.64338e+08
36,26.1,9.883e+08
36,26.2,1.01262e+09
36,26.3,1.03731e+09
36,26.4,1.06236e+09
36,26.5,1.08778e+09
36,26.6,1.11357e+09
36,26.7,1.13973e+09
36,26.8,1.16627e+09
36,26.9,1.19318e+09
36,27,1.22048e+09
36,27.1,1.24816e+09
36,27.2,1.27622e+09
36,27.3,1.30467e+09
36,27.4,1.30463e+09
36,27.5,1.35568e+09
36,27.6,1.37809e+09
36,27.7,1.40073e+09
36,27.8,1.4236e+09
36,27.9,1.44672e+09
36,28,1.47007e+09
36,28.1,1.49367e+09
36,28.2,1.51751e+09
36,28.3,1.54159e+09
36,28.4,1.56591e+09
36,28.5,1.59049e+09
36,28.6,1.61531e+09
36,28.7,1.64037e+09
36,28.8,1.66569e+09
36,28.9,1.69126e+09
36,29,1.71709e+09
36,29.1,1.74316e+09
36,29.2,1.76949e+09
36,29.3,1.79608e+09
36,29.4,1.82293e+09
36,29.5,1.85003e+09
36,29.6,1.8774e+09
36,29.7,1.90503e+09
36,29.8,1.93292e+09
36,29.9,1.96107e+09
36,30,1.98949e+09
36,30.1,2.01818e+09
36,30.2,2.04714e+09
36,30.3,2.07637e+09
36,30.4,2.10586e+09
36,30.5,2.13564e+09
36,30.6,2.16568e+09
36,30.7,2.196e+09
36,30.8,2.2266e+09
36,30.9,2.25747e+09
36,31,2.28862e+09
36,31.1,2.32006e+09
36,31.2,2.35178e+09
36,31.3,2.38378e+09
36,31.4,2.41606e+09
36,31.5,2.44863e+09
36,31.6,2.48149e+09
36,31.7,2.51464e+09
36,31.8,2.54808e+09
36,31.9,2.58181e+09
36,32,2.61583e+09
36,32.1,2.65015e+09
36,32.2,2.68477e+09
36,32.3,2.71968e+09
36,32.4,2.75489e+09
36,32.5,2.7904e+09
36,32.6,2.82621e+09
36,32.7,2.86233e+09
36,32.8,2.89875e+09
36,32.9,2.93547e+09
36,33,2.9725e+09
36,33.1,3.00985e+09
36,33.2,3.0475e+09
36,33.3,3.08546e+09
36,33.4,3.12374e+09
36,33.5,3.16233e+09
36,33.6,3.20124e+09
36,33.7,3.24046e+09
36,33.8,3.28e+09
36,33.9,3.31987e+09
36,34,3.36005e+09
36,34.1,3.40056e+09
36,34.2,3.44139e+09
36,34.3,3.48255e+09
36,34.4,3.52404e+09
36,34.5,3.56585e+09
36,34.6,3.608e+09
36,34.7,3.65048e+09
36,34.8,3.69329e+09
36,34.9,3.73644e+09
36,35,3.77992e+09
36,35.1,3.82374e+09
36,35.2,3.8679e+09
36,35.3,3.9124e+09
36,35.4,3.95724e+09
36,35.5,4.00243e+09
36,35.6,4.04796e+09
36,35.7,4.09384e+09
36,35.8,4.14007e+09
36,35.9,4.18665e+09
36,36,4.23358e+09
36,36.1,4.26441e+09
36,36.2,4.2954e+09
36,36.3,4.32654e+09
36,36.4,4.35785e+09
36,36.5,4.38931e+09
36,36.6,4.42094e+09
36,36.7,4.45272e+09
36,36.8,4.48467e+09
36,36.9,4.51677e+09
36,37,4.54904e+09
36,37.1,4.58147e+09
36,37.2,4.61406e+09
36,37.3,4.64682e+09
36,37.4,4.67974e+09
36,37.5,4.71282e+09
36,37.6,4.74607e+09
36,37.7,4.77948e+09
36,37.8,4.81306e+09
36,37.9,4.84681e+09
36,38,4.88072e+09
36,38.1,4.9148e+09
36,38.2,4.94904e+09
36,38.3,4.98346e+09
36,38.4,5.01804e+09
36,38.5,5.05279e+09
36,38.6,5.08772e+09
36,38.7,5.12281e+09
36,38.8,5.15807e+09
36,38.9,5.19351e+09
36,39,5.22911e+09
36,39.1,5.26489e+09
36,39.2,5.30084e+09
36,39.3,5.33697e+09
36,39.4,5.37327e+09
36,39.5,5.40974e+09
36,39.6,5.44639e+09
36,39.7,5.48321e+09
36,39.8,5.52021e+09
36,39.9,5.55739e+09
36.1,20,1.06533e+08
36.1,20.1,1.13254e+08
36.1,20.2,1.20204e+08
36.1,20.3,1.27385e+08
36.1,20.4,1.34799e+08
36.1,20.5,1.42448e+08
36.1,20.6,1.50334e+08
36.1,20.7,1.58458e+08
36.1,20.8,1.66824e+08
36.1,20.9,1.75433e+08
36.1,21,1.84286e+08
36.1,21.1,1.93387e+08
36.1,21.2,2.02738e+08
36.1,21.3,2.1234e+08
36.1,21.4,2.22195e+08
36.1,21.5,2.32306e+08
36.1,21.6,2.42674e+08
36.1,21.7,2.53303e+08
36.1,21.8,2.64193e+08
36.1,21.9,2.75347e+08
36.1,22,2.86768e+08
36.1,22.1,2.98457e+08
36.1,22.2,3.10416e+08
36.1,22.3,3.22648e+08
36.1,22.4,3.35155e+08
36.1,22.5,3.47939e+08
36.1,22.6,3.61002e+08
36.1,22.7,3.74346e+08
36.1,22.8,3.87974e+08
36.1,22.9,4.01887e+08
36.1,23,4.16088e+08
36.1,23.1,4.3058e+08
36.1,23.2,4.45364e+08
36.1,23.3,4.60442e+08
36.1,23.4,4.75817e+08
36.1,23.5,4.91491e+08
36.1,23.6,5.07466e+08
36.1,23.7,5.23745e+08
36.1,23.8,5.4033e+08
36.1,23.9,5.57222e+08
36.1,24,5.74425e+08
36.1,24.1,5.9194e+08
36.1,24.2,6.0977e+08
36.1,24.3,6.27917e+08
36.1,24.4,6.46384e+08
36.1,24.5,6.65172e+08
36.1,24.6,6.84284e+08
36.1,24.7,7.03723e+08
36.1,24.8,7.2349e+08
36.1,24.9,7.43588e+08
36.1,25,7.6402e+08
36.1,25.1,7.84787e+08
36.1,25.2,8.05892e+08
36.1,25.3,8.27337e+08
36.1,25.4,8.49125e+08
36.1,25.5,8.71258e+08
36.1,25.6,8.93738e+08
36.1,25.7,9.16568e+08
36.1,25.8,9.39751e+08
36.1,25.9,9.63288e+08
36.1,26,9.87181e+08
36.1,26.1,1.01143e+09
36.1,26.2,1.03605e+09
36.1,26.3,1.06103e+09
36.1,26.4,1.08637e+09
36.1,26.5,1.11209e+09
36.1,26.6,1.13818e+09
36.1,26.7,1.16464e+09
36.1,26.8,1.19147e+09
36.1,26.9,1.21869e+09
36.1,27,1.24628e+09
36.1,27.1,1.27426e+09
36.1,27.2,1.30263e+09
36.1,27.3,1.33139e+09
36.1,27.4,1.33135e+09
36.1,27.5,1.38294e+09
36.1,27.6,1.40558e+09
36.1,27.7,1.42845e+09
36.1,27.8,1.45157e+09
36.1,27.9,1.47492e+09
36.1,28,1.49852e+09
36.1,28.1,1.52235e+09
36.1,28.2,1.54643e+09
36.1,28.3,1.57075e+09
36.1,28.4,1.59532e+09
36.1,28.5,1.62014e+09
36.1,28.6,1.6452e+09
36.1,28.7,1.67051e+09
36.1,28.8,1.69608e+09
36.1,28.9,1.72189e+09
36.1,29,1.74796e+09
36.1,29.1,1.77428e+09
36.1,29.2,1.80086e+09
36.1,29.3,1.8277e+09
36.1,29.4,1.8548e+09
36.1,29.5,1.88215e+09
36.1,29.6,1.90977e+09
36.1,29.7,1.93765e+09
36.1,29.8,1.96579e+09
36.1,29.9,1.9942e+09
36.1,30,2.02287e+09
36.1,30.1,2.05182e+09
36.1,30.2,2.08103e+09
36.1,30.3,2.11051e+09
36.1,30.4,2.14027e+09
36.1,30.5,2.1703e+09
36.1,30.6,2.2006e+09
36.1,30.7,2.23118e+09
36.1,30.8,2.26203e+09
36.1,30.9,2.29317e+09
36.1,31,2.32458e+09
36.1,31.1,2.35628e+09
36.1,31.2,2.38826e+09
36.1,31.3,2.42053e+09
36.1,31.4,2.45307e+09
36.1,31.5,2.48591e+09
36.1,31.6,2.51904e+09
36.1,31.7,2.55245e+09
36.1,31.8,2.58616e+09
36.1,31.9,2.62016e+09
36.1,32,2.65445e+09
36.1,32.1,2.68904e+09
36.1,32.2,2.72392e+09
36.1,32.3,2.7591e+09
36.1,32.4,2.79459e+09
36.1,32.5,2.83037e+09
36.1,32.6,2.86645e+09
36.1,32.7,2.90284e+09
36.1,32.8,2.93954e+09
36.1,32.9,2.97654e+09
36.1,33,3.01385e+09
36.1,33.1,3.05147e+09
36.1,33.2,3.0894e+09
36.1,33.3,3.12764e+09
36.1,33.4,3.1662e+09
36.1,33.5,3.20507e+09
36.1,33.6,3.24426e+09
36.1,33.7,3.28376e+09
36.1,33.8,3.32359e+09
36.1,33.9,3.36374e+09
36.1,34,3.4042e+09
36.1,34.1,3.445e+09
36.1,34.2,3.48612e+09
36.1,34.3,3.52756e+09
36.1,34.4,3.56934e+09
36.1,34.5,3.61144e+09
36.1,34.6,3.65387e+09
36.1,34.7,3.69664e+09
36.1,34.8,3.73974e+09
36.1,34.9,3.78318e+09
36.1,35,3.82696e+09
36.1,35.1,3.87107e+09
36.1,35.2,3.91552e+09
36.1,35.3,3.96032e+09
36.1,35.4,4.00546e+09
36.1,35.5,4.05094e+09
36.1,35.6,4.09677e+09
36.1,35.7,4.14295e+09
36.1,35.8,4.18947e+09
36.1,35.9,4.23635e+09
36.1,36,4.28358e+09
36.1,36.1,4.33116e+09
36.1,36.2,4.36241e+09
36.1,36.3,4.39382e+09
36.1,36.4,4.4254e+09
36.1,36.5,4.45713e+09
36.1,36.6,4.48902e+09
36.1,36.7,4.52107e+09
36.1,36.8,4.55328e+09
36.1,36.9,4.58565e+09
36.1,37,4.61819e+09
36.1,37.1,4.65089e+09
36.1,37.2,4.68375e+09
36.1,37.3,4.71678e+09
36.1,37.4,4.74997e+09
36.1,37.5,4.78332e+09
36.1,37.6,4.81684e+09
36.1,37.7,4.85052e+09
36.1,37.8,4.88438e+09
36.1,37.9,4.91839e+09
36.1,38,4.95258e+09
36.1,38.1,4.98693e+09
36.1,38.2,5.02145e+09
36.1,38.3,5.05614e+09
36.1,38.4,5.091e+09
36.1,38.5,5.12603e+09
36.1,38.6,5.16123e+09
36.1,38.7,5.1966e+09
36.1,38.8,5.23214e+09
36.1,38.9,5.26785e+09
36.1,39,5.30374e+09
36.1,39.1,5.3398e+09
36.1,39.2,5.37603e+09
36.1,39.3,5.41244e+09
36.1,39.4,5.44902e+09
36.1,39.5,5.48577e+09
36.1,39.6,5.5227e+09
36.1,39.7,5.55981e+09
36.1,39.8,5.59709e+09
36.1,39.9,5.63455e+09
36.2,20,1.14004e+08
36.2,20.1,1.20957e+08
36.2,20.2,1.2814e+08
36.2,20.3,1.35555e+08
36.2,20.4,1.43204e+08
36.2,20.5,1.51089e+08
36.2,20.6,1.59212e+08
36.2,20.7,1.67574e+08
36.2,20.8,1.76179e+08
36.2,20.9,1.85028e+08
36.2,21,1.94122e+08
36.2,21.1,2.03465e+08
36.2,21.2,2.13059e+08
36.2,21.3,2.22904e+08
36.2,21.4,2.33004e+08
36.2,21.5,2.43361e+08
36.2,21.6,2.53976e+08
36.2,21.7,2.64853e+08
36.2,21.8,2.75992e+08
36.2,21.9,2.87396e+08
36.2,22,2.99067e+08
36.2,22.1,3.11008e+08
36.2,22.2,3.2322e+08
36.2,22.3,3.35706e+08
36.2,22.4,3.48467e+08
36.2,22.5,3.61507e+08
36.2,22.6,3.74827e+08
36.2,22.7,3.88429e+08
36.2,22.8,4.02315e+08
36.2,22.9,4.16488e+08
36.2,23,4.3095e+08
36.2,23.1,4.45703e+08
36.2,23.2,4.6075e+08
36.2,23.3,4.76092e+08
36.2,23.4,4.91732e+08
36.2,23.5,5.07672e+08
36.2,23.6,5.23914e+08
36.2,23.7,5.4046e+08
36.2,23.8,5.57313e+08
36.2,23.9,5.74476e+08
36.2,24,5.91949e+08
36.2,24.1,6.09736e+08
36.2,24.2,6.27839e+08
36.2,24.3,6.4626e+08
36.2,24.4,6.65002e+08
36.2,24.5,6.84066e+08
36.2,24.6,7.03455e+08
36.2,24.7,7.23172e+08
36.2,24.8,7.43218e+08
36.2,24.9,7.63596e+08
36.2,25,7.84308e+08
36.2,25.1,8.05357e+08
36.2,25.2,8.26745e+08
36.2,25.3,8.48474e+08
36.2,25.4,8.70547e+08
36.2,25.5,8.92967e+08
36.2,25.6,9.15734e+08
36.2,25.7,9.38852e+08
36.2,25.8,9.62324e+08
36.2,25.9,9.86151e+08
36.2,26,1.01034e+09
36.2,26.1,1.03488e+09
36.2,26.2,1.05979e+09
36.2,26.3,1.08506e+09
36.2,26.4,1.1107e+09
36.2,26.5,1.13672e+09
36.2,26.6,1.1631e+09
36.2,26.7,1.18986e+09
36.2,26.8,1.21699e+09
36.2,26.9,1.24451e+09
36.2,27,1.27241e+09
36.2,27.1,1.30069e+09
36.2,27.2,1.32936e+09
36.2,27.3,1.35842e+09
36.2,27.4,1.3584e+09
36.2,27.5,1.41052e+09
36.2,27.6,1.43339e+09
36.2,27.7,1.45651e+09
36.2,27.8,1.47986e+09
36.2,27.9,1.50345e+09
36.2,28,1.52729e+09
36.2,28.1,1.55136e+09
36.2,28.2,1.57568e+09
36.2,28.3,1.60025e+09
36.2,28.4,1.62506e+09
36.2,28.5,1.65012e+09
36.2,28.6,1.67542e+09
36.2,28.7,1.70098e+09
36.2,28.8,1.72679e+09
36.2,28.9,1.75285e+09
36.2,29,1.77917e+09
36.2,29.1,1.80574e+09
36.2,29.2,1.83257e+09
36.2,29.3,1.85965e+09
36.2,29.4,1.887e+09
36.2,29.5,1.91461e+09
36.2,29.6,1.94247e+09
36.2,29.7,1.97061e+09
36.2,29.8,1.999e+09
36.2,29.9,2.02767e+09
36.2,30,2.05659e+09
36.2,30.1,2.08579e+09
36.2,30.2,2.11526e+09
36.2,30.3,2.145e+09
36.2,30.4,2.17501e+09
36.2,30.5,2.2053e+09
36.2,30.6,2.23586e+09
36.2,30.7,2.2667e+09
36.2,30.8,2.29782e+09
36.2,30.9,2.32922e+09
36.2,31,2.36089e+09
36.2,31.1,2.39285e+09
36.2,31.2,2.4251e+09
36.2,31.3,2.45762e+09
36.2,31.4,2.49044e+09
36.2,31.5,2.52354e+09
36.2,31.6,2.55693e+09
36.2,31.7,2.59061e+09
36.2,31.8,2.62459e+09
36.2,31.9,2.65886e+09
36.2,32,2.69342e+09
36.2,32.1,2.72828e+09
36.2,32.2,2.76343e+09
36.2,32.3,2.79889e+09
36.2,32.4,2.83464e+09
36.2,32.5,2.8707e+09
36.2,32.6,2.90706e+09
36.2,32.7,2.94372e+09
36.2,32.8,2.98069e+09
36.2,32.9,3.01797e+09
36.2,33,3.05556e+09
36.2,33.1,3.09346e+09
36.2,33.2,3.13166e+09
36.2,33.3,3.17019e+09
36.2,33.4,3.20902e+09
36.2,33.5,3.24817e+09
36.2,33.6,3.28764e+09
36.2,33.7,3.32743e+09
36.2,33.8,3.36754e+09
36.2,33.9,3.40797e+09
36.2,34,3.44873e+09
36.2,34.1,3.48981e+09
36.2,34.2,3.53121e+09
36.2,34.3,3.57294e+09
36.2,34.4,3.61501e+09
36.2,34.5,3.6574e+09
36.2,34.6,3.70012e+09
36.2,34.7,3.74318e+09
36.2,34.8,3.78657e+09
36.2,34.9,3.8303e+09
36.2,35,3.87437e+09
36.2,35.1,3.91878e+09
36.2,35.2,3.96353e+09
36.2,35.3,4.00862e+09
36.2,35.4,4.05405e+09
36.2,35.5,4.09983e+09
36.2,35.6,4.14596e+09
36.2,35.7,4.19243e+09
36.2,35.8,4.23926e+09
36.2,35.9,4.28643e+09
36.2,36,4.33396e+09
36.2,36.1,4.38185e+09
36.2,36.2,4.43009e+09
36.2,36.3,4.46176e+09
36.2,36.4,4.4936e+09
36.2,36.5,4.5256e+09
36.2,36.6,4.55776e+09
36.2,36.7,4.59007e+09
36.2,36.8,4.62255e+09
36.2,36.9,4.6552e+09
36.2,37,4.688e+09
36.2,37.1,4.72097e+09
36.2,37.2,4.7541e+09
36.2,37.3,4.7874e+09
36.2,37.4,4.82086e+09
36.2,37.5,4.85449e+09
36.2,37.6,4.88828e+09
36.2,37.7,4.92224e+09
36.2,37.8,4.95636e+09
36.2,37.9,4.99065e+09
36.2,38,5.02511e+09
36.2,38.1,5.05974e+09
36.2,38.2,5.09454e+09
36.2,38.3,5.1295e+09
36.2,38.4,5.16464e+09
36.2,38.5,5.19995e+09
36.2,38.6,5.23542e+09
36.2,38.7,5.27107e+09
36.2,38.8,5.30689e+09
36.2,38.9,5.34288e+09
36.2,39,5.37905e+09
36.2,39.1,5.41539e+09
36.2,39.2,5.4519e+09
36.2,39.3,5.48859e+09
36.2,39.4,5.52545e+09
36.2,39.5,5.56249e+09
36.2,39.6,5.5997e+09
36.2,39.7,5.63709e+09
36.2,39.8,5.67466e+09
36.2,39.9,5.7124e+09
36.3,20,1.21743e+08
36.3,20.1,1.28929e+08
36.3,20.2,1.36346e+08
36.3,20.3,1.43996e+08
36.3,20.4,1.51881e+08
36.3,20.5,1.60002e+08
36.3,20.6,1.68363e+08
36.3,20.7,1.76964e+08
36.3,20.8,1.85808e+08
36.3,20.9,1.94898e+08
36.3,21,2.04234e+08
36.3,21.1,2.1382e+08
36.3,21.2,2.23657e+08
36.3,21.3,2.33747e+08
36.3,21.4,2.44093e+08
36.3,21.5,2.54696e+08
36.3,21.6,2.65559e+08
36.3,21.7,2.76683e+08
36.3,21.8,2.88072e+08
36.3,21.9,2.99727e+08
36.3,22,3.1165e+08
36.3,22.1,3.23843e+08
36.3,22.2,3.36308e+08
36.3,22.3,3.49049e+08
36.3,22.4,3.62066e+08
36.3,22.5,3.75362e+08
36.3,22.6,3.88939e+08
36.3,22.7,4.02799e+08
36.3,22.8,4.16945e+08
36.3,22.9,4.31379e+08
36.3,23,4.46102e+08
36.3,23.1,4.61118e+08
36.3,23.2,4.76428e+08
36.3,23.3,4.92035e+08
36.3,23.4,5.0794e+08
36.3,23.5,5.24146e+08
36.3,23.6,5.40656e+08
36.3,23.7,5.57471e+08
36.3,23.8,5.74594e+08
36.3,23.9,5.92027e+08
36.3,24,6.09772e+08
36.3,24.1,6.27831e+08
36.3,24.2,6.46208e+08
36.3,24.3,6.64903e+08
36.3,24.4,6.83921e+08
36.3,24.5,7.03261e+08
36.3,24.6,7.22928e+08
36.3,24.7,7.42923e+08
36.3,24.8,7.63249e+08
36.3,24.9,7.83908e+08
36.3,25,8.04902e+08
36.3,25.1,8.26234e+08
36.3,25.2,8.47906e+08
36.3,25.3,8.6992e+08
36.3,25.4,8.92279e+08
36.3,25.5,9.14985e+08
36.3,25.6,9.3804e+08
36.3,25.7,9.61447e+08
36.3,25.8,9.85209e+08
36.3,25.9,1.00933e+09
36.3,26,1.0338e+09
36.3,26.1,1.05864e+09
36.3,26.2,1.08385e+09
36.3,26.3,1.10941e+09
36.3,26.4,1.13535e+09
36.3,26.5,1.16166e+09
36.3,26.6,1.18834e+09
36.3,26.7,1.2154e+09
36.3,26.8,1.24284e+09
36.3,26.9,1.27065e+09
36.3,27,1.29885e+09
36.3,27.1,1.32744e+09
36.3,27.2,1.35642e+09
36.3,27.3,1.38578e+09
36.3,27.4,1.38577e+09
36.3,27.5,1.43842e+09
36.3,27.6,1.46153e+09
36.3,27.7,1.48489e+09
36.3,27.8,1.50848e+09
36.3,27.9,1.53231e+09
36.3,28,1.55638e+09
36.3,28.1,1.5807e+09
36.3,28.2,1.60526e+09
36.3,28.3,1.63007e+09
36.3,28.4,1.65512e+09
36.3,28.5,1.68043e+09
36.3,28.6,1.70598e+09
36.3,28.7,1.73178e+09
36.3,28.8,1.75784e+09
36.3,28.9,1.78415e+09
36.3,29,1.81071e+09
36.3,29.1,1.83753e+09
36.3,29.2,1.86461e+09
36.3,29.3,1.89195e+09
36.3,29.4,1.91954e+09
36.3,29.5,1.9474e+09
36.3,29.6,1.97552e+09
36.3,29.7,2.00391e+09
36.3,29.8,2.03256e+09
36.3,29.9,2.06147e+09
36.3,30,2.09066e+09
36.3,30.1,2.12011e+09
36.3,30.2,2.14984e+09
36.3,30.3,2.17984e+09
36.3,30.4,2.21011e+09
36.3,30.5,2.24065e+09
36.3,30.6,2.27147e+09
36.3,30.7,2.30257e+09
36.3,30.8,2.33395e+09
36.3,30.9,2.36561e+09
36.3,31,2.39755e+09
36.3,31.1,2.42977e+09
36.3,31.2,2.46228e+09
36.3,31.3,2.49507e+09
36.3,31.4,2.52815e+09
36.3,31.5,2.56152e+09
36.3,31.6,2.59518e+09
36.3,31.7,2.62913e+09
36.3,31.8,2.66338e+09
36.3,31.9,2.69791e+09
36.3,32,2.73275e+09
36.3,32.1,2.76787e+09
36.3,32.2,2.8033e+09
36.3,32.3,2.83903e+09
36.3,32.4,2.87506e+09
36.3,32.5,2.91139e+09
36.3,32.6,2.94802e+09
36.3,32.7,2.98496e+09
36.3,32.8,3.02221e+09
36.3,32.9,3.05977e+09
36.3,33,3.09763e+09
36.3,33.1,3.13581e+09
36.3,33.2,3.17429e+09
36.3,33.3,3.2131e+09
36.3,33.4,3.25221e+09
36.3,33.5,3.29165e+09
36.3,33.6,3.3314e+09
36.3,33.7,3.37147e+09
36.3,33.8,3.41187e+09
36.3,33.9,3.45258e+09
36.3,34,3.49362e+09
36.3,34.1,3.53499e+09
36.3,34.2,3.57668e+09
36.3,34.3,3.6187e+09
36.3,34.4,3.66105e+09
36.3,34.5,3.70373e+09
36.3,34.6,3.74675e+09
36.3,34.7,3.7901e+09
36.3,34.8,3.83378e+09
36.3,34.9,3.87781e+09
36.3,35,3.92217e+09
36.3,35.1,3.96687e+09
36.3,35.2,4.01191e+09
36.3,35.3,4.0573e+09
36.3,35.4,4.10303e+09
36.3,35.5,4.1491e+09
36.3,35.6,4.19553e+09
36.3,35.7,4.2423e+09
36.3,35.8,4.28943e+09
36.3,35.9,4.33691e+09
36.3,36,4.38474e+09
36.3,36.1,4.43292e+09
36.3,36.2,4.48146e+09
36.3,36.3,4.53037e+09
36.3,36.4,4.56247e+09
36.3,36.5,4.59473e+09
36.3,36.6,4.62716e+09
36.3,36.7,4.65975e+09
36.3,36.8,4.6925e+09
36.3,36.9,4.72541e+09
36.3,37,4.75848e+09
36.3,37.1,4.79172e+09
36.3,37.2,4.82513e+09
36.3,37.3,4.85869e+09
36.3,37.4,4.89243e+09
36.3,37.5,4.92633e+09
36.3,37.6,4.96039e+09
36.3,37.7,4.99462e+09
36.3,37.8,5.02902e+09
36.3,37.9,5.06359e+09
36.3,38,5.09832e+09
36.3,38.1,5.13323e+09
36.3,38.2,5.1683e+09
36.3,38.3,5.20354e+09
36.3,38.4,5.23896e+09
36.3,38.5,5.27454e+09
36.3,38.6,5.3103e+09
36.3,38.7,5.34622e+09
36.3,38.8,5.38232e+09
36.3,38.9,5.4186e+09
36.3,39,5.45504e+09
36.3,39.1,5.49166e+09
36.3,39.2,5.52846e+09
36.3,39.3,5.56543e+09
36.3,39.4,5.60257e+09
36.3,39.5,5.63989e+09
36.3,39.6,5.67739e+09
36.3,39.7,5.71506e+09
36.3,39.8,5.75291e+09
36.3,39.9,5.79094e+09
36.4,20,1.29752e+08
36.4,20.1,1.37172e+08
36.4,20.2,1.44824e+08
36.4,20.3,1.52709e+08
36.4,20.4,1.6083e+08
36.4,20.5,1.69189e+08
36.4,20.6,1.77788e+08
36.4,20.7,1.86629e+08
36.4,20.8,1.95714e+08
36.4,20.9,2.05044e+08
36.4,21,2.14623e+08
36.4,21.1,2.24452e+08
36.4,21.2,2.34533e+08
36.4,21.3,2.44869e+08
36.4,21.4,2.55461e+08
36.4,21.5,2.66311e+08
36.4,21.6,2.77422e+08
36.4,21.7,2.88796e+08
36.4,21.8,3.00435e+08
36.4,21.9,3.12341e+08
36.4,22,3.24516e+08
36.4,22.1,3.36963e+08
36.4,22.2,3.49683e+08
36.4,22.3,3.62678e+08
36.4,22.4,3.75951e+08
36.4,22.5,3.89504e+08
36.4,22.6,4.0334e+08
36.4,22.7,4.1746e+08
36.4,22.8,4.31866e+08
36.4,22.9,4.46561e+08
36.4,23,4.61546e+08
36.4,23.1,4.76825e+08
36.4,23.2,4.92399e+08
36.4,23.3,5.08271e+08
36.4,23.4,5.24443e+08
36.4,23.5,5.40916e+08
36.4,23.6,5.57694e+08
36.4,23.7,5.74779e+08
36.4,23.8,5.92172e+08
36.4,23.9,6.09876e+08
36.4,24,6.27893e+08
36.4,24.1,6.46226e+08
36.4,24.2,6.64877e+08
36.4,24.3,6.83848e+08
36.4,24.4,7.03142e+08
36.4,24.5,7.2276e+08
36.4,24.6,7.42705e+08
36.4,24.7,7.6298e+08
36.4,24.8,7.83586e+08
36.4,24.9,8.04526e+08
36.4,25,8.25803e+08
36.4,25.1,8.47418e+08
36.4,25.2,8.69375e+08
36.4,25.3,8.91674e+08
36.4,25.4,9.1432e+08
36.4,25.5,9.37314e+08
36.4,25.6,9.60658e+08
36.4,25.7,9.84355e+08
36.4,25.8,1.00841e+09
36.4,25.9,1.03282e+09
36.4,26,1.05759e+09
36.4,26.1,1.08272e+09
36.4,26.2,1.10822e+09
36.4,26.3,1.13408e+09
36.4,26.4,1.16032e+09
36.4,26.5,1.18692e+09
36.4,26.6,1.2139e+09
36.4,26.7,1.24126e+09
36.4,26.8,1.269e+09
36.4,26.9,1.29712e+09
36.4,27,1.32562e+09
36.4,27.1,1.35451e+09
36.4,27.2,1.38379e+09
36.4,27.3,1.41347e+09
36.4,27.4,1.41347e+09
36.4,27.5,1.46665e+09
36.4,27.6,1.49e+09
36.4,27.7,1.51359e+09
36.4,27.8,1.53742e+09
36.4,27.9,1.5615e+09
36.4,28,1.58581e+09
36.4,28.1,1.61037e+09
36.4,28.2,1.63518e+09
36.4,28.3,1.66023e+09
36.4,28.4,1.68553e+09
36.4,28.5,1.71107e+09
36.4,28.6,1.73687e+09
36.4,28.7,1.76292e+09
36.4,28.8,1.78922e+09
36.4,28.9,1.81578e+09
36.4,29,1.84259e+09
36.4,29.1,1.86966e+09
36.4,29.2,1.89699e+09
36.4,29.3,1.92458e+09
36.4,29.4,1.95243e+09
36.4,29.5,1.98054e+09
36.4,29.6,2.00891e+09
36.4,29.7,2.03755e+09
36.4,29.8,2.06645e+09
36.4,29.9,2.09563e+09
36.4,30,2.12507e+09
36.4,30.1,2.15478e+09
36.4,30.2,2.18476e+09
36.4,30.3,2.21502e+09
36.4,30.4,2.24555e+09
36.4,30.5,2.27635e+09
36.4,30.6,2.30743e+09
36.4,30.7,2.33879e+09
36.4,30.8,2.37043e+09
36.4,30.9,2.40236e+09
36.4,31,2.43456e+09
36.4,31.1,2.46705e+09
36.4,31.2,2.49982e+09
36.4,31.3,2.53288e+09
36.4,31.4,2.56623e+09
36.4,31.5,2.59986e+09
36.4,31.6,2.63379e+09
36.4,31.7,2.66801e+09
36.4,31.8,2.70252e+09
36.4,31.9,2.73733e+09
36.4,32,2.77243e+09
36.4,32.1,2.80783e+09
36.4,32.2,2.84353e+09
36.4,32.3,2.87953e+09
36.4,32.4,2.91584e+09
36.4,32.5,2.95244e+09
36.4,32.6,2.98935e+09
36.4,32.7,3.02657e+09
36.4,32.8,3.06409e+09
36.4,32.9,3.10193e+09
36.4,33,3.14007e+09
36.4,33.1,3.17852e+09
36.4,33.2,3.21729e+09
36.4,33.3,3.25638e+09
36.4,33.4,3.29578e+09
36.4,33.5,3.33549e+09
36.4,33.6,3.37553e+09
36.4,33.7,3.41588e+09
36.4,33.8,3.45656e+09
36.4,33.9,3.49756e+09
36.4,34,3.53889e+09
36.4,34.1,3.58054e+09
36.4,34.2,3.62252e+09
36.4,34.3,3.66483e+09
36.4,34.4,3.70747e+09
36.4,34.5,3.75045e+09
36.4,34.6,3.79375e+09
36.4,34.7,3.83739e+09
36.4,34.8,3.88137e+09
36.4,34.9,3.92569e+09
36.4,35,3.97034e+09
36.4,35.1,4.01534e+09
36.4,35.2,4.06068e+09
36.4,35.3,4.10636e+09
36.4,35.4,4.15239e+09
36.4,35.5,4.19876e+09
36.4,35.6,4.24549e+09
36.4,35.7,4.29256e+09
36.4,35.8,4.33999e+09
36.4,35.9,4.38776e+09
36.4,36,4.4359e+09
36.4,36.1,4.48439e+09
36.4,36.2,4.53323e+09
36.4,36.3,4.58244e+09
36.4,36.4,4.632e+09
36.4,36.5,4.66454e+09
36.4,36.6,4.69723e+09
36.4,36.7,4.73009e+09
36.4,36.8,4.76311e+09
36.4,36.9,4.79629e+09
36.4,37,4.82964e+09
36.4,37.1,4.86315e+09
36.4,37.2,4.89682e+09
36.4,37.3,4.93066e+09
36.4,37.4,4.96467e+09
36.4,37.5,4.99884e+09
36.4,37.6,5.03318e+09
36.4,37.7,5.06769e+09
36.4,37.8,5.10236e+09
36.4,37.9,5.1372e+09
36.4,38,5.17222e+09
36.4,38.1,5.2074e+09
36.4,38.2,5.24275e+09
36.4,38.3,5.27827e+09
36.4,38.4,5.31396e+09
36.4,38.5,5.34982e+09
36.4,38.6,5.38586e+09
36.4,38.7,5.42206e+09
36.4,38.8,5.45844e+09
36.4,38.9,5.495e+09
36.4,39,5.53173e+09
36.4,39.1,5.56863e+09
36.4,39.2,5.6057e+09
36.4,39.3,5.64296e+09
36.4,39.4,5.68038e+09
36.4,39.5,5.71799e+09
36.4,39.6,5.75577e+09
36.4,39.7,5.79373e+09
36.4,39.8,5.83187e+09
36.4,39.9,5.87018e+09
36.5,20,1.38033e+08
36.5,20.1,1.45688e+08
36.5,20.2,1.53575e+08
36.5,20.3,1.61696e+08
36.5,20.4,1.70055e+08
36.5,20.5,1.78652e+08
36.5,20.6,1.8749e+08
36.5,20.7,1.9657e+08
36.5,20.8,2.05896e+08
36.5,20.9,2.15469e+08
36.5,21,2.25291e+08
36.5,21.1,2.35364e+08
36.5,21.2,2.4569e+08
36.5,21.3,2.56272e+08
36.5,21.4,2.67111e+08
36.5,21.5,2.78209e+08
36.5,21.6,2.89569e+08
36.5,21.7,3.01193e+08
36.5,21.8,3.13083e+08
36.5,21.9,3.25241e+08
36.5,22,3.37669e+08
36.5,22.1,3.50369e+08
36.5,22.2,3.63344e+08
36.5,22.3,3.76596e+08
36.5,22.4,3.90126e+08
36.5,22.5,4.03937e+08
36.5,22.6,4.18031e+08
36.5,22.7,4.32411e+08
36.5,22.8,4.47078e+08
36.5,22.9,4.62035e+08
36.5,23,4.77284e+08
36.5,23.1,4.92826e+08
36.5,23.2,5.08666e+08
36.5,23.3,5.24803e+08
36.5,23.4,5.41242e+08
36.5,23.5,5.57984e+08
36.5,23.6,5.7503e+08
36.5,23.7,5.92385e+08
36.5,23.8,6.10049e+08
36.5,23.9,6.28025e+08
36.5,24,6.46316e+08
36.5,24.1,6.64923e+08
36.5,24.2,6.83849e+08
36.5,24.3,7.03096e+08
36.5,24.4,7.22667e+08
36.5,24.5,7.42563e+08
36.5,24.6,7.62787e+08
36.5,24.7,7.83342e+08
36.5,24.8,8.0423e+08
36.5,24.9,8.25452e+08
36.5,25,8.47012e+08
36.5,25.1,8.68912e+08
36.5,25.2,8.91154e+08
36.5,25.3,9.1374e+08
36.5,25.4,9.36673e+08
36.5,25.5,9.59955e+08
36.5,25.6,9.83589e+08
36.5,25.7,1.00758e+09
36.5,25.8,1.03192e+09
36.5,25.9,1.05662e+09
36.5,26,1.08169e+09
36.5,26.1,1.10711e+09
36.5,26.2,1.13291e+09
36.5,26.3,1.15907e+09
36.5,26.4,1.1856e+09
36.5,26.5,1.21251e+09
36.5,26.6,1.23979e+09
36.5,26.7,1.26745e+09
36.5,26.8,1.29549e+09
36.5,26.9,1.32391e+09
36.5,27,1.35272e+09
36.5,27.1,1.38191e+09
36.5,27.2,1.4115e+09
36.5,27.3,1.44148e+09
36.5,27.4,1.4415e+09
36.5,27.5,1.49521e+09
36.5,27.6,1.5188e+09
36.5,27.7,1.54263e+09
36.5,27.8,1.5667e+09
36.5,27.9,1.59102e+09
36.5,28,1.61557e+09
36.5,28.1,1.64037e+09
36.5,28.2,1.66542e+09
36.5,28.3,1.69072e+09
36.5,28.4,1.71626e+09
36.5,28.5,1.74205e+09
36.5,28.6,1.7681e+09
36.5,28.7,1.7944e+09
36.5,28.8,1.82095e+09
36.5,28.9,1.84775e+09
36.5,29,1.87481e+09
36.5,29.1,1.90213e+09
36.5,29.2,1.92971e+09
36.5,29.3,1.95755e+09
36.5,29.4,1.98565e+09
36.5,29.5,2.01401e+09
36.5,29.6,2.04264e+09
36.5,29.7,2.07153e+09
36.5,29.8,2.10069e+09
36.5,29.9,2.13012e+09
36.5,30,2.15982e+09
36.5,30.1,2.18979e+09
36.5,30.2,2.22003e+09
36.5,30.3,2.25054e+09
36.5,30.4,2.28133e+09
36.5,30.5,2.3124e+09
36.5,30.6,2.34374e+09
36.5,30.7,2.37537e+09
36.5,30.8,2.40727e+09
36.5,30.9,2.43945e+09
36.5,31,2.47192e+09
36.5,31.1,2.50467e+09
36.5,31.2,2.53771e+09
36.5,31.3,2.57104e+09
36.5,31.4,2.60465e+09
36.5,31.5,2.63856e+09
36.5,31.6,2.67275e+09
36.5,31.7,2.70724e+09
36.5,31.8,2.74202e+09
36.5,31.9,2.7771e+09
36.5,32,2.81248e+09
36.5,32.1,2.84815e+09
36.5,32.2,2.88412e+09
36.5,32.3,2.9204e+09
36.5,32.4,2.95698e+09
36.5,32.5,2.99386e+09
36.5,32.6,3.03104e+09
36.5,32.7,3.06854e+09
36.5,32.8,3.10634e+09
36.5,32.9,3.14445e+09
36.5,33,3.18288e+09
36.5,33.1,3.22161e+09
36.5,33.2,3.26066e+09
36.5,33.3,3.30003e+09
36.5,33.4,3.33971e+09
36.5,33.5,3.37971e+09
36.5,33.6,3.42003e+09
36.5,33.7,3.46067e+09
36.5,33.8,3.50163e+09
36.5,33.9,3.54292e+09
36.5,34,3.58453e+09
36.5,34.1,3.62647e+09
36.5,34.2,3.66874e+09
36.5,34.3,3.71134e+09
36.5,34.4,3.75427e+09
36.5,34.5,3.79754e+09
36.5,34.6,3.84114e+09
36.5,34.7,3.88507e+09
36.5,34.8,3.92934e+09
36.5,34.9,3.97395e+09
36.5,35,4.0189e+09
36.5,35.1,4.06419e+09
36.5,35.2,4.10983e+09
36.5,35.3,4.15581e+09
36.5,35.4,4.20213e+09
36.5,35.5,4.24881e+09
36.5,35.6,4.29583e+09
36.5,35.7,4.34321e+09
36.5,35.8,4.39093e+09
36.5,35.9,4.43901e+09
36.5,36,4.48745e+09
36.5,36.1,4.53624e+09
36.5,36.2,4.58539e+09
36.5,36.3,4.6349e+09
36.5,36.4,4.68478e+09
36.5,36.5,4.73501e+09
36.5,36.6,4.76798e+09
36.5,36.7,4.8011e+09
36.5,36.8,4.83439e+09
36.5,36.9,4.86785e+09
36.5,37,4.90146e+09
36.5,37.1,4.93525e+09
36.5,37.2,4.9692e+09
36.5,37.3,5.00331e+09
36.5,37.4,5.03759e+09
36.5,37.5,5.07204e+09
36.5,37.6,5.10665e+09
36.5,37.7,5.14143e+09
36.5,37.8,5.17638e+09
36.5,37.9,5.2115e+09
36.5,38,5.24679e+09
36.5,38.1,5.28225e+09
36.5,38.2,5.31788e+09
36.5,38.3,5.35368e+09
36.5,38.4,5.38965e+09
36.5,38.5,5.42579e+09
36.5,38.6,5.46211e+09
36.5,38.7,5.49859e+09
36.5,38.8,5.53526e+09
36.5,38.9,5.57209e+09
36.5,39,5.6091e+09
36.5,39.1,5.64629e+09
36.5,39.2,5.68365e+09
36.5,39.3,5.72118e+09
36.5,39.4,5.7589e+09
36.5,39.5,5.79679e+09
36.5,39.6,5.83485e+09
36.5,39.7,5.8731e+09
36.5,39.8,5.91152e+09
36.5,39.9,5.95013e+09
36.6,20,1.46588e+08
36.6,20.1,1.54477e+08
36.6,20.2,1.626e+08
36.6,20.3,1.70958e+08
36.6,20.4,1.79555e+08
36.6,20.5,1.88391e+08
36.6,20.6,1.97468e+08
36.6,20.7,2.0679e+08
36.6,20.8,2.16357e+08
36.6,20.9,2.26173e+08
36.6,21,2.36239e+08
36.6,21.1,2.46556e+08
36.6,21.2,2.57128e+08
36.6,21.3,2.67957e+08
36.6,21.4,2.79043e+08
36.6,21.5,2.90391e+08
36.6,21.6,3.02001e+08
36.6,21.7,3.13875e+08
36.6,21.8,3.26017e+08
36.6,21.9,3.38427e+08
36.6,22,3.51109e+08
36.6,22.1,3.64064e+08
36.6,22.2,3.77295e+08
36.6,22.3,3.90803e+08
36.6,22.4,4.04591e+08
36.6,22.5,4.18661e+08
36.6,22.6,4.33015e+08
36.6,22.7,4.47655e+08
36.6,22.8,4.62584e+08
36.6,22.9,4.77803e+08
36.6,23,4.93316e+08
36.6,23.1,5.09123e+08
36.6,23.2,5.25228e+08
36.6,23.3,5.41633e+08
36.6,23.4,5.58339e+08
36.6,23.5,5.75349e+08
36.6,23.6,5.92666e+08
36.6,23.7,6.10291e+08
36.6,23.8,6.28227e+08
36.6,23.9,6.46476e+08
36.6,24,6.65041e+08
36.6,24.1,6.83923e+08
36.6,24.2,7.03124e+08
36.6,24.3,7.22649e+08
36.6,24.4,7.42497e+08
36.6,24.5,7.62672e+08
36.6,24.6,7.83177e+08
36.6,24.7,8.04013e+08
36.6,24.8,8.25182e+08
36.6,24.9,8.46688e+08
36.6,25,8.68532e+08
36.6,25.1,8.90717e+08
36.6,25.2,9.13245e+08
36.6,25.3,9.36118e+08
36.6,25.4,9.59339e+08
36.6,25.5,9.82911e+08
36.6,25.6,1.00683e+09
36.6,25.7,1.03111e+09
36.6,25.8,1.05575e+09
36.6,25.9,1.08075e+09
36.6,26,1.1061e+09
36.6,26.1,1.13183e+09
36.6,26.2,1.15792e+09
36.6,26.3,1.18437e+09
36.6,26.4,1.21121e+09
36.6,26.5,1.23841e+09
36.6,26.6,1.26599e+09
36.6,26.7,1.29395e+09
36.6,26.8,1.3223e+09
36.6,26.9,1.35102e+09
36.6,27,1.38014e+09
36.6,27.1,1.40964e+09
36.6,27.2,1.43953e+09
36.6,27.3,1.46982e+09
36.6,27.4,1.46985e+09
36.6,27.5,1.52409e+09
36.6,27.6,1.54793e+09
36.6,27.7,1.572e+09
36.6,27.8,1.59631e+09
36.6,27.9,1.62087e+09
36.6,28,1.64567e+09
36.6,28.1,1.67071e+09
36.6,28.2,1.696e+09
36.6,28.3,1.72154e+09
36.6,28.4,1.74733e+09
36.6,28.5,1.77337e+09
36.6,28.6,1.79966e+09
36.6,28.7,1.82621e+09
36.6,28.8,1.85301e+09
36.6,28.9,1.88006e+09
36.6,29,1.90737e+09
36.6,29.1,1.93494e+09
36.6,29.2,1.96277e+09
36.6,29.3,1.99086e+09
36.6,29.4,2.01922e+09
36.6,29.5,2.04783e+09
36.6,29.6,2.07672e+09
36.6,29.7,2.10586e+09
36.6,29.8,2.13528e+09
36.6,29.9,2.16497e+09
36.6,30,2.19492e+09
36.6,30.1,2.22515e+09
36.6,30.2,2.25565e+09
36.6,30.3,2.28642e+09
36.6,30.4,2.31747e+09
36.6,30.5,2.3488e+09
36.6,30.6,2.3804e+09
36.6,30.7,2.41229e+09
36.6,30.8,2.44446e+09
36.6,30.9,2.4769e+09
36.6,31,2.50964e+09
36.6,31.1,2.54266e+09
36.6,31.2,2.57596e+09
36.6,31.3,2.60955e+09
36.6,31.4,2.64344e+09
36.6,31.5,2.67761e+09
36.6,31.6,2.71207e+09
36.6,31.7,2.74683e+09
36.6,31.8,2.78189e+09
36.6,31.9,2.81724e+09
36.6,32,2.85288e+09
36.6,32.1,2.88883e+09
36.6,32.2,2.92508e+09
36.6,32.3,2.96163e+09
36.6,32.4,2.99848e+09
36.6,32.5,3.03564e+09
36.6,32.6,3.0731e+09
36.6,32.7,3.11088e+09
36.6,32.8,3.14896e+09
36.6,32.9,3.18735e+09
36.6,33,3.22605e+09
36.6,33.1,3.26507e+09
36.6,33.2,3.3044e+09
36.6,33.3,3.34405e+09
36.6,33.4,3.38401e+09
36.6,33.5,3.4243e+09
36.6,33.6,3.4649e+09
36.6,33.7,3.50583e+09
36.6,33.8,3.54708e+09
36.6,33.9,3.58865e+09
36.6,34,3.63055e+09
36.6,34.1,3.67278e+09
36.6,34.2,3.71534e+09
36.6,34.3,3.75823e+09
36.6,34.4,3.80145e+09
36.6,34.5,3.84501e+09
36.6,34.6,3.8889e+09
36.6,34.7,3.93313e+09
36.6,34.8,3.97769e+09
36.6,34.9,4.0226e+09
36.6,35,4.06784e+09
36.6,35.1,4.11343e+09
36.6,35.2,4.15936e+09
36.6,35.3,4.20564e+09
36.6,35.4,4.25227e+09
36.6,35.5,4.29924e+09
36.6,35.6,4.34657e+09
36.6,35.7,4.39424e+09
36.6,35.8,4.44227e+09
36.6,35.9,4.49065e+09
36.6,36,4.53939e+09
36.6,36.1,4.58849e+09
36.6,36.2,4.63795e+09
36.6,36.3,4.68776e+09
36.6,36.4,4.73794e+09
36.6,36.5,4.78849e+09
36.6,36.6,4.83939e+09
36.6,36.7,4.87279e+09
36.6,36.8,4.90635e+09
36.6,36.9,4.94008e+09
36.6,37,4.97397e+09
36.6,37.1,5.00803e+09
36.6,37.2,5.04225e+09
36.6,37.3,5.07664e+09
36.6,37.4,5.11119e+09
36.6,37.5,5.14591e+09
36.6,37.6,5.1808e+09
36.6,37.7,5.21586e+09
36.6,37.8,5.25109e+09
36.6,37.9,5.28649e+09
36.6,38,5.32205e+09
36.6,38.1,5.35779e+09
36.6,38.2,5.3937e+09
36.6,38.3,5.42978e+09
36.6,38.4,5.46603e+09
36.6,38.5,5.50245e+09
36.6,38.6,5.53905e+09
36.6,38.7,5.57582e+09
36.6,38.8,5.61276e+09
36.6,38.9,5.64988e+09
36.6,39,5.68717e+09
36.6,39.1,5.72464e+09
36.6,39.2,5.76228e+09
36.6,39.3,5.80011e+09
36.6,39.4,5.8381e+09
36.6,39.5,5.87628e+09
36.6,39.6,5.91463e+09
36.6,39.7,5.95317e+09
36.6,39.8,5.99188e+09
36.6,39.9,6.03077e+09
36.7,20,1.55417e+08
36.7,20.1,1.63542e+08
36.7,20.2,1.71901e+08
36.7,20.3,1.80497e+08
36.7,20.4,1.89332e+08
36.7,20.5,1.98408e+08
36.7,20.6,2.07726e+08
36.7,20.7,2.17289e+08
36.7,20.8,2.27099e+08
36.7,20.9,2.37158e+08
36.7,21,2.47468e+08
36.7,21.1,2.58032e+08
36.7,21.2,2.6885e+08
36.7,21.3,2.79926e+08
36.7,21.4,2.91261e+08
36.7,21.5,3.02858e+08
36.7,21.6,3.14718e+08
36.7,21.7,3.26844e+08
36.7,21.8,3.39238e+08
36.7,21.9,3.51902e+08
36.7,22,3.64838e+08
36.7,22.1,3.78049e+08
36.7,22.2,3.91536e+08
36.7,22.3,4.05301e+08
36.7,22.4,4.19347e+08
36.7,22.5,4.33677e+08
36.7,22.6,4.48291e+08
36.7,22.7,4.63193e+08
36.7,22.8,4.78384e+08
36.7,22.9,4.93867e+08
36.7,23,5.09644e+08
36.7,23.1,5.25717e+08
36.7,23.2,5.42089e+08
36.7,23.3,5.58761e+08
36.7,23.4,5.75735e+08
36.7,23.5,5.93015e+08
36.7,23.6,6.10602e+08
36.7,23.7,6.28499e+08
36.7,23.8,6.46708e+08
36.7,23.9,6.6523e+08
36.7,24,6.84069e+08
36.7,24.1,7.03227e+08
36.7,24.2,7.22705e+08
36.7,24.3,7.42507e+08
36.7,24.4,7.62634e+08
36.7,24.5,7.8309e+08
36.7,24.6,8.03875e+08
36.7,24.7,8.24992e+08
36.7,24.8,8.46445e+08
36.7,24.9,8.68234e+08
36.7,25,8.90363e+08
36.7,25.1,9.12834e+08
36.7,25.2,9.35649e+08
36.7,25.3,9.5881e+08
36.7,25.4,9.8232e+08
36.7,25.5,1.00618e+09
36.7,25.6,1.0304e+09
36.7,25.7,1.05497e+09
36.7,25.8,1.0799e+09
36.7,25.9,1.10519e+09
36.7,26,1.13084e+09
36.7,26.1,1.15686e+09
36.7,26.2,1.18325e+09
36.7,26.3,1.21e+09
36.7,26.4,1.23713e+09
36.7,26.5,1.26464e+09
36.7,26.6,1.29252e+09
36.7,26.7,1.32079e+09
36.7,26.8,1.34943e+09
36.7,26.9,1.37846e+09
36.7,27,1.40788e+09
36.7,27.1,1.43769e+09
36.7,27.2,1.46789e+09
36.7,27.3,1.49849e+09
36.7,27.4,1.49853e+09
36.7,27.5,1.55331e+09
36.7,27.6,1.57739e+09
36.7,27.7,1.6017e+09
36.7,27.8,1.62625e+09
36.7,27.9,1.65105e+09
36.7,28,1.67609e+09
36.7,28.1,1.70138e+09
36.7,28.2,1.72692e+09
36.7,28.3,1.75271e+09
36.7,28.4,1.77874e+09
36.7,28.5,1.80503e+09
36.7,28.6,1.83157e+09
36.7,28.7,1.85836e+09
36.7,28.8,1.88541e+09
36.7,28.9,1.91271e+09
36.7,29,1.94028e+09
36.7,29.1,1.9681e+09
36.7,29.2,1.99618e+09
36.7,29.3,2.02452e+09
36.7,29.4,2.05313e+09
36.7,29.5,2.082e+09
36.7,29.6,2.11114e+09
36.7,29.7,2.14054e+09
36.7,29.8,2.17021e+09
36.7,29.9,2.20016e+09
36.7,30,2.23037e+09
36.7,30.1,2.26086e+09
36.7,30.2,2.29162e+09
36.7,30.3,2.32265e+09
36.7,30.4,2.35396e+09
36.7,30.5,2.38555e+09
36.7,30.6,2.41742e+09
36.7,30.7,2.44957e+09
36.7,30.8,2.482e+09
36.7,30.9,2.51471e+09
36.7,31,2.54771e+09
36.7,31.1,2.58099e+09
36.7,31.2,2.61457e+09
36.7,31.3,2.64843e+09
36.7,31.4,2.68258e+09
36.7,31.5,2.71702e+09
36.7,31.6,2.75176e+09
36.7,31.7,2.78679e+09
36.7,31.8,2.82211e+09
36.7,31.9,2.85773e+09
36.7,32,2.89366e+09
36.7,32.1,2.92988e+09
36.7,32.2,2.9664e+09
36.7,32.3,3.00322e+09
36.7,32.4,3.04035e+09
36.7,32.5,3.07779e+09
36.7,32.6,3.11553e+09
36.7,32.7,3.15358e+09
36.7,32.8,3.19194e+09
36.7,32.9,3.23061e+09
36.7,33,3.2696e+09
36.7,33.1,3.30889e+09
36.7,33.2,3.34851e+09
36.7,33.3,3.38844e+09
36.7,33.4,3.42869e+09
36.7,33.5,3.46926e+09
36.7,33.6,3.51015e+09
36.7,33.7,3.55136e+09
36.7,33.8,3.5929e+09
36.7,33.9,3.63476e+09
36.7,34,3.67695e+09
36.7,34.1,3.71947e+09
36.7,34.2,3.76232e+09
36.7,34.3,3.8055e+09
36.7,34.4,3.84901e+09
36.7,34.5,3.89286e+09
36.7,34.6,3.93705e+09
36.7,34.7,3.98157e+09
36.7,34.8,4.02643e+09
36.7,34.9,4.07163e+09
36.7,35,4.11717e+09
36.7,35.1,4.16306e+09
36.7,35.2,4.20929e+09
36.7,35.3,4.25586e+09
36.7,35.4,4.30279e+09
36.7,35.5,4.35006e+09
36.7,35.6,4.39769e+09
36.7,35.7,4.44567e+09
36.7,35.8,4.494e+09
36.7,35.9,4.54269e+09
36.7,36,4.59173e+09
36.7,36.1,4.64113e+09
36.7,36.2,4.69089e+09
36.7,36.3,4.74102e+09
36.7,36.4,4.79151e+09
36.7,36.5,4.84236e+09
36.7,36.6,4.89357e+09
36.7,36.7,4.94516e+09
36.7,36.8,4.97899e+09
36.7,36.9,5.01299e+09
36.7,37,5.04716e+09
36.7,37.1,5.08149e+09
36.7,37.2,5.11598e+09
36.7,37.3,5.15065e+09
36.7,37.4,5.18548e+09
36.7,37.5,5.22048e+09
36.7,37.6,5.25564e+09
36.7,37.7,5.29098e+09
36.7,37.8,5.32648e+09
36.7,37.9,5.36216e+09
36.7,38,5.398e+09
36.7,38.1,5.43402e+09
36.7,38.2,5.47021e+09
36.7,38.3,5.50657e+09
36.7,38.4,5.5431e+09
36.7,38.5,5.5798e+09
36.7,38.6,5.61668e+09
36.7,38.7,5.65373e+09
36.7,38.8,5.69096e+09
36.7,38.9,5.72836e+09
36.7,39,5.76594e+09
36.7,39.1,5.80369e+09
36.7,39.2,5.84162e+09
36.7,39.3,5.87973e+09
36.7,39.4,5.91802e+09
36.7,39.5,5.95648e+09
36.7,39.6,5.99512e+09
36.7,39.7,6.03394e+09
36.7,39.8,6.07294e+09
36.7,39.9,6.11212e+09
36.8,20,1.64522e+08
36.8,20.1,1.72883e+08
36.8,20.2,1.8148e+08
36.8,20.3,1.90314e+08
36.8,20.4,1.99389e+08
36.8,20.5,2.08704e+08
36.8,20.6,2.18264e+08
36.8,20.7,2.28069e+08
36.8,20.8,2.38123e+08
36.8,20.9,2.48426e+08
36.8,21,2.58981e+08
36.8,21.1,2.69791e+08
36.8,21.2,2.80856e+08
36.8,21.3,2.9218e+08
36.8,21.4,3.03765e+08
36.8,21.5,3.15612e+08
36.8,21.6,3.27723e+08
36.8,21.7,3.40101e+08
36.8,21.8,3.52748e+08
36.8,21.9,3.65667e+08
36.8,22,3.78858e+08
36.8,22.1,3.92324e+08
36.8,22.2,4.06069e+08
36.8,22.3,4.20092e+08
36.8,22.4,4.34398e+08
36.8,22.5,4.48987e+08
36.8,22.6,4.63863e+08
36.8,22.7,4.79027e+08
36.8,22.8,4.94481e+08
36.8,22.9,5.10228e+08
36.8,23,5.2627e+08
36.8,23.1,5.4261e+08
36.8,23.2,5.59248e+08
36.8,23.3,5.76189e+08
36.8,23.4,5.93433e+08
36.8,23.5,6.10983e+08
36.8,23.6,6.28841e+08
36.8,23.7,6.4701e+08
36.8,23.8,6.65492e+08
36.8,23.9,6.84289e+08
36.8,24,7.03404e+08
36.8,24.1,7.22838e+08
36.8,24.2,7.42594e+08
36.8,24.3,7.62674e+08
36.8,24.4,7.8308e+08
36.8,24.5,8.03816e+08
36.8,24.6,8.24883e+08
36.8,24.7,8.46283e+08
36.8,24.8,8.68019e+08
36.8,24.9,8.90093e+08
36.8,25,9.12507e+08
36.8,25.1,9.35265e+08
36.8,25.2,9.58367e+08
36.8,25.3,9.81817e+08
36.8,25.4,1.00562e+09
36.8,25.5,1.02977e+09
36.8,25.6,1.05428e+09
36.8,25.7,1.07914e+09
36.8,25.8,1.10436e+09
36.8,25.9,1.12995e+09
36.8,26,1.1559e+09
36.8,26.1,1.18221e+09
36.8,26.2,1.2089e+09
36.8,26.3,1.23596e+09
36.8,26.4,1.26339e+09
36.8,26.5,1.29119e+09
36.8,26.6,1.31938e+09
36.8,26.7,1.34795e+09
36.8,26.8,1.3769e+09
36.8,26.9,1.40623e+09
36.8,27,1.43596e+09
36.8,27.1,1.46607e+09
36.8,27.2,1.49658e+09
36.8,27.3,1.52749e+09
36.8,27.4,1.52755e+09
36.8,27.5,1.58287e+09
36.8,27.6,1.60718e+09
36.8,27.7,1.63173e+09
36.8,27.8,1.65653e+09
36.8,27.9,1.68157e+09
36.8,28,1.70686e+09
36.8,28.1,1.73239e+09
36.8,28.2,1.75818e+09
36.8,28.3,1.78421e+09
36.8,28.4,1.81049e+09
36.8,28.5,1.83702e+09
36.8,28.6,1.86381e+09
36.8,28.7,1.89085e+09
36.8,28.8,1.91815e+09
36.8,28.9,1.94571e+09
36.8,29,1.97352e+09
36.8,29.1,2.00159e+09
36.8,29.2,2.02993e+09
36.8,29.3,2.05853e+09
36.8,29.4,2.08739e+09
36.8,29.5,2.11651e+09
36.8,29.6,2.14591e+09
36.8,29.7,2.17557e+09
36.8,29.8,2.2055e+09
36.8,29.9,2.2357e+09
36.8,30,2.26617e+09
36.8,30.1,2.29692e+09
36.8,30.2,2.32794e+09
36.8,30.3,2.35923e+09
36.8,30.4,2.3908e+09
36.8,30.5,2.42266e+09
36.8,30.6,2.45479e+09
36.8,30.7,2.4872e+09
36.8,30.8,2.5199e+09
36.8,30.9,2.55287e+09
36.8,31,2.58614e+09
36.8,31.1,2.61969e+09
36.8,31.2,2.65353e+09
36.8,31.3,2.68766e+09
36.8,31.4,2.72208e+09
36.8,31.5,2.75679e+09
36.8,31.6,2.7918e+09
36.8,31.7,2.8271e+09
36.8,31.8,2.8627e+09
36.8,31.9,2.8986e+09
36.8,32,2.93479e+09
36.8,32.1,2.97129e+09
36.8,32.2,3.00808e+09
36.8,32.3,3.04519e+09
36.8,32.4,3.08259e+09
36.8,32.5,3.12031e+09
36.8,32.6,3.15833e+09
36.8,32.7,3.19666e+09
36.8,32.8,3.2353e+09
36.8,32.9,3.27425e+09
36.8,33,3.31351e+09
36.8,33.1,3.3531e+09
36.8,33.2,3.39299e+09
36.8,33.3,3.43321e+09
36.8,33.4,3.47374e+09
36.8,33.5,3.5146e+09
36.8,33.6,3.55577e+09
36.8,33.7,3.59727e+09
36.8,33.8,3.6391e+09
36.8,33.9,3.68125e+09
36.8,34,3.72373e+09
36.8,34.1,3.76654e+09
36.8,34.2,3.80968e+09
36.8,34.3,3.85315e+09
36.8,34.4,3.89696e+09
36.8,34.5,3.9411e+09
36.8,34.6,3.98558e+09
36.8,34.7,4.03039e+09
36.8,34.8,4.07555e+09
36.8,34.9,4.12105e+09
36.8,35,4.16689e+09
36.8,35.1,4.21307e+09
36.8,35.2,4.2596e+09
36.8,35.3,4.30648e+09
36.8,35.4,4.3537e+09
36.8,35.5,4.40128e+09
36.8,35.6,4.44921e+09
36.8,35.7,4.49749e+09
36.8,35.8,4.54612e+09
36.8,35.9,4.59511e+09
36.8,36,4.64446e+09
36.8,36.1,4.69417e+09
36.8,36.2,4.74424e+09
36.8,36.3,4.79467e+09
36.8,36.4,4.84547e+09
36.8,36.5,4.89663e+09
36.8,36.6,4.94815e+09
36.8,36.7,5.00005e+09
36.8,36.8,5.05232e+09
36.8,36.9,5.08659e+09
36.8,37,5.12103e+09
36.8,37.1,5.15563e+09
36.8,37.2,5.1904e+09
36.8,37.3,5.22534e+09
36.8,37.4,5.26045e+09
36.8,37.5,5.29573e+09
36.8,37.6,5.33117e+09
36.8,37.7,5.36679e+09
36.8,37.8,5.40257e+09
36.8,37.9,5.43852e+09
36.8,38,5.47465e+09
36.8,38.1,5.51094e+09
36.8,38.2,5.54741e+09
36.8,38.3,5.58405e+09
36.8,38.4,5.62087e+09
36.8,38.5,5.65785e+09
36.8,38.6,5.69502e+09
36.8,38.7,5.73235e+09
36.8,38.8,5.76986e+09
36.8,38.9,5.80755e+09
36.8,39,5.84541e+09
36.8,39.1,5.88345e+09
36.8,39.2,5.92167e+09
36.8,39.3,5.96006e+09
36.8,39.4,5.99863e+09
36.8,39.5,6.03738e+09
36.8,39.6,6.07631e+09
36.8,39.7,6.11542e+09
36.8,39.8,6.15471e+09
36.8,39.9,6.19418e+09
36.9,20,1.73905e+08
36.9,20.1,1.82503e+08
36.9,20.2,1.91338e+08
36.9,20.3,2.00411e+08
36.9,20.4,2.09726e+08
36.9,20.5,2.19282e+08
36.9,20.6,2.29084e+08
36.9,20.7,2.39132e+08
36.9,20.8,2.4943e+08
36.9,20.9,2.59978e+08
36.9,21,2.70779e+08
36.9,21.1,2.81835e+08
36.9,21.2,2.93149e+08
36.9,21.3,3.04722e+08
36.9,21.4,3.16556e+08
36.9,21.5,3.28654e+08
36.9,21.6,3.41017e+08
36.9,21.7,3.53648e+08
36.9,21.8,3.66549e+08
36.9,21.9,3.79722e+08
36.9,22,3.9317e+08
36.9,22.1,4.06893e+08
36.9,22.2,4.20895e+08
36.9,22.3,4.35178e+08
36.9,22.4,4.49743e+08
36.9,22.5,4.64593e+08
36.9,22.6,4.79731e+08
36.9,22.7,4.95158e+08
36.9,22.8,5.10876e+08
36.9,22.9,5.26888e+08
36.9,23,5.43196e+08
36.9,23.1,5.59803e+08
36.9,23.2,5.76709e+08
36.9,23.3,5.93918e+08
36.9,23.4,6.11432e+08
36.9,23.5,6.29254e+08
36.9,23.6,6.47384e+08
36.9,23.7,6.65826e+08
36.9,23.8,6.84582e+08
36.9,23.9,7.03654e+08
36.9,24,7.23045e+08
36.9,24.1,7.42756e+08
36.9,24.2,7.6279e+08
36.9,24.3,7.83149e+08
36.9,24.4,8.03836e+08
36.9,24.5,8.24853e+08
36.9,24.6,8.46202e+08
36.9,24.7,8.67886e+08
36.9,24.8,8.89906e+08
36.9,24.9,9.12265e+08
36.9,25,9.34966e+08
36.9,25.1,9.58011e+08
36.9,25.2,9.81402e+08
36.9,25.3,1.00514e+09
36.9,25.4,1.02923e+09
36.9,25.5,1.05368e+09
36.9,25.6,1.07848e+09
36.9,25.7,1.10363e+09
36.9,25.8,1.12915e+09
36.9,25.9,1.15503e+09
36.9,26,1.18128e+09
36.9,26.1,1.20789e+09
36.9,26.2,1.23488e+09
36.9,26.3,1.26223e+09
36.9,26.4,1.28996e+09
36.9,26.5,1.31807e+09
36.9,26.6,1.34656e+09
36.9,26.7,1.37543e+09
36.9,26.8,1.40469e+09
36.9,26.9,1.43433e+09
36.9,27,1.46436e+09
36.9,27.1,1.49479e+09
36.9,27.2,1.52561e+09
36.9,27.3,1.55682e+09
36.9,27.4,1.5569e+09
36.9,27.5,1.61275e+09
36.9,27.6,1.63731e+09
36.9,27.7,1.66211e+09
36.9,27.8,1.68715e+09
36.9,27.9,1.71243e+09
36.9,28,1.73796e+09
36.9,28.1,1.76374e+09
36.9,28.2,1.78977e+09
36.9,28.3,1.81605e+09
36.9,28.4,1.84258e+09
36.9,28.5,1.86936e+09
36.9,28.6,1.8964e+09
36.9,28.7,1.92369e+09
36.9,28.8,1.95124e+09
36.9,28.9,1.97905e+09
36.9,29,2.00711e+09
36.9,29.1,2.03544e+09
36.9,29.2,2.06403e+09
36.9,29.3,2.09288e+09
36.9,29.4,2.12199e+09
36.9,29.5,2.15138e+09
36.9,29.6,2.18103e+09
36.9,29.7,2.21094e+09
36.9,29.8,2.24113e+09
36.9,29.9,2.27159e+09
36.9,30,2.30232e+09
36.9,30.1,2.33333e+09
36.9,30.2,2.36461e+09
36.9,30.3,2.39617e+09
36.9,30.4,2.428e+09
36.9,30.5,2.46012e+09
36.9,30.6,2.49251e+09
36.9,30.7,2.52519e+09
36.9,30.8,2.55815e+09
36.9,30.9,2.5914e+09
36.9,31,2.62493e+09
36.9,31.1,2.65875e+09
36.9,31.2,2.69286e+09
36.9,31.3,2.72726e+09
36.9,31.4,2.76195e+09
36.9,31.5,2.79693e+09
36.9,31.6,2.83221e+09
36.9,31.7,2.86778e+09
36.9,31.8,2.90365e+09
36.9,31.9,2.93982e+09
36.9,32,2.97629e+09
36.9,32.1,3.01306e+09
36.9,32.2,3.05014e+09
36.9,32.3,3.08752e+09
36.9,32.4,3.1252e+09
36.9,32.5,3.16319e+09
36.9,32.6,3.20149e+09
36.9,32.7,3.2401e+09
36.9,32.8,3.27902e+09
36.9,32.9,3.31826e+09
36.9,33,3.35781e+09
36.9,33.1,3.39767e+09
36.9,33.2,3.43785e+09
36.9,33.3,3.47835e+09
36.9,33.4,3.51917e+09
36.9,33.5,3.56031e+09
36.9,33.6,3.60178e+09
36.9,33.7,3.64356e+09
36.9,33.8,3.68568e+09
36.9,33.9,3.72812e+09
36.9,34,3.77089e+09
36.9,34.1,3.81399e+09
36.9,34.2,3.85742e+09
36.9,34.3,3.90119e+09
36.9,34.4,3.94529e+09
36.9,34.5,3.98972e+09
36.9,34.6,4.03449e+09
36.9,34.7,4.07961e+09
36.9,34.8,4.12506e+09
36.9,34.9,4.17085e+09
36.9,35,4.21699e+09
36.9,35.1,4.26347e+09
36.9,35.2,4.3103e+09
36.9,35.3,4.35748e+09
36.9,35.4,4.40501e+09
36.9,35.5,4.45288e+09
36.9,35.6,4.50112e+09
36.9,35.7,4.5497e+09
36.9,35.8,4.59864e+09
36.9,35.9,4.64794e+09
36.9,36,4.69759e+09
36.9,36.1,4.74761e+09
36.9,36.2,4.79798e+09
36.9,36.3,4.84872e+09
36.9,36.4,4.89983e+09
36.9,36.5,4.9513e+09
36.9,36.6,5.00314e+09
36.9,36.7,5.05534e+09
36.9,36.8,5.10792e+09
36.9,36.9,5.16087e+09
36.9,37,5.19559e+09
36.9,37.1,5.23047e+09
36.9,37.2,5.26552e+09
36.9,37.3,5.30073e+09
36.9,37.4,5.33612e+09
36.9,37.5,5.37167e+09
36.9,37.6,5.40739e+09
36.9,37.7,5.44329e+09
36.9,37.8,5.47935e+09
36.9,37.9,5.51558e+09
36.9,38,5.55199e+09
36.9,38.1,5.58857e+09
36.9,38.2,5.62532e+09
36.9,38.3,5.66224e+09
36.9,38.4,5.69934e+09
36.9,38.5,5.73661e+09
36.9,38.6,5.77405e+09
36.9,38.7,5.81167e+09
36.9,38.8,5.84947e+09
36.9,38.9,5.88744e+09
36.9,39,5.92559e+09
36.9,39.1,5.96391e+09
36.9,39.2,6.00242e+09
36.9,39.3,6.0411e+09
36.9,39.4,6.07996e+09
36.9,39.5,6.119e+09
36.9,39.6,6.15822e+09
36.9,39.7,6.19762e+09
36.9,39.8,6.2372e+09
36.9,39.9,6.27696e+09
37,20,1.83567e+08
37,20.1,1.92403e+08
37,20.2,2.01477e+08
37,20.3,2.1079e+08
37,20.4,2.20345e+08
37,20.5,2.30143e+08
37,20.6,2.40187e+08
37,20.7,2.50479e+08
37,20.8,2.61021e+08
37,20.9,2.71815e+08
37,21,2.82863e+08
37,21.1,2.94167e+08
37,21.2,3.05729e+08
37,21.3,3.17552e+08
37,21.4,3.29637e+08
37,21.5,3.41986e+08
37,21.6,3.54602e+08
37,21.7,3.67487e+08
37,21.8,3.80642e+08
37,21.9,3.94071e+08
37,22,4.07775e+08
37,22.1,4.21756e+08
37,22.2,4.36016e+08
37,22.3,4.50559e+08
37,22.4,4.65385e+08
37,22.5,4.80497e+08
37,22.6,4.95897e+08
37,22.7,5.11587e+08
37,22.8,5.2757e+08
37,22.9,5.43848e+08
37,23,5.60423e+08
37,23.1,5.77297e+08
37,23.2,5.94472e+08
37,23.3,6.11951e+08
37,23.4,6.29736e+08
37,23.5,6.47829e+08
37,23.6,6.66232e+08
37,23.7,6.84948e+08
37,23.8,7.03979e+08
37,23.9,7.23327e+08
37,24,7.42994e+08
37,24.1,7.62984e+08
37,24.2,7.83297e+08
37,24.3,8.03936e+08
37,24.4,8.24904e+08
37,24.5,8.46203e+08
37,24.6,8.67835e+08
37,24.7,8.89802e+08
37,24.8,9.12108e+08
37,24.9,9.34754e+08
37,25,9.57742e+08
37,25.1,9.81075e+08
37,25.2,1.00476e+09
37,25.3,1.02878e+09
37,25.4,1.05317e+09
37,25.5,1.0779e+09
37,25.6,1.103e+09
37,25.7,1.12845e+09
37,25.8,1.15426e+09
37,25.9,1.18044e+09
37,26,1.20698e+09
37,26.1,1.2339e+09
37,26.2,1.26118e+09
37,26.3,1.28884e+09
37,26.4,1.31687e+09
37,26.5,1.34528e+09
37,26.6,1.37407e+09
37,26.7,1.40325e+09
37,26.8,1.43281e+09
37,26.9,1.46276e+09
37,27,1.4931e+09
37,27.1,1.52384e+09
37,27.2,1.55497e+09
37,27.3,1.58649e+09
37,27.4,1.58658e+09
37,27.5,1.64298e+09
37,27.6,1.66777e+09
37,27.7,1.69281e+09
37,27.8,1.7181e+09
37,27.9,1.74363e+09
37,28,1.76941e+09
37,28.1,1.79543e+09
37,28.2,1.82171e+09
37,28.3,1.84823e+09
37,28.4,1.87501e+09
37,28.5,1.90204e+09
37,28.6,1.92933e+09
37,28.7,1.95687e+09
37,28.8,1.98467e+09
37,28.9,2.01273e+09
37,29,2.04105e+09
37,29.1,2.06963e+09
37,29.2,2.09847e+09
37,29.3,2.12758e+09
37,29.4,2.15695e+09
37,29.5,2.18659e+09
37,29.6,2.21649e+09
37,29.7,2.24667e+09
37,29.8,2.27712e+09
37,29.9,2.30784e+09
37,30,2.33883e+09
37,30.1,2.37009e+09
37,30.2,2.40164e+09
37,30.3,2.43346e+09
37,30.4,2.46556e+09
37,30.5,2.49793e+09
37,30.6,2.5306e+09
37,30.7,2.56354e+09
37,30.8,2.59677e+09
37,30.9,2.63028e+09
37,31,2.66408e+09
37,31.1,2.69817e+09
37,31.2,2.73254e+09
37,31.3,2.76721e+09
37,31.4,2.80218e+09
37,31.5,2.83743e+09
37,31.6,2.87298e+09
37,31.7,2.90883e+09
37,31.8,2.94497e+09
37,31.9,2.98142e+09
37,32,3.01816e+09
37,32.1,3.05521e+09
37,32.2,3.09256e+09
37,32.3,3.13022e+09
37,32.4,3.16818e+09
37,32.5,3.20645e+09
37,32.6,3.24503e+09
37,32.7,3.28392e+09
37,32.8,3.32313e+09
37,32.9,3.36264e+09
37,33,3.40247e+09
37,33.1,3.44262e+09
37,33.2,3.48309e+09
37,33.3,3.52387e+09
37,33.4,3.56498e+09
37,33.5,3.60641e+09
37,33.6,3.64816e+09
37,33.7,3.69024e+09
37,33.8,3.73264e+09
37,33.9,3.77537e+09
37,34,3.81843e+09
37,34.1,3.86182e+09
37,34.2,3.90555e+09
37,34.3,3.94961e+09
37,34.4,3.994e+09
37,34.5,4.03873e+09
37,34.6,4.0838e+09
37,34.7,4.12921e+09
37,34.8,4.17496e+09
37,34.9,4.22105e+09
37,35,4.26749e+09
37,35.1,4.31427e+09
37,35.2,4.3614e+09
37,35.3,4.40888e+09
37,35.4,4.45671e+09
37,35.5,4.50489e+09
37,35.6,4.55342e+09
37,35.7,4.60231e+09
37,35.8,4.65155e+09
37,35.9,4.70116e+09
37,36,4.75112e+09
37,36.1,4.80144e+09
37,36.2,4.85213e+09
37,36.3,4.90318e+09
37,36.4,4.95459e+09
37,36.5,5.00637e+09
37,36.6,5.05852e+09
37,36.7,5.11104e+09
37,36.8,5.16393e+09
37,36.9,5.2172e+09
37,37,5.27084e+09
37,37.1,5.30599e+09
37,37.2,5.34132e+09
37,37.3,5.37681e+09
37,37.4,5.41248e+09
37,37.5,5.44831e+09
37,37.6,5.48431e+09
37,37.7,5.52048e+09
37,37.8,5.55683e+09
37,37.9,5.59334e+09
37,38,5.63003e+09
37,38.1,5.66689e+09
37,38.2,5.70392e+09
37,38.3,5.74113e+09
37,38.4,5.77851e+09
37,38.5,5.81606e+09
37,38.6,5.85379e+09
37,38.7,5.8917e+09
37,38.8,5.92978e+09
37,38.9,5.96804e+09
37,39,6.00647e+09
37,39.1,6.04509e+09
37,39.2,6.08388e+09
37,39.3,6.12285e+09
37,39.4,6.16199e+09
37,39.5,6.20132e+09
37,39.6,6.24083e+09
37,39.7,6.28052e+09
37,39.8,6.32039e+09
37,39.9,6.36045e+09
37.1,20,1.9351e+08
37.1,20.1,2.02584e+08
37.1,20.2,2.11897e+08
37.1,20.3,2.21451e+08
37.1,20.4,2.31247e+08
37.1,20.5,2.41288e+08
37.1,20.6,2.51576e+08
37.1,20.7,2.62112e+08
37.1,20.8,2.72899e+08
37.1,20.9,2.8394e+08
37.1,21,2.95235e+08
37.1,21.1,3.06787e+08
37.1,21.2,3.18599e+08
37.1,21.3,3.30672e+08
37.1,21.4,3.43008e+08
37.1,21.5,3.5561e+08
37.1,21.6,3.68479e+08
37.1,21.7,3.81618e+08
37.1,21.8,3.95029e+08
37.1,21.9,4.08714e+08
37.1,22,4.22675e+08
37.1,22.1,4.36915e+08
37.1,22.2,4.51434e+08
37.1,22.3,4.66237e+08
37.1,22.4,4.81324e+08
37.1,22.5,4.96699e+08
37.1,22.6,5.12362e+08
37.1,22.7,5.28317e+08
37.1,22.8,5.44566e+08
37.1,22.9,5.6111e+08
37.1,23,5.77952e+08
37.1,23.1,5.95095e+08
37.1,23.2,6.12539e+08
37.1,23.3,6.30289e+08
37.1,23.4,6.48345e+08
37.1,23.5,6.66711e+08
37.1,23.6,6.85388e+08
37.1,23.7,7.04378e+08
37.1,23.8,7.23685e+08
37.1,23.9,7.43309e+08
37.1,24,7.63254e+08
37.1,24.1,7.83522e+08
37.1,24.2,8.04115e+08
37.1,24.3,8.25035e+08
37.1,24.4,8.46285e+08
37.1,24.5,8.67866e+08
37.1,24.6,8.89782e+08
37.1,24.7,9.12035e+08
37.1,24.8,9.34626e+08
37.1,24.9,9.57559e+08
37.1,25,9.80835e+08
37.1,25.1,1.00446e+09
37.1,25.2,1.02843e+09
37.1,25.3,1.05275e+09
37.1,25.4,1.07742e+09
37.1,25.5,1.10245e+09
37.1,25.6,1.12784e+09
37.1,25.7,1.15359e+09
37.1,25.8,1.1797e+09
37.1,25.9,1.20617e+09
37.1,26,1.23301e+09
37.1,26.1,1.26022e+09
37.1,26.2,1.28781e+09
37.1,26.3,1.31577e+09
37.1,26.4,1.3441e+09
37.1,26.5,1.37282e+09
37.1,26.6,1.40192e+09
37.1,26.7,1.4314e+09
37.1,26.8,1.46127e+09
37.1,26.9,1.49152e+09
37.1,27,1.52217e+09
37.1,27.1,1.55322e+09
37.1,27.2,1.58466e+09
37.1,27.3,1.6165e+09
37.1,27.4,1.6166e+09
37.1,27.5,1.67354e+09
37.1,27.6,1.69858e+09
37.1,27.7,1.72386e+09
37.1,27.8,1.74939e+09
37.1,27.9,1.77517e+09
37.1,28,1.80119e+09
37.1,28.1,1.82746e+09
37.1,28.2,1.85398e+09
37.1,28.3,1.88076e+09
37.1,28.4,1.90779e+09
37.1,28.5,1.93507e+09
37.1,28.6,1.9626e+09
37.1,28.7,1.9904e+09
37.1,28.8,2.01845e+09
37.1,28.9,2.04676e+09
37.1,29,2.07533e+09
37.1,29.1,2.10417e+09
37.1,29.2,2.13326e+09
37.1,29.3,2.16263e+09
37.1,29.4,2.19226e+09
37.1,29.5,2.22215e+09
37.1,29.6,2.25232e+09
37.1,29.7,2.28275e+09
37.1,29.8,2.31346e+09
37.1,29.9,2.34444e+09
37.1,30,2.37569e+09
37.1,30.1,2.40722e+09
37.1,30.2,2.43902e+09
37.1,30.3,2.47111e+09
37.1,30.4,2.50347e+09
37.1,30.5,2.53611e+09
37.1,30.6,2.56904e+09
37.1,30.7,2.60225e+09
37.1,30.8,2.63574e+09
37.1,30.9,2.66952e+09
37.1,31,2.70359e+09
37.1,31.1,2.73795e+09
37.1,31.2,2.7726e+09
37.1,31.3,2.80754e+09
37.1,31.4,2.84277e+09
37.1,31.5,2.8783e+09
37.1,31.6,2.91412e+09
37.1,31.7,2.95024e+09
37.1,31.8,2.98666e+09
37.1,31.9,3.02338e+09
37.1,32,3.0604e+09
37.1,32.1,3.09773e+09
37.1,32.2,3.13536e+09
37.1,32.3,3.17329e+09
37.1,32.4,3.21153e+09
37.1,32.5,3.25008e+09
37.1,32.6,3.28895e+09
37.1,32.7,3.32812e+09
37.1,32.8,3.3676e+09
37.1,32.9,3.4074e+09
37.1,33,3.44752e+09
37.1,33.1,3.48795e+09
37.1,33.2,3.5287e+09
37.1,33.3,3.56977e+09
37.1,33.4,3.61117e+09
37.1,33.5,3.65288e+09
37.1,33.6,3.69492e+09
37.1,33.7,3.73729e+09
37.1,33.8,3.77998e+09
37.1,33.9,3.82301e+09
37.1,34,3.86636e+09
37.1,34.1,3.91004e+09
37.1,34.2,3.95406e+09
37.1,34.3,3.99841e+09
37.1,34.4,4.0431e+09
37.1,34.5,4.08813e+09
37.1,34.6,4.13349e+09
37.1,34.7,4.1792e+09
37.1,34.8,4.22525e+09
37.1,34.9,4.27164e+09
37.1,35,4.31837e+09
37.1,35.1,4.36546e+09
37.1,35.2,4.41289e+09
37.1,35.3,4.46067e+09
37.1,35.4,4.5088e+09
37.1,35.5,4.55728e+09
37.1,35.6,4.60612e+09
37.1,35.7,4.65532e+09
37.1,35.8,4.70487e+09
37.1,35.9,4.75478e+09
37.1,36,4.80505e+09
37.1,36.1,4.85568e+09
37.1,36.2,4.90667e+09
37.1,36.3,4.95803e+09
37.1,36.4,5.00976e+09
37.1,36.5,5.06185e+09
37.1,36.6,5.11431e+09
37.1,36.7,5.16714e+09
37.1,36.8,5.22035e+09
37.1,36.9,5.27393e+09
37.1,37,5.32788e+09
37.1,37.1,5.38222e+09
37.1,37.2,5.41782e+09
37.1,37.3,5.45359e+09
37.1,37.4,5.48953e+09
37.1,37.5,5.52565e+09
37.1,37.6,5.56193e+09
37.1,37.7,5.59838e+09
37.1,37.8,5.63501e+09
37.1,37.9,5.6718e+09
37.1,38,5.70877e+09
37.1,38.1,5.74591e+09
37.1,38.2,5.78323e+09
37.1,38.3,5.82072e+09
37.1,38.4,5.85839e+09
37.1,38.5,5.89623e+09
37.1,38.6,5.93424e+09
37.1,38.7,5.97243e+09
37.1,38.8,6.0108e+09
37.1,38.9,6.04935e+09
37.1,39,6.08807e+09
37.1,39.1,6.12697e+09
37.1,39.2,6.16605e+09
37.1,39.3,6.20531e+09
37.1,39.4,6.24475e+09
37.1,39.5,6.28437e+09
37.1,39.6,6.32417e+09
37.1,39.7,6.36415e+09
37.1,39.8,6.40431e+09
37.1,39.9,6.44466e+09
37.2,20,2.03735e+08
37.2,20.1,2.13049e+08
37.2,20.2,2.22602e+08
37.2,20.3,2.32397e+08
37.2,20.4,2.42435e+08
37.2,20.5,2.52719e+08
37.2,20.6,2.63251e+08
37.2,20.7,2.74032e+08
37.2,20.8,2.85066e+08
37.2,20.9,2.96353e+08
37.2,21,3.07896e+08
37.2,21.1,3.19698e+08
37.2,21.2,3.31759e+08
37.2,21.3,3.44083e+08
37.2,21.4,3.56671e+08
37.2,21.5,3.69526e+08
37.2,21.6,3.82649e+08
37.2,21.7,3.96044e+08
37.2,21.8,4.09711e+08
37.2,21.9,4.23653e+08
37.2,22,4.37872e+08
37.2,22.1,4.5237e+08
37.2,22.2,4.67151e+08
37.2,22.3,4.82214e+08
37.2,22.4,4.97564e+08
37.2,22.5,5.13201e+08
37.2,22.6,5.29129e+08
37.2,22.7,5.45349e+08
37.2,22.8,5.61864e+08
37.2,22.9,5.78675e+08
37.2,23,5.95786e+08
37.2,23.1,6.13197e+08
37.2,23.2,6.30912e+08
37.2,23.3,6.48933e+08
37.2,23.4,6.67262e+08
37.2,23.5,6.859e+08
37.2,23.6,7.04852e+08
37.2,23.7,7.24117e+08
37.2,23.8,7.437e+08
37.2,23.9,7.63602e+08
37.2,24,7.83826e+08
37.2,24.1,8.04373e+08
37.2,24.2,8.25246e+08
37.2,24.3,8.46448e+08
37.2,24.4,8.6798e+08
37.2,24.5,8.89845e+08
37.2,24.6,9.12046e+08
37.2,24.7,9.34584e+08
37.2,24.8,9.57462e+08
37.2,24.9,9.80682e+08
37.2,25,1.00425e+09
37.2,25.1,1.02816e+09
37.2,25.2,1.05242e+09
37.2,25.3,1.07703e+09
37.2,25.4,1.102e+09
37.2,25.5,1.12732e+09
37.2,25.6,1.15301e+09
37.2,25.7,1.17905e+09
37.2,25.8,1.20546e+09
37.2,25.9,1.23223e+09
37.2,26,1.25937e+09
37.2,26.1,1.28688e+09
37.2,26.2,1.31477e+09
37.2,26.3,1.34303e+09
37.2,26.4,1.37167e+09
37.2,26.5,1.40069e+09
37.2,26.6,1.43009e+09
37.2,26.7,1.45988e+09
37.2,26.8,1.49006e+09
37.2,26.9,1.52062e+09
37.2,27,1.55158e+09
37.2,27.1,1.58294e+09
37.2,27.2,1.61469e+09
37.2,27.3,1.64684e+09
37.2,27.4,1.64696e+09
37.2,27.5,1.70444e+09
37.2,27.6,1.72972e+09
37.2,27.7,1.75525e+09
37.2,27.8,1.78102e+09
37.2,27.9,1.80705e+09
37.2,28,1.83332e+09
37.2,28.1,1.85984e+09
37.2,28.2,1.88661e+09
37.2,28.3,1.91363e+09
37.2,28.4,1.94091e+09
37.2,28.5,1.96844e+09
37.2,28.6,1.99623e+09
37.2,28.7,2.02427e+09
37.2,28.8,2.05258e+09
37.2,28.9,2.08114e+09
37.2,29,2.10997e+09
37.2,29.1,2.13906e+09
37.2,29.2,2.16841e+09
37.2,29.3,2.19803e+09
37.2,29.4,2.22791e+09
37.2,29.5,2.25807e+09
37.2,29.6,2.28849e+09
37.2,29.7,2.31919e+09
37.2,29.8,2.35015e+09
37.2,29.9,2.38139e+09
37.2,30,2.41291e+09
37.2,30.1,2.4447e+09
37.2,30.2,2.47677e+09
37.2,30.3,2.50911e+09
37.2,30.4,2.54174e+09
37.2,30.5,2.57465e+09
37.2,30.6,2.60784e+09
37.2,30.7,2.64132e+09
37.2,30.8,2.67508e+09
37.2,30.9,2.70913e+09
37.2,31,2.74347e+09
37.2,31.1,2.7781e+09
37.2,31.2,2.81301e+09
37.2,31.3,2.84823e+09
37.2,31.4,2.88373e+09
37.2,31.5,2.91953e+09
37.2,31.6,2.95563e+09
37.2,31.7,2.99202e+09
37.2,31.8,3.02872e+09
37.2,31.9,3.06572e+09
37.2,32,3.10301e+09
37.2,32.1,3.14062e+09
37.2,32.2,3.17852e+09
37.2,32.3,3.21674e+09
37.2,32.4,3.25526e+09
37.2,32.5,3.29409e+09
37.2,32.6,3.33324e+09
37.2,32.7,3.37269e+09
37.2,32.8,3.41246e+09
37.2,32.9,3.45254e+09
37.2,33,3.49294e+09
37.2,33.1,3.53366e+09
37.2,33.2,3.5747e+09
37.2,33.3,3.61606e+09
37.2,33.4,3.65774e+09
37.2,33.5,3.69974e+09
37.2,33.6,3.74207e+09
37.2,33.7,3.78473e+09
37.2,33.8,3.82771e+09
37.2,33.9,3.87103e+09
37.2,34,3.91467e+09
37.2,34.1,3.95865e+09
37.2,34.2,4.00296e+09
37.2,34.3,4.04761e+09
37.2,34.4,4.09259e+09
37.2,34.5,4.13791e+09
37.2,34.6,4.18358e+09
37.2,34.7,4.22958e+09
37.2,34.8,4.27593e+09
37.2,34.9,4.32262e+09
37.2,35,4.36966e+09
37.2,35.1,4.41704e+09
37.2,35.2,4.46477e+09
37.2,35.3,4.51286e+09
37.2,35.4,4.56129e+09
37.2,35.5,4.61008e+09
37.2,35.6,4.65922e+09
37.2,35.7,4.70872e+09
37.2,35.8,4.75858e+09
37.2,35.9,4.8088e+09
37.2,36,4.85937e+09
37.2,36.1,4.91031e+09
37.2,36.2,4.96162e+09
37.2,36.3,5.01329e+09
37.2,36.4,5.06533e+09
37.2,36.5,5.11773e+09
37.2,36.6,5.17051e+09
37.2,36.7,5.22365e+09
37.2,36.8,5.27717e+09
37.2,36.9,5.33107e+09
37.2,37,5.38534e+09
37.2,37.1,5.43999e+09
37.2,37.2,5.49502e+09
37.2,37.3,5.53107e+09
37.2,37.4,5.56729e+09
37.2,37.5,5.60368e+09
37.2,37.6,5.64025e+09
37.2,37.7,5.67698e+09
37.2,37.8,5.71389e+09
37.2,37.9,5.75097e+09
37.2,38,5.78822e+09
37.2,38.1,5.82565e+09
37.2,38.2,5.86325e+09
37.2,38.3,5.90102e+09
37.2,38.4,5.93897e+09
37.2,38.5,5.9771e+09
37.2,38.6,6.0154e+09
37.2,38.7,6.05388e+09
37.2,38.8,6.09253e+09
37.2,38.9,6.13137e+09
37.2,39,6.17038e+09
37.2,39.1,6.20957e+09
37.2,39.2,6.24894e+09
37.2,39.3,6.28849e+09
37.2,39.4,6.32822e+09
37.2,39.5,6.36813e+09
37.2,39.6,6.40822e+09
37.2,39.7,6.4485e+09
37.2,39.8,6.48895e+09
37.2,39.9,6.52959e+09
37.3,20,2.14244e+08
37.3,20.1,2.23797e+08
37.3,20.2,2.33591e+08
37.3,20.3,2.43628e+08
37.3,20.4,2.53909e+08
37.3,20.5,2.64437e+08
37.3,20.6,2.75213e+08
37.3,20.7,2.86241e+08
37.3,20.8,2.97521e+08
37.3,20.9,3.09056e+08
37.3,21,3.20848e+08
37.3,21.1,3.32899e+08
37.3,21.2,3.45212e+08
37.3,21.3,3.57787e+08
37.3,21.4,3.70629e+08
37.3,21.5,3.83737e+08
37.3,21.6,3.97115e+08
37.3,21.7,4.10765e+08
37.3,21.8,4.24689e+08
37.3,21.9,4.38889e+08
37.3,22,4.53367e+08
37.3,22.1,4.68125e+08
37.3,22.2,4.83166e+08
37.3,22.3,4.98492e+08
37.3,22.4,5.14104e+08
37.3,22.5,5.30006e+08
37.3,22.6,5.46198e+08
37.3,22.7,5.62684e+08
37.3,22.8,5.79466e+08
37.3,22.9,5.96545e+08
37.3,23,6.13924e+08
37.3,23.1,6.31606e+08
37.3,23.2,6.49592e+08
37.3,23.3,6.67885e+08
37.3,23.4,6.86486e+08
37.3,23.5,7.05399e+08
37.3,23.6,7.24626e+08
37.3,23.7,7.44168e+08
37.3,23.8,7.64027e+08
37.3,23.9,7.84208e+08
37.3,24,8.0471e+08
37.3,24.1,8.25538e+08
37.3,24.2,8.46692e+08
37.3,24.3,8.68176e+08
37.3,24.4,8.89992e+08
37.3,24.5,9.12141e+08
37.3,24.6,9.34627e+08
37.3,24.7,9.57452e+08
37.3,24.8,9.80617e+08
37.3,24.9,1.00413e+09
37.3,25,1.02798e+09
37.3,25.1,1.05218e+09
37.3,25.2,1.07674e+09
37.3,25.3,1.10164e+09
37.3,25.4,1.1269e+09
37.3,25.5,1.15252e+09
37.3,25.6,1.1785e+09
37.3,25.7,1.20484e+09
37.3,25.8,1.23154e+09
37.3,25.9,1.25862e+09
37.3,26,1.28606e+09
37.3,26.1,1.31387e+09
37.3,26.2,1.34206e+09
37.3,26.3,1.37062e+09
37.3,26.4,1.39957e+09
37.3,26.5,1.42889e+09
37.3,26.6,1.4586e+09
37.3,26.7,1.4887e+09
37.3,26.8,1.51918e+09
37.3,26.9,1.55006e+09
37.3,27,1.58133e+09
37.3,27.1,1.61299e+09
37.3,27.2,1.64506e+09
37.3,27.3,1.67752e+09
37.3,27.4,1.67766e+09
37.3,27.5,1.73568e+09
37.3,27.6,1.76121e+09
37.3,27.7,1.78698e+09
37.3,27.8,1.813e+09
37.3,27.9,1.83927e+09
37.3,28,1.86579e+09
37.3,28.1,1.89255e+09
37.3,28.2,1.91957e+09
37.3,28.3,1.94685e+09
37.3,28.4,1.97437e+09
37.3,28.5,2.00216e+09
37.3,28.6,2.0302e+09
37.3,28.7,2.0585e+09
37.3,28.8,2.08705e+09
37.3,28.9,2.11587e+09
37.3,29,2.14495e+09
37.3,29.1,2.1743e+09
37.3,29.2,2.20391e+09
37.3,29.3,2.23378e+09
37.3,29.4,2.26393e+09
37.3,29.5,2.29434e+09
37.3,29.6,2.32502e+09
37.3,29.7,2.35598e+09
37.3,29.8,2.3872e+09
37.3,29.9,2.41871e+09
37.3,30,2.45048e+09
37.3,30.1,2.48254e+09
37.3,30.2,2.51487e+09
37.3,30.3,2.54748e+09
37.3,30.4,2.58037e+09
37.3,30.5,2.61355e+09
37.3,30.6,2.64701e+09
37.3,30.7,2.68075e+09
37.3,30.8,2.71478e+09
37.3,30.9,2.7491e+09
37.3,31,2.78371e+09
37.3,31.1,2.81861e+09
37.3,31.2,2.8538e+09
37.3,31.3,2.88928e+09
37.3,31.4,2.92506e+09
37.3,31.5,2.96113e+09
37.3,31.6,2.99751e+09
37.3,31.7,3.03418e+09
37.3,31.8,3.07115e+09
37.3,31.9,3.10842e+09
37.3,32,3.146e+09
37.3,32.1,3.18388e+09
37.3,32.2,3.22207e+09
37.3,32.3,3.26056e+09
37.3,32.4,3.29936e+09
37.3,32.5,3.33848e+09
37.3,32.6,3.3779e+09
37.3,32.7,3.41764e+09
37.3,32.8,3.45769e+09
37.3,32.9,3.49806e+09
37.3,33,3.53875e+09
37.3,33.1,3.57975e+09
37.3,33.2,3.62107e+09
37.3,33.3,3.66272e+09
37.3,33.4,3.70469e+09
37.3,33.5,3.74698e+09
37.3,33.6,3.7896e+09
37.3,33.7,3.83255e+09
37.3,33.8,3.87583e+09
37.3,33.9,3.91943e+09
37.3,34,3.96337e+09
37.3,34.1,4.00764e+09
37.3,34.2,4.05225e+09
37.3,34.3,4.09719e+09
37.3,34.4,4.14247e+09
37.3,34.5,4.18809e+09
37.3,34.6,4.23405e+09
37.3,34.7,4.28036e+09
37.3,34.8,4.327e+09
37.3,34.9,4.37399e+09
37.3,35,4.42133e+09
37.3,35.1,4.46902e+09
37.3,35.2,4.51705e+09
37.3,35.3,4.56544e+09
37.3,35.4,4.61418e+09
37.3,35.5,4.66327e+09
37.3,35.6,4.71272e+09
37.3,35.7,4.76253e+09
37.3,35.8,4.81269e+09
37.3,35.9,4.86322e+09
37.3,36,4.91411e+09
37.3,36.1,4.96536e+09
37.3,36.2,5.01697e+09
37.3,36.3,5.06895e+09
37.3,36.4,5.1213e+09
37.3,36.5,5.17402e+09
37.3,36.6,5.22711e+09
37.3,36.7,5.28057e+09
37.3,36.8,5.33441e+09
37.3,36.9,5.38862e+09
37.3,37,5.44321e+09
37.3,37.1,5.49817e+09
37.3,37.2,5.55352e+09
37.3,37.3,5.60925e+09
37.3,37.4,5.64575e+09
37.3,37.5,5.68243e+09
37.3,37.6,5.71927e+09
37.3,37.7,5.75629e+09
37.3,37.8,5.79348e+09
37.3,37.9,5.83084e+09
37.3,38,5.86838e+09
37.3,38.1,5.90609e+09
37.3,38.2,5.94398e+09
37.3,38.3,5.98204e+09
37.3,38.4,6.02027e+09
37.3,38.5,6.05869e+09
37.3,38.6,6.09728e+09
37.3,38.7,6.13604e+09
37.3,38.8,6.17499e+09
37.3,38.9,6.21411e+09
37.3,39,6.25341e+09
37.3,39.1,6.29289e+09
37.3,39.2,6.33255e+09
37.3,39.3,6.37239e+09
37.3,39.4,6.41241e+09
37.3,39.5,6.45262e+09
37.3,39.6,6.493e+09
37.3,39.7,6.53357e+09
37.3,39.8,6.57432e+09
37.3,39.9,6.61525e+09
37.4,20,2.25038e+08
37.4,20.1,2.34832e+08
37.4,20.2,2.44868e+08
37.4,20.3,2.55147e+08
37.4,20.4,2.65671e+08
37.4,20.5,2.76444e+08
37.4,20.6,2.87466e+08
37.4,20.7,2.9874e+08
37.4,20.8,3.10267e+08
37.4,20.9,3.22051e+08
37.4,21,3.34093e+08
37.4,21.1,3.46394e+08
37.4,21.2,3.58958e+08
37.4,21.3,3.71786e+08
37.4,21.4,3.84881e+08
37.4,21.5,3.98244e+08
37.4,21.6,4.11878e+08
37.4,21.7,4.25784e+08
37.4,21.8,4.39966e+08
37.4,21.9,4.54424e+08
37.4,22,4.69162e+08
37.4,22.1,4.84181e+08
37.4,22.2,4.99483e+08
37.4,22.3,5.15071e+08
37.4,22.4,5.30947e+08
37.4,22.5,5.47113e+08
37.4,22.6,5.63571e+08
37.4,22.7,5.80324e+08
37.4,22.8,5.97373e+08
37.4,22.9,6.14721e+08
37.4,23,6.3237e+08
37.4,23.1,6.50323e+08
37.4,23.2,6.6858e+08
37.4,23.3,6.87146e+08
37.4,23.4,7.06021e+08
37.4,23.5,7.25209e+08
37.4,23.6,7.44711e+08
37.4,23.7,7.6453e+08
37.4,23.8,7.84668e+08
37.4,23.9,8.05127e+08
37.4,24,8.2591e+08
37.4,24.1,8.47018e+08
37.4,24.2,8.68455e+08
37.4,24.3,8.90222e+08
37.4,24.4,9.12321e+08
37.4,24.5,9.34756e+08
37.4,24.6,9.57528e+08
37.4,24.7,9.8064e+08
37.4,24.8,1.00409e+09
37.4,24.9,1.02789e+09
37.4,25,1.05204e+09
37.4,25.1,1.07653e+09
37.4,25.2,1.10138e+09
37.4,25.3,1.12657e+09
37.4,25.4,1.15213e+09
37.4,25.5,1.17804e+09
37.4,25.6,1.20432e+09
37.4,25.7,1.23096e+09
37.4,25.8,1.25796e+09
37.4,25.9,1.28533e+09
37.4,26,1.31307e+09
37.4,26.1,1.34119e+09
37.4,26.2,1.36968e+09
37.4,26.3,1.39855e+09
37.4,26.4,1.4278e+09
37.4,26.5,1.45743e+09
37.4,26.6,1.48744e+09
37.4,26.7,1.51785e+09
37.4,26.8,1.54864e+09
37.4,26.9,1.57983e+09
37.4,27,1.61141e+09
37.4,27.1,1.64339e+09
37.4,27.2,1.67577e+09
37.4,27.3,1.70855e+09
37.4,27.4,1.7087e+09
37.4,27.5,1.76726e+09
37.4,27.6,1.79304e+09
37.4,27.7,1.81906e+09
37.4,27.8,1.84532e+09
37.4,27.9,1.87184e+09
37.4,28,1.8986e+09
37.4,28.1,1.92562e+09
37.4,28.2,1.95289e+09
37.4,28.3,1.98041e+09
37.4,28.4,2.00819e+09
37.4,28.5,2.03623e+09
37.4,28.6,2.06452e+09
37.4,28.7,2.09307e+09
37.4,28.8,2.12188e+09
37.4,28.9,2.15096e+09
37.4,29,2.18029e+09
37.4,29.1,2.20989e+09
37.4,29.2,2.23976e+09
37.4,29.3,2.26989e+09
37.4,29.4,2.3003e+09
37.4,29.5,2.33097e+09
37.4,29.6,2.36191e+09
37.4,29.7,2.39313e+09
37.4,29.8,2.42461e+09
37.4,29.9,2.45638e+09
37.4,30,2.48842e+09
37.4,30.1,2.52074e+09
37.4,30.2,2.55333e+09
37.4,30.3,2.58621e+09
37.4,30.4,2.61937e+09
37.4,30.5,2.65281e+09
37.4,30.6,2.68654e+09
37.4,30.7,2.72055e+09
37.4,30.8,2.75485e+09
37.4,30.9,2.78944e+09
37.4,31,2.82432e+09
37.4,31.1,2.85949e+09
37.4,31.2,2.89495e+09
37.4,31.3,2.93071e+09
37.4,31.4,2.96676e+09
37.4,31.5,3.00311e+09
37.4,31.6,3.03976e+09
37.4,31.7,3.0767e+09
37.4,31.8,3.11395e+09
37.4,31.9,3.1515e+09
37.4,32,3.18936e+09
37.4,32.1,3.22752e+09
37.4,32.2,3.26598e+09
37.4,32.3,3.30476e+09
37.4,32.4,3.34384e+09
37.4,32.5,3.38324e+09
37.4,32.6,3.42295e+09
37.4,32.7,3.46297e+09
37.4,32.8,3.50331e+09
37.4,32.9,3.54396e+09
37.4,33,3.58493e+09
37.4,33.1,3.62622e+09
37.4,33.2,3.66783e+09
37.4,33.3,3.70977e+09
37.4,33.4,3.75203e+09
37.4,33.5,3.79461e+09
37.4,33.6,3.83752e+09
37.4,33.7,3.88076e+09
37.4,33.8,3.92433e+09
37.4,33.9,3.96823e+09
37.4,34,4.01246e+09
37.4,34.1,4.05703e+09
37.4,34.2,4.10193e+09
37.4,34.3,4.14717e+09
37.4,34.4,4.19275e+09
37.4,34.5,4.23867e+09
37.4,34.6,4.28493e+09
37.4,34.7,4.33153e+09
37.4,34.8,4.37847e+09
37.4,34.9,4.42577e+09
37.4,35,4.47341e+09
37.4,35.1,4.5214e+09
37.4,35.2,4.56973e+09
37.4,35.3,4.61843e+09
37.4,35.4,4.66747e+09
37.4,35.5,4.71687e+09
37.4,35.6,4.76663e+09
37.4,35.7,4.81674e+09
37.4,35.8,4.86721e+09
37.4,35.9,4.91805e+09
37.4,36,4.96924e+09
37.4,36.1,5.02081e+09
37.4,36.2,5.07273e+09
37.4,36.3,5.12503e+09
37.4,36.4,5.17769e+09
37.4,36.5,5.23072e+09
37.4,36.6,5.28412e+09
37.4,36.7,5.3379e+09
37.4,36.8,5.39205e+09
37.4,36.9,5.44658e+09
37.4,37,5.50149e+09
37.4,37.1,5.55677e+09
37.4,37.2,5.61244e+09
37.4,37.3,5.66849e+09
37.4,37.4,5.72492e+09
37.4,37.5,5.76188e+09
37.4,37.6,5.79901e+09
37.4,37.7,5.83631e+09
37.4,37.8,5.87378e+09
37.4,37.9,5.91143e+09
37.4,38,5.94925e+09
37.4,38.1,5.98725e+09
37.4,38.2,6.02542e+09
37.4,38.3,6.06377e+09
37.4,38.4,6.10229e+09
37.4,38.5,6.14099e+09
37.4,38.6,6.17987e+09
37.4,38.7,6.21892e+09
37.4,38.8,6.25816e+09
37.4,38.9,6.29757e+09
37.4,39,6.33716e+09
37.4,39.1,6.37693e+09
37.4,39.2,6.41688e+09
37.4,39.3,6.45702e+09
37.4,39.4,6.49733e+09
37.4,39.5,6.53783e+09
37.4,39.6,6.5785e+09
37.4,39.7,6.61937e+09
37.4,39.8,6.66041e+09
37.4,39.9,6.70164e+09
37.5,20,2.36119e+08
37.5,20.1,2.46154e+08
37.5,20.2,2.56432e+08
37.5,20.3,2.66954e+08
37.5,20.4,2.77723e+08
37.5,20.5,2.88741e+08
37.5,20.6,3.00009e+08
37.5,20.7,3.1153e+08
37.5,20.8,3.23306e+08
37.5,20.9,3.35339e+08
37.5,21,3.47631e+08
37.5,21.1,3.60184e+08
37.5,21.2,3.73e+08
37.5,21.3,3.86082e+08
37.5,21.4,3.9943e+08
37.5,21.5,4.13049e+08
37.5,21.6,4.26939e+08
37.5,21.7,4.41102e+08
37.5,21.8,4.55542e+08
37.5,21.9,4.7026e+08
37.5,22,4.85258e+08
37.5,22.1,5.00538e+08
37.5,22.2,5.16103e+08
37.5,22.3,5.31954e+08
37.5,22.4,5.48094e+08
37.5,22.5,5.64526e+08
37.5,22.6,5.8125e+08
37.5,22.7,5.9827e+08
37.5,22.8,6.15588e+08
37.5,22.9,6.33205e+08
37.5,23,6.51125e+08
37.5,23.1,6.69349e+08
37.5,23.2,6.87879e+08
37.5,23.3,7.06718e+08
37.5,23.4,7.25868e+08
37.5,23.5,7.45331e+08
37.5,23.6,7.6511e+08
37.5,23.7,7.85207e+08
37.5,23.8,8.05623e+08
37.5,23.9,8.26362e+08
37.5,24,8.47425e+08
37.5,24.1,8.68815e+08
37.5,24.2,8.90535e+08
37.5,24.3,9.12585e+08
37.5,24.4,9.3497e+08
37.5,24.5,9.57691e+08
37.5,24.6,9.8075e+08
37.5,24.7,1.00415e+09
37.5,24.8,1.02789e+09
37.5,24.9,1.05198e+09
37.5,25,1.07642e+09
37.5,25.1,1.1012e+09
37.5,25.2,1.12634e+09
37.5,25.3,1.15183e+09
37.5,25.4,1.17768e+09
37.5,25.5,1.20389e+09
37.5,25.6,1.23047e+09
37.5,25.7,1.2574e+09
37.5,25.8,1.28471e+09
37.5,25.9,1.31238e+09
37.5,26,1.34042e+09
37.5,26.1,1.36884e+09
37.5,26.2,1.39763e+09
37.5,26.3,1.42681e+09
37.5,26.4,1.45636e+09
37.5,26.5,1.4863e+09
37.5,26.6,1.51662e+09
37.5,26.7,1.54734e+09
37.5,26.8,1.57844e+09
37.5,26.9,1.60994e+09
37.5,27,1.64183e+09
37.5,27.1,1.67412e+09
37.5,27.2,1.70682e+09
37.5,27.3,1.73991e+09
37.5,27.4,1.74008e+09
37.5,27.5,1.79919e+09
37.5,27.6,1.82521e+09
37.5,27.7,1.85147e+09
37.5,27.8,1.87799e+09
37.5,27.9,1.90475e+09
37.5,28,1.93177e+09
37.5,28.1,1.95903e+09
37.5,28.2,1.98655e+09
37.5,28.3,2.01433e+09
37.5,28.4,2.04236e+09
37.5,28.5,2.07064e+09
37.5,28.6,2.09919e+09
37.5,28.7,2.128e+09
37.5,28.8,2.15706e+09
37.5,28.9,2.18639e+09
37.5,29,2.21599e+09
37.5,29.1,2.24584e+09
37.5,29.2,2.27597e+09
37.5,29.3,2.30636e+09
37.5,29.4,2.33702e+09
37.5,29.5,2.36795e+09
37.5,29.6,2.39916e+09
37.5,29.7,2.43063e+09
37.5,29.8,2.46239e+09
37.5,29.9,2.49441e+09
37.5,30,2.52672e+09
37.5,30.1,2.5593e+09
37.5,30.2,2.59216e+09
37.5,30.3,2.6253e+09
37.5,30.4,2.65873e+09
37.5,30.5,2.69244e+09
37.5,30.6,2.72644e+09
37.5,30.7,2.76072e+09
37.5,30.8,2.79529e+09
37.5,30.9,2.83015e+09
37.5,31,2.8653e+09
37.5,31.1,2.90074e+09
37.5,31.2,2.93647e+09
37.5,31.3,2.9725e+09
37.5,31.4,3.00883e+09
37.5,31.5,3.04546e+09
37.5,31.6,3.08238e+09
37.5,31.7,3.1196e+09
37.5,31.8,3.15713e+09
37.5,31.9,3.19496e+09
37.5,32,3.23309e+09
37.5,32.1,3.27153e+09
37.5,32.2,3.31028e+09
37.5,32.3,3.34934e+09
37.5,32.4,3.3887e+09
37.5,32.5,3.42838e+09
37.5,32.6,3.46837e+09
37.5,32.7,3.50868e+09
37.5,32.8,3.5493e+09
37.5,32.9,3.59024e+09
37.5,33,3.6315e+09
37.5,33.1,3.67308e+09
37.5,33.2,3.71498e+09
37.5,33.3,3.7572e+09
37.5,33.4,3.79975e+09
37.5,33.5,3.84263e+09
37.5,33.6,3.88583e+09
37.5,33.7,3.92936e+09
37.5,33.8,3.97322e+09
37.5,33.9,4.01742e+09
37.5,34,4.06194e+09
37.5,34.1,4.10681e+09
37.5,34.2,4.15201e+09
37.5,34.3,4.19754e+09
37.5,34.4,4.24342e+09
37.5,34.5,4.28963e+09
37.5,34.6,4.33619e+09
37.5,34.7,4.38309e+09
37.5,34.8,4.43034e+09
37.5,34.9,4.47794e+09
37.5,35,4.52588e+09
37.5,35.1,4.57417e+09
37.5,35.2,4.62282e+09
37.5,35.3,4.67181e+09
37.5,35.4,4.72116e+09
37.5,35.5,4.77087e+09
37.5,35.6,4.82093e+09
37.5,35.7,4.87135e+09
37.5,35.8,4.92214e+09
37.5,35.9,4.97328e+09
37.5,36,5.02479e+09
37.5,36.1,5.07666e+09
37.5,36.2,5.1289e+09
37.5,36.3,5.18151e+09
37.5,36.4,5.23448e+09
37.5,36.5,5.28783e+09
37.5,36.6,5.34155e+09
37.5,36.7,5.39564e+09
37.5,36.8,5.45011e+09
37.5,36.9,5.50496e+09
37.5,37,5.56018e+09
37.5,37.1,5.61579e+09
37.5,37.2,5.67178e+09
37.5,37.3,5.72815e+09
37.5,37.4,5.7849e+09
37.5,37.5,5.84204e+09
37.5,37.6,5.87946e+09
37.5,37.7,5.91704e+09
37.5,37.8,5.9548e+09
37.5,37.9,5.99273e+09
37.5,38,6.03084e+09
37.5,38.1,6.06912e+09
37.5,38.2,6.10758e+09
37.5,38.3,6.14622e+09
37.5,38.4,6.18503e+09
37.5,38.5,6.22402e+09
37.5,38.6,6.26318e+09
37.5,38.7,6.30253e+09
37.5,38.8,6.34205e+09
37.5,38.9,6.38175e+09
37.5,39,6.42164e+09
37.5,39.1,6.4617e+09
37.5,39.2,6.50194e+09
37.5,39.3,6.54237e+09
37.5,39.4,6.58298e+09
37.5,39.5,6.62377e+09
37.5,39.6,6.66474e+09
37.5,39.7,6.7059e+09
37.5,39.8,6.74724e+09
37.5,39.9,6.78876e+09
37.6,20,2.47488e+08
37.6,20.1,2.57766e+08
37.6,20.2,2.68286e+08
37.6,20.3,2.79053e+08
37.6,20.4,2.90067e+08
37.6,20.5,3.0133e+08
37.6,20.6,3.12845e+08
37.6,20.7,3.24615e+08
37.6,20.8,3.36639e+08
37.6,20.9,3.48922e+08
37.6,21,3.61465e+08
37.6,21.1,3.7427e+08
37.6,21.2,3.87339e+08
37.6,21.3,4.00674e+08
37.6,21.4,4.14278e+08
37.6,21.5,4.28152e+08
37.6,21.6,4.42299e+08
37.6,21.7,4.56721e+08
37.6,21.8,4.7142e+08
37.6,21.9,4.86397e+08
37.6,22,5.01656e+08
37.6,22.1,5.17199e+08
37.6,22.2,5.33026e+08
37.6,22.3,5.49142e+08
37.6,22.4,5.65547e+08
37.6,22.5,5.82245e+08
37.6,22.6,5.99236e+08
37.6,22.7,6.16525e+08
37.6,22.8,6.34111e+08
37.6,22.9,6.51999e+08
37.6,23,6.7019e+08
37.6,23.1,6.88686e+08
37.6,23.2,7.07489e+08
37.6,23.3,7.26603e+08
37.6,23.4,7.46028e+08
37.6,23.5,7.65768e+08
37.6,23.6,7.85824e+08
37.6,23.7,8.06199e+08
37.6,23.8,8.26894e+08
37.6,23.9,8.47914e+08
37.6,24,8.69259e+08
37.6,24.1,8.90931e+08
37.6,24.2,9.12934e+08
37.6,24.3,9.3527e+08
37.6,24.4,9.5794e+08
37.6,24.5,9.80947e+08
37.6,24.6,1.00429e+09
37.6,24.7,1.02798e+09
37.6,24.8,1.05201e+09
37.6,24.9,1.07639e+09
37.6,25,1.10112e+09
37.6,25.1,1.1262e+09
37.6,25.2,1.15163e+09
37.6,25.3,1.17742e+09
37.6,25.4,1.20357e+09
37.6,25.5,1.23007e+09
37.6,25.6,1.25695e+09
37.6,25.7,1.28418e+09
37.6,25.8,1.31178e+09
37.6,25.9,1.33976e+09
37.6,26,1.3681e+09
37.6,26.1,1.39683e+09
37.6,26.2,1.42592e+09
37.6,26.3,1.4554e+09
37.6,26.4,1.48526e+09
37.6,26.5,1.51551e+09
37.6,26.6,1.54614e+09
37.6,26.7,1.57716e+09
37.6,26.8,1.60858e+09
37.6,26.9,1.64039e+09
37.6,27,1.6726e+09
37.6,27.1,1.7052e+09
37.6,27.2,1.73821e+09
37.6,27.3,1.77162e+09
37.6,27.4,1.7718e+09
37.6,27.5,1.83146e+09
37.6,27.6,1.85773e+09
37.6,27.7,1.88424e+09
37.6,27.8,1.911e+09
37.6,27.9,1.93802e+09
37.6,28,1.96528e+09
37.6,28.1,1.9928e+09
37.6,28.2,2.02057e+09
37.6,28.3,2.04859e+09
37.6,28.4,2.07688e+09
37.6,28.5,2.10542e+09
37.6,28.6,2.13422e+09
37.6,28.7,2.16328e+09
37.6,28.8,2.1926e+09
37.6,28.9,2.22218e+09
37.6,29,2.25203e+09
37.6,29.1,2.28215e+09
37.6,29.2,2.31253e+09
37.6,29.3,2.34319e+09
37.6,29.4,2.37411e+09
37.6,29.5,2.4053e+09
37.6,29.6,2.43676e+09
37.6,29.7,2.4685e+09
37.6,29.8,2.50052e+09
37.6,29.9,2.53281e+09
37.6,30,2.56538e+09
37.6,30.1,2.59822e+09
37.6,30.2,2.63135e+09
37.6,30.3,2.66476e+09
37.6,30.4,2.69846e+09
37.6,30.5,2.73244e+09
37.6,30.6,2.7667e+09
37.6,30.7,2.80125e+09
37.6,30.8,2.83609e+09
37.6,30.9,2.87122e+09
37.6,31,2.90664e+09
37.6,31.1,2.94236e+09
37.6,31.2,2.97837e+09
37.6,31.3,3.01467e+09
37.6,31.4,3.05128e+09
37.6,31.5,3.08818e+09
37.6,31.6,3.12538e+09
37.6,31.7,3.16288e+09
37.6,31.8,3.20068e+09
37.6,31.9,3.23879e+09
37.6,32,3.27721e+09
37.6,32.1,3.31593e+09
37.6,32.2,3.35496e+09
37.6,32.3,3.39429e+09
37.6,32.4,3.43394e+09
37.6,32.5,3.47391e+09
37.6,32.6,3.51418e+09
37.6,32.7,3.55477e+09
37.6,32.8,3.59568e+09
37.6,32.9,3.63691e+09
37.6,33,3.67846e+09
37.6,33.1,3.72032e+09
37.6,33.2,3.76251e+09
37.6,33.3,3.80503e+09
37.6,33.4,3.84787e+09
37.6,33.5,3.89103e+09
37.6,33.6,3.93453e+09
37.6,33.7,3.97835e+09
37.6,33.8,4.02251e+09
37.6,33.9,4.067e+09
37.6,34,4.11182e+09
37.6,34.1,4.15698e+09
37.6,34.2,4.20247e+09
37.6,34.3,4.24831e+09
37.6,34.4,4.29448e+09
37.6,34.5,4.341e+09
37.6,34.6,4.38786e+09
37.6,34.7,4.43506e+09
37.6,34.8,4.48261e+09
37.6,34.9,4.53051e+09
37.6,35,4.57875e+09
37.6,35.1,4.62735e+09
37.6,35.2,4.6763e+09
37.6,35.3,4.7256e+09
37.6,35.4,4.77526e+09
37.6,35.5,4.82527e+09
37.6,35.6,4.87564e+09
37.6,35.7,4.92637e+09
37.6,35.8,4.97747e+09
37.6,35.9,5.02892e+09
37.6,36,5.08074e+09
37.6,36.1,5.13292e+09
37.6,36.2,5.18548e+09
37.6,36.3,5.2384e+09
37.6,36.4,5.29169e+09
37.6,36.5,5.34535e+09
37.6,36.6,5.39939e+09
37.6,36.7,5.4538e+09
37.6,36.8,5.50858e+09
37.6,36.9,5.56375e+09
37.6,37,5.61929e+09
37.6,37.1,5.67522e+09
37.6,37.2,5.73153e+09
37.6,37.3,5.78822e+09
37.6,37.4,5.8453e+09
37.6,37.5,5.90277e+09
37.6,37.6,5.96062e+09
37.6,37.7,5.99849e+09
37.6,37.8,6.03653e+09
37.6,37.9,6.07475e+09
37.6,38,6.11315e+09
37.6,38.1,6.15172e+09
37.6,38.2,6.19046e+09
37.6,38.3,6.22939e+09
37.6,38.4,6.26849e+09
37.6,38.5,6.30777e+09
37.6,38.6,6.34722e+09
37.6,38.7,6.38686e+09
37.6,38.8,6.42667e+09
37.6,38.9,6.46667e+09
37.6,39,6.50684e+09
37.6,39.1,6.5472e+09
37.6,39.2,6.58774e+09
37.6,39.3,6.62845e+09
37.6,39.4,6.66936e+09
37.6,39.5,6.71044e+09
37.6,39.6,6.75171e+09
37.6,39.7,6.79316e+09
37.6,39.8,6.8348e+09
37.6,39.9,6.87662e+09
37.7,20,2.59147e+08
37.7,20.1,2.69667e+08
37.7,20.2,2.80432e+08
37.7,20.3,2.91443e+08
37.7,20.4,3.02702e+08
37.7,20.5,3.14213e+08
37.7,20.6,3.25976e+08
37.7,20.7,3.37993e+08
37.7,20.8,3.50268e+08
37.7,20.9,3.62801e+08
37.7,21,3.75596e+08
37.7,21.1,3.88653e+08
37.7,21.2,4.01976e+08
37.7,21.3,4.15566e+08
37.7,21.4,4.29426e+08
37.7,21.5,4.43557e+08
37.7,21.6,4.57961e+08
37.7,21.7,4.72642e+08
37.7,21.8,4.876e+08
37.7,21.9,5.02839e+08
37.7,22,5.18359e+08
37.7,22.1,5.34164e+08
37.7,22.2,5.50256e+08
37.7,22.3,5.66636e+08
37.7,22.4,5.83308e+08
37.7,22.5,6.00272e+08
37.7,22.6,6.17531e+08
37.7,22.7,6.35088e+08
37.7,22.8,6.52945e+08
37.7,22.9,6.71104e+08
37.7,23,6.89566e+08
37.7,23.1,7.08335e+08
37.7,23.2,7.27413e+08
37.7,23.3,7.46801e+08
37.7,23.4,7.66503e+08
37.7,23.5,7.86519e+08
37.7,23.6,8.06854e+08
37.7,23.7,8.27508e+08
37.7,23.8,8.48484e+08
37.7,23.9,8.69784e+08
37.7,24,8.91411e+08
37.7,24.1,9.13367e+08
37.7,24.2,9.35655e+08
37.7,24.3,9.58275e+08
37.7,24.4,9.81232e+08
37.7,24.5,1.00453e+09
37.7,24.6,1.02816e+09
37.7,24.7,1.05214e+09
37.7,24.8,1.07646e+09
37.7,24.9,1.10113e+09
37.7,25,1.12615e+09
37.7,25.1,1.15153e+09
37.7,25.2,1.17725e+09
37.7,25.3,1.20334e+09
37.7,25.4,1.22978e+09
37.7,25.5,1.25659e+09
37.7,25.6,1.28376e+09
37.7,25.7,1.31129e+09
37.7,25.8,1.3392e+09
37.7,25.9,1.36747e+09
37.7,26,1.39612e+09
37.7,26.1,1.42515e+09
37.7,26.2,1.45455e+09
37.7,26.3,1.48434e+09
37.7,26.4,1.5145e+09
37.7,26.5,1.54506e+09
37.7,26.6,1.576e+09
37.7,26.7,1.60733e+09
37.7,26.8,1.63906e+09
37.7,26.9,1.67118e+09
37.7,27,1.7037e+09
37.7,27.1,1.73662e+09
37.7,27.2,1.76995e+09
37.7,27.3,1.80368e+09
37.7,27.4,1.80388e+09
37.7,27.5,1.86408e+09
37.7,27.6,1.8906e+09
37.7,27.7,1.91736e+09
37.7,27.8,1.94437e+09
37.7,27.9,1.97163e+09
37.7,28,1.99914e+09
37.7,28.1,2.02691e+09
37.7,28.2,2.05493e+09
37.7,28.3,2.08321e+09
37.7,28.4,2.11175e+09
37.7,28.5,2.14054e+09
37.7,28.6,2.1696e+09
37.7,28.7,2.19891e+09
37.7,28.8,2.22849e+09
37.7,28.9,2.25833e+09
37.7,29,2.28844e+09
37.7,29.1,2.31882e+09
37.7,29.2,2.34946e+09
37.7,29.3,2.38037e+09
37.7,29.4,2.41155e+09
37.7,29.5,2.44301e+09
37.7,29.6,2.47473e+09
37.7,29.7,2.50674e+09
37.7,29.8,2.53901e+09
37.7,29.9,2.57157e+09
37.7,30,2.6044e+09
37.7,30.1,2.63752e+09
37.7,30.2,2.67091e+09
37.7,30.3,2.70459e+09
37.7,30.4,2.73855e+09
37.7,30.5,2.7728e+09
37.7,30.6,2.80733e+09
37.7,30.7,2.84216e+09
37.7,30.8,2.87727e+09
37.7,30.9,2.91267e+09
37.7,31,2.94837e+09
37.7,31.1,2.98435e+09
37.7,31.2,3.02064e+09
37.7,31.3,3.05722e+09
37.7,31.4,3.0941e+09
37.7,31.5,3.13127e+09
37.7,31.6,3.16875e+09
37.7,31.7,3.20653e+09
37.7,31.8,3.24461e+09
37.7,31.9,3.283e+09
37.7,32,3.3217e+09
37.7,32.1,3.3607e+09
37.7,32.2,3.40001e+09
37.7,32.3,3.43963e+09
37.7,32.4,3.47957e+09
37.7,32.5,3.51981e+09
37.7,32.6,3.56037e+09
37.7,32.7,3.60125e+09
37.7,32.8,3.64245e+09
37.7,32.9,3.68396e+09
37.7,33,3.7258e+09
37.7,33.1,3.76795e+09
37.7,33.2,3.81043e+09
37.7,33.3,3.85324e+09
37.7,33.4,3.89637e+09
37.7,33.5,3.93983e+09
37.7,33.6,3.98362e+09
37.7,33.7,4.02773e+09
37.7,33.8,4.07218e+09
37.7,33.9,4.11697e+09
37.7,34,4.16209e+09
37.7,34.1,4.20754e+09
37.7,34.2,4.25334e+09
37.7,34.3,4.29947e+09
37.7,34.4,4.34594e+09
37.7,34.5,4.39276e+09
37.7,34.6,4.43992e+09
37.7,34.7,4.48743e+09
37.7,34.8,4.53528e+09
37.7,34.9,4.58348e+09
37.7,35,4.63203e+09
37.7,35.1,4.68093e+09
37.7,35.2,4.73018e+09
37.7,35.3,4.77979e+09
37.7,35.4,4.82976e+09
37.7,35.5,4.88008e+09
37.7,35.6,4.93076e+09
37.7,35.7,4.9818e+09
37.7,35.8,5.0332e+09
37.7,35.9,5.08497e+09
37.7,36,5.1371e+09
37.7,36.1,5.1896e+09
37.7,36.2,5.24247e+09
37.7,36.3,5.2957e+09
37.7,36.4,5.34931e+09
37.7,36.5,5.40329e+09
37.7,36.6,5.45764e+09
37.7,36.7,5.51237e+09
37.7,36.8,5.56747e+09
37.7,36.9,5.62296e+09
37.7,37,5.67882e+09
37.7,37.1,5.73507e+09
37.7,37.2,5.7917e+09
37.7,37.3,5.84872e+09
37.7,37.4,5.90612e+09
37.7,37.5,5.96391e+09
37.7,37.6,6.02209e+09
37.7,37.7,6.08066e+09
37.7,37.8,6.11899e+09
37.7,37.9,6.1575e+09
37.7,38,6.19618e+09
37.7,38.1,6.23504e+09
37.7,38.2,6.27407e+09
37.7,38.3,6.31328e+09
37.7,38.4,6.35267e+09
37.7,38.5,6.39224e+09
37.7,38.6,6.43199e+09
37.7,38.7,6.47192e+09
37.7,38.8,6.51202e+09
37.7,38.9,6.55231e+09
37.7,39,6.59278e+09
37.7,39.1,6.63343e+09
37.7,39.2,6.67426e+09
37.7,39.3,6.71527e+09
37.7,39.4,6.75647e+09
37.7,39.5,6.79785e+09
37.7,39.6,6.83942e+09
37.7,39.7,6.88117e+09
37.7,39.8,6.9231e+09
37.7,39.9,6.96522e+09
37.8,20,2.71098e+08
37.8,20.1,2.81861e+08
37.8,20.2,2.9287e+08
37.8,20.3,3.04127e+08
37.8,20.4,3.15633e+08
37.8,20.5,3.2739e+08
37.8,20.6,3.39402e+08
37.8,20.7,3.51669e+08
37.8,20.8,3.64194e+08
37.8,20.9,3.76978e+08
37.8,21,3.90025e+08
37.8,21.1,4.03336e+08
37.8,21.2,4.16914e+08
37.8,21.3,4.30759e+08
37.8,21.4,4.44875e+08
37.8,21.5,4.59263e+08
37.8,21.6,4.73926e+08
37.8,21.7,4.88866e+08
37.8,21.8,5.04085e+08
37.8,21.9,5.19585e+08
37.8,22,5.35368e+08
37.8,22.1,5.51437e+08
37.8,22.2,5.67793e+08
37.8,22.3,5.84439e+08
37.8,22.4,6.01377e+08
37.8,22.5,6.18609e+08
37.8,22.6,6.36137e+08
37.8,22.7,6.53963e+08
37.8,22.8,6.72091e+08
37.8,22.9,6.90521e+08
37.8,23,7.09256e+08
37.8,23.1,7.28299e+08
37.8,23.2,7.47651e+08
37.8,23.3,7.67316e+08
37.8,23.4,7.87294e+08
37.8,23.5,8.07588e+08
37.8,23.6,8.28201e+08
37.8,23.7,8.49135e+08
37.8,23.8,8.70392e+08
37.8,23.9,8.91975e+08
37.8,24,9.13885e+08
37.8,24.1,9.36125e+08
37.8,24.2,9.58697e+08
37.8,24.3,9.81604e+08
37.8,24.4,1.00485e+09
37.8,24.5,1.02843e+09
37.8,24.6,1.05236e+09
37.8,24.7,1.07662e+09
37.8,24.8,1.10124e+09
37.8,24.9,1.1262e+09
37.8,25,1.15152e+09
37.8,25.1,1.17718e+09
37.8,25.2,1.20321e+09
37.8,25.3,1.22959e+09
37.8,25.4,1.25633e+09
37.8,25.5,1.28343e+09
37.8,25.6,1.3109e+09
37.8,25.7,1.33874e+09
37.8,25.8,1.36694e+09
37.8,25.9,1.39552e+09
37.8,26,1.42447e+09
37.8,26.1,1.45381e+09
37.8,26.2,1.48352e+09
37.8,26.3,1.51361e+09
37.8,26.4,1.54408e+09
37.8,26.5,1.57495e+09
37.8,26.6,1.6062e+09
37.8,26.7,1.63785e+09
37.8,26.8,1.66988e+09
37.8,26.9,1.70232e+09
37.8,27,1.73516e+09
37.8,27.1,1.76839e+09
37.8,27.2,1.80203e+09
37.8,27.3,1.83608e+09
37.8,27.4,1.8363e+09
37.8,27.5,1.89705e+09
37.8,27.6,1.92381e+09
37.8,27.7,1.95082e+09
37.8,27.8,1.97808e+09
37.8,27.9,2.00559e+09
37.8,28,2.03336e+09
37.8,28.1,2.06138e+09
37.8,28.2,2.08965e+09
37.8,28.3,2.11819e+09
37.8,28.4,2.14697e+09
37.8,28.5,2.17602e+09
37.8,28.6,2.20533e+09
37.8,28.7,2.23491e+09
37.8,28.8,2.26474e+09
37.8,28.9,2.29484e+09
37.8,29,2.32521e+09
37.8,29.1,2.35584e+09
37.8,29.2,2.38674e+09
37.8,29.3,2.41792e+09
37.8,29.4,2.44936e+09
37.8,29.5,2.48108e+09
37.8,29.6,2.51307e+09
37.8,29.7,2.54533e+09
37.8,29.8,2.57787e+09
37.8,29.9,2.61069e+09
37.8,30,2.64379e+09
37.8,30.1,2.67718e+09
37.8,30.2,2.71084e+09
37.8,30.3,2.74478e+09
37.8,30.4,2.77902e+09
37.8,30.5,2.81353e+09
37.8,30.6,2.84834e+09
37.8,30.7,2.88343e+09
37.8,30.8,2.91881e+09
37.8,30.9,2.95449e+09
37.8,31,2.99046e+09
37.8,31.1,3.02672e+09
37.8,31.2,3.06328e+09
37.8,31.3,3.10014e+09
37.8,31.4,3.13729e+09
37.8,31.5,3.17475e+09
37.8,31.6,3.2125e+09
37.8,31.7,3.25056e+09
37.8,31.8,3.28893e+09
37.8,31.9,3.32759e+09
37.8,32,3.36657e+09
37.8,32.1,3.40585e+09
37.8,32.2,3.44545e+09
37.8,32.3,3.48535e+09
37.8,32.4,3.52557e+09
37.8,32.5,3.5661e+09
37.8,32.6,3.60695e+09
37.8,32.7,3.64812e+09
37.8,32.8,3.6896e+09
37.8,32.9,3.7314e+09
37.8,33,3.77353e+09
37.8,33.1,3.81597e+09
37.8,33.2,3.85874e+09
37.8,33.3,3.90184e+09
37.8,33.4,3.94526e+09
37.8,33.5,3.98902e+09
37.8,33.6,4.0331e+09
37.8,33.7,4.07751e+09
37.8,33.8,4.12226e+09
37.8,33.9,4.16734e+09
37.8,34,4.21275e+09
37.8,34.1,4.25851e+09
37.8,34.2,4.3046e+09
37.8,34.3,4.35103e+09
37.8,34.4,4.39781e+09
37.8,34.5,4.44492e+09
37.8,34.6,4.49238e+09
37.8,34.7,4.54019e+09
37.8,34.8,4.58835e+09
37.8,34.9,4.63685e+09
37.8,35,4.68571e+09
37.8,35.1,4.73492e+09
37.8,35.2,4.78448e+09
37.8,35.3,4.83439e+09
37.8,35.4,4.88467e+09
37.8,35.5,4.9353e+09
37.8,35.6,4.98629e+09
37.8,35.7,5.03764e+09
37.8,35.8,5.08935e+09
37.8,35.9,5.14143e+09
37.8,36,5.19388e+09
37.8,36.1,5.24669e+09
37.8,36.2,5.29987e+09
37.8,36.3,5.35342e+09
37.8,36.4,5.40734e+09
37.8,36.5,5.46164e+09
37.8,36.6,5.51631e+09
37.8,36.7,5.57136e+09
37.8,36.8,5.62678e+09
37.8,36.9,5.68259e+09
37.8,37,5.73877e+09
37.8,37.1,5.79534e+09
37.8,37.2,5.85229e+09
37.8,37.3,5.90963e+09
37.8,37.4,5.96736e+09
37.8,37.5,6.02547e+09
37.8,37.6,6.08398e+09
37.8,37.7,6.14288e+09
37.8,37.8,6.20217e+09
37.8,37.9,6.24096e+09
37.8,38,6.27993e+09
37.8,38.1,6.31908e+09
37.8,38.2,6.35841e+09
37.8,38.3,6.39791e+09
37.8,38.4,6.43759e+09
37.8,38.5,6.47745e+09
37.8,38.6,6.51749e+09
37.8,38.7,6.55771e+09
37.8,38.8,6.59811e+09
37.8,38.9,6.63869e+09
37.8,39,6.67945e+09
37.8,39.1,6.72039e+09
37.8,39.2,6.76152e+09
37.8,39.3,6.80283e+09
37.8,39.4,6.84432e+09
37.8,39.5,6.886e+09
37.8,39.6,6.92786e+09
37.8,39.7,6.96991e+09
37.8,39.8,7.01214e+09
37.8,39.9,7.05456e+09
37.9,20,2.83341e+08
37.9,20.1,2.94349e+08
37.9,20.2,3.05603e+08
37.9,20.3,3.17105e+08
37.9,20.4,3.28859e+08
37.9,20.5,3.40864e+08
37.9,20.6,3.53125e+08
37.9,20.7,3.65642e+08
37.9,20.8,3.78418e+08
37.9,20.9,3.91455e+08
37.9,21,4.04755e+08
37.9,21.1,4.1832e+08
37.9,21.2,4.32152e+08
37.9,21.3,4.46254e+08
37.9,21.4,4.60627e+08
37.9,21.5,4.75274e+08
37.9,21.6,4.90196e+08
37.9,21.7,5.05396e+08
37.9,21.8,5.20876e+08
37.9,21.9,5.36638e+08
37.9,22,5.52685e+08
37.9,22.1,5.69017e+08
37.9,22.2,5.85639e+08
37.9,22.3,6.02551e+08
37.9,22.4,6.19756e+08
37.9,22.5,6.37256e+08
37.9,22.6,6.55054e+08
37.9,22.7,6.73151e+08
37.9,22.8,6.9155e+08
37.9,22.9,7.10252e+08
37.9,23,7.29261e+08
37.9,23.1,7.48578e+08
37.9,23.2,7.68206e+08
37.9,23.3,7.88147e+08
37.9,23.4,8.08403e+08
37.9,23.5,8.28976e+08
37.9,23.6,8.49869e+08
37.9,23.7,8.71083e+08
37.9,23.8,8.92622e+08
37.9,23.9,9.14487e+08
37.9,24,9.36681e+08
37.9,24.1,9.59206e+08
37.9,24.2,9.82064e+08
37.9,24.3,1.00526e+09
37.9,24.4,1.02879e+09
37.9,24.5,1.05266e+09
37.9,24.6,1.07688e+09
37.9,24.7,1.10144e+09
37.9,24.8,1.12634e+09
37.9,24.9,1.1516e+09
37.9,25,1.17721e+09
37.9,25.1,1.20317e+09
37.9,25.2,1.22949e+09
37.9,25.3,1.25617e+09
37.9,25.4,1.28321e+09
37.9,25.5,1.31061e+09
37.9,25.6,1.33838e+09
37.9,25.7,1.36652e+09
37.9,25.8,1.39503e+09
37.9,25.9,1.42391e+09
37.9,26,1.45317e+09
37.9,26.1,1.4828e+09
37.9,26.2,1.51282e+09
37.9,26.3,1.54322e+09
37.9,26.4,1.57401e+09
37.9,26.5,1.60518e+09
37.9,26.6,1.63674e+09
37.9,26.7,1.6687e+09
37.9,26.8,1.70105e+09
37.9,26.9,1.7338e+09
37.9,27,1.76695e+09
37.9,27.1,1.80051e+09
37.9,27.2,1.83447e+09
37.9,27.3,1.86883e+09
37.9,27.4,1.86906e+09
37.9,27.5,1.93037e+09
37.9,27.6,1.95738e+09
37.9,27.7,1.98464e+09
37.9,27.8,2.01215e+09
37.9,27.9,2.03991e+09
37.9,28,2.06793e+09
37.9,28.1,2.0962e+09
37.9,28.2,2.12473e+09
37.9,28.3,2.15351e+09
37.9,28.4,2.18256e+09
37.9,28.5,2.21186e+09
37.9,28.6,2.24143e+09
37.9,28.7,2.27126e+09
37.9,28.8,2.30135e+09
37.9,28.9,2.33171e+09
37.9,29,2.36233e+09
37.9,29.1,2.39323e+09
37.9,29.2,2.42439e+09
37.9,29.3,2.45582e+09
37.9,29.4,2.48753e+09
37.9,29.5,2.51951e+09
37.9,29.6,2.55176e+09
37.9,29.7,2.58429e+09
37.9,29.8,2.6171e+09
37.9,29.9,2.65019e+09
37.9,30,2.68355e+09
37.9,30.1,2.7172e+09
37.9,30.2,2.75113e+09
37.9,30.3,2.78535e+09
37.9,30.4,2.81985e+09
37.9,30.5,2.85464e+09
37.9,30.6,2.88971e+09
37.9,30.7,2.92508e+09
37.9,30.8,2.96074e+09
37.9,30.9,2.99669e+09
37.9,31,3.03293e+09
37.9,31.1,3.06947e+09
37.9,31.2,3.1063e+09
37.9,31.3,3.14343e+09
37.9,31.4,3.18087e+09
37.9,31.5,3.2186e+09
37.9,31.6,3.25664e+09
37.9,31.7,3.29497e+09
37.9,31.8,3.33362e+09
37.9,31.9,3.37257e+09
37.9,32,3.41183e+09
37.9,32.1,3.45139e+09
37.9,32.2,3.49127e+09
37.9,32.3,3.53146e+09
37.9,32.4,3.57196e+09
37.9,32.5,3.61278e+09
37.9,32.6,3.65392e+09
37.9,32.7,3.69537e+09
37.9,32.8,3.73714e+09
37.9,32.9,3.77923e+09
37.9,33,3.82165e+09
37.9,33.1,3.86438e+09
37.9,33.2,3.90745e+09
37.9,33.3,3.95083e+09
37.9,33.4,3.99455e+09
37.9,33.5,4.0386e+09
37.9,33.6,4.08297e+09
37.9,33.7,4.12768e+09
37.9,33.8,4.17272e+09
37.9,33.9,4.2181e+09
37.9,34,4.26382e+09
37.9,34.1,4.30987e+09
37.9,34.2,4.35626e+09
37.9,34.3,4.40299e+09
37.9,34.4,4.45007e+09
37.9,34.5,4.49749e+09
37.9,34.6,4.54525e+09
37.9,34.7,4.59336e+09
37.9,34.8,4.64182e+09
37.9,34.9,4.69063e+09
37.9,35,4.73979e+09
37.9,35.1,4.78931e+09
37.9,35.2,4.83917e+09
37.9,35.3,4.8894e+09
37.9,35.4,4.93998e+09
37.9,35.5,4.99092e+09
37.9,35.6,5.04222e+09
37.9,35.7,5.09389e+09
37.9,35.8,5.14591e+09
37.9,35.9,5.1983e+09
37.9,36,5.25106e+09
37.9,36.1,5.30419e+09
37.9,36.2,5.35768e+09
37.9,36.3,5.41155e+09
37.9,36.4,5.46579e+09
37.9,36.5,5.5204e+09
37.9,36.6,5.57539e+09
37.9,36.7,5.63076e+09
37.9,36.8,5.68651e+09
37.9,36.9,5.74263e+09
37.9,37,5.79914e+09
37.9,37.1,5.85603e+09
37.9,37.2,5.91331e+09
37.9,37.3,5.97097e+09
37.9,37.4,6.02902e+09
37.9,37.5,6.08747e+09
37.9,37.6,6.1463e+09
37.9,37.7,6.20552e+09
37.9,37.8,6.26514e+09
37.9,37.9,6.32516e+09
37.9,38,6.36442e+09
37.9,38.1,6.40386e+09
37.9,38.2,6.44347e+09
37.9,38.3,6.48327e+09
37.9,38.4,6.52324e+09
37.9,38.5,6.56339e+09
37.9,38.6,6.60372e+09
37.9,38.7,6.64423e+09
37.9,38.8,6.68493e+09
37.9,38.9,6.7258e+09
37.9,39,6.76686e+09
37.9,39.1,6.8081e+09
37.9,39.2,6.84952e+09
37.9,39.3,6.89113e+09
37.9,39.4,6.93292e+09
37.9,39.5,6.97489e+09
37.9,39.6,7.01705e+09
37.9,39.7,7.0594e+09
37.9,39.8,7.10193e+09
37.9,39.9,7.14465e+09
38,20,2.95879e+08
38,20.1,3.07132e+08
38,20.2,3.18632e+08
38,20.3,3.30381e+08
38,20.4,3.42382e+08
38,20.5,3.54636e+08
38,20.6,3.67147e+08
38,20.7,3.79915e+08
38,20.8,3.92942e+08
38,20.9,4.06232e+08
38,21,4.19786e+08
38,21.1,4.33606e+08
38,21.2,4.47694e+08
38,21.3,4.62053e+08
38,21.4,4.76684e+08
38,21.5,4.91589e+08
38,21.6,5.06771e+08
38,21.7,5.22232e+08
38,21.8,5.37974e+08
38,21.9,5.53999e+08
38,22,5.7031e+08
38,22.1,5.86908e+08
38,22.2,6.03795e+08
38,22.3,6.20974e+08
38,22.4,6.38447e+08
38,22.5,6.56217e+08
38,22.6,6.74284e+08
38,22.7,6.92653e+08
38,22.8,7.11324e+08
38,22.9,7.30299e+08
38,23,7.49582e+08
38,23.1,7.69175e+08
38,23.2,7.89079e+08
38,23.3,8.09297e+08
38,23.4,8.29831e+08
38,23.5,8.50684e+08
38,23.6,8.71857e+08
38,23.7,8.93353e+08
38,23.8,9.15174e+08
38,23.9,9.37323e+08
38,24,9.59802e+08
38,24.1,9.82612e+08
38,24.2,1.00576e+09
38,24.3,1.02924e+09
38,24.4,1.05306e+09
38,24.5,1.07722e+09
38,24.6,1.10173e+09
38,24.7,1.12658e+09
38,24.8,1.15178e+09
38,24.9,1.17733e+09
38,25,1.20323e+09
38,25.1,1.22949e+09
38,25.2,1.25611e+09
38,25.3,1.28308e+09
38,25.4,1.31042e+09
38,25.5,1.33812e+09
38,25.6,1.3662e+09
38,25.7,1.39464e+09
38,25.8,1.42345e+09
38,25.9,1.45264e+09
38,26,1.4822e+09
38,26.1,1.51214e+09
38,26.2,1.54247e+09
38,26.3,1.57318e+09
38,26.4,1.60427e+09
38,26.5,1.63576e+09
38,26.6,1.66763e+09
38,26.7,1.6999e+09
38,26.8,1.73257e+09
38,26.9,1.76563e+09
38,27,1.7991e+09
38,27.1,1.83297e+09
38,27.2,1.86725e+09
38,27.3,1.90194e+09
38,27.4,1.90218e+09
38,27.5,1.96404e+09
38,27.6,1.9913e+09
38,27.7,2.01881e+09
38,27.8,2.04657e+09
38,27.9,2.07459e+09
38,28,2.10285e+09
38,28.1,2.13138e+09
38,28.2,2.16016e+09
38,28.3,2.1892e+09
38,28.4,2.2185e+09
38,28.5,2.24806e+09
38,28.6,2.27788e+09
38,28.7,2.30797e+09
38,28.8,2.33832e+09
38,28.9,2.36894e+09
38,29,2.39982e+09
38,29.1,2.43098e+09
38,29.2,2.4624e+09
38,29.3,2.4941e+09
38,29.4,2.52607e+09
38,29.5,2.55831e+09
38,29.6,2.59083e+09
38,29.7,2.62362e+09
38,29.8,2.6567e+09
38,29.9,2.69005e+09
38,30,2.72368e+09
38,30.1,2.7576e+09
38,30.2,2.7918e+09
38,30.3,2.82629e+09
38,30.4,2.86106e+09
38,30.5,2.89612e+09
38,30.6,2.93146e+09
38,30.7,2.9671e+09
38,30.8,3.00303e+09
38,30.9,3.03926e+09
38,31,3.07577e+09
38,31.1,3.11259e+09
38,31.2,3.1497e+09
38,31.3,3.18711e+09
38,31.4,3.22482e+09
38,31.5,3.26283e+09
38,31.6,3.30115e+09
38,31.7,3.33977e+09
38,31.8,3.37869e+09
38,31.9,3.41793e+09
38,32,3.45747e+09
38,32.1,3.49732e+09
38,32.2,3.53748e+09
38,32.3,3.57795e+09
38,32.4,3.61874e+09
38,32.5,3.65985e+09
38,32.6,3.70127e+09
38,32.7,3.74301e+09
38,32.8,3.78507e+09
38,32.9,3.82745e+09
38,33,3.87016e+09
38,33.1,3.91319e+09
38,33.2,3.95654e+09
38,33.3,4.00022e+09
38,33.4,4.04423e+09
38,33.5,4.08857e+09
38,33.6,4.13325e+09
38,33.7,4.17825e+09
38,33.8,4.22359e+09
38,33.9,4.26927e+09
38,34,4.31528e+09
38,34.1,4.36163e+09
38,34.2,4.40832e+09
38,34.3,4.45535e+09
38,34.4,4.50273e+09
38,34.5,4.55045e+09
38,34.6,4.59852e+09
38,34.7,4.64694e+09
38,34.8,4.6957e+09
38,34.9,4.74482e+09
38,35,4.79428e+09
38,35.1,4.84411e+09
38,35.2,4.89428e+09
38,35.3,4.94482e+09
38,35.4,4.99571e+09
38,35.5,5.04696e+09
38,35.6,5.09857e+09
38,35.7,5.15055e+09
38,35.8,5.20289e+09
38,35.9,5.25559e+09
38,36,5.30866e+09
38,36.1,5.36211e+09
38,36.2,5.41592e+09
38,36.3,5.4701e+09
38,36.4,5.52466e+09
38,36.5,5.57959e+09
38,36.6,5.6349e+09
38,36.7,5.69059e+09
38,36.8,5.74665e+09
38,36.9,5.8031e+09
38,37,5.85993e+09
38,37.1,5.91715e+09
38,37.2,5.97475e+09
38,37.3,6.03274e+09
38,37.4,6.09112e+09
38,37.5,6.14988e+09
38,37.6,6.20904e+09
38,37.7,6.2686e+09
38,37.8,6.32855e+09
38,37.9,6.38889e+09
38,38,6.44964e+09
38,38.1,6.48937e+09
38,38.2,6.52927e+09
38,38.3,6.56936e+09
38,38.4,6.60962e+09
38,38.5,6.65007e+09
38,38.6,6.69069e+09
38,38.7,6.7315e+09
38,38.8,6.77249e+09
38,38.9,6.81366e+09
38,39,6.85501e+09
38,39.1,6.89655e+09
38,39.2,6.93827e+09
38,39.3,6.98017e+09
38,39.4,7.02226e+09
38,39.5,7.06453e+09
38,39.6,7.10699e+09
38,39.7,7.14964e+09
38,39.8,7.19247e+09
38,39.9,7.23549e+09
38.1,20,3.08713e+08
38.1,20.1,3.20211e+08
38.1,20.2,3.31958e+08
38.1,20.3,3.43954e+08
38.1,20.4,3.56204e+08
38.1,20.5,3.68708e+08
38.1,20.6,3.81469e+08
38.1,20.7,3.94488e+08
38.1,20.8,4.07769e+08
38.1,20.9,4.21312e+08
38.1,21,4.35121e+08
38.1,21.1,4.49196e+08
38.1,21.2,4.63541e+08
38.1,21.3,4.78157e+08
38.1,21.4,4.93046e+08
38.1,21.5,5.08212e+08
38.1,21.6,5.23654e+08
38.1,21.7,5.39377e+08
38.1,21.8,5.55382e+08
38.1,21.9,5.71671e+08
38.1,22,5.88246e+08
38.1,22.1,6.05109e+08
38.1,22.2,6.22263e+08
38.1,22.3,6.3971e+08
38.1,22.4,6.57452e+08
38.1,22.5,6.75491e+08
38.1,22.6,6.9383e+08
38.1,22.7,7.1247e+08
38.1,22.8,7.31414e+08
38.1,22.9,7.50664e+08
38.1,23,7.70222e+08
38.1,23.1,7.9009e+08
38.1,23.2,8.10271e+08
38.1,23.3,8.30768e+08
38.1,23.4,8.51581e+08
38.1,23.5,8.72714e+08
38.1,23.6,8.94168e+08
38.1,23.7,9.15946e+08
38.1,23.8,9.38051e+08
38.1,23.9,9.60484e+08
38.1,24,9.83248e+08
38.1,24.1,1.00634e+09
38.1,24.2,1.02978e+09
38.1,24.3,1.05355e+09
38.1,24.4,1.07766e+09
38.1,24.5,1.10211e+09
38.1,24.6,1.12691e+09
38.1,24.7,1.15205e+09
38.1,24.8,1.17754e+09
38.1,24.9,1.20339e+09
38.1,25,1.22959e+09
38.1,25.1,1.25614e+09
38.1,25.2,1.28306e+09
38.1,25.3,1.31033e+09
38.1,25.4,1.33797e+09
38.1,25.5,1.36598e+09
38.1,25.6,1.39435e+09
38.1,25.7,1.42309e+09
38.1,25.8,1.45221e+09
38.1,25.9,1.4817e+09
38.1,26,1.51157e+09
38.1,26.1,1.54182e+09
38.1,26.2,1.57246e+09
38.1,26.3,1.60347e+09
38.1,26.4,1.63488e+09
38.1,26.5,1.66668e+09
38.1,26.6,1.69887e+09
38.1,26.7,1.73145e+09
38.1,26.8,1.76443e+09
38.1,26.9,1.79781e+09
38.1,27,1.8316e+09
38.1,27.1,1.86579e+09
38.1,27.2,1.90038e+09
38.1,27.3,1.93539e+09
38.1,27.4,1.93566e+09
38.1,27.5,1.99807e+09
38.1,27.6,2.02558e+09
38.1,27.7,2.05334e+09
38.1,27.8,2.08135e+09
38.1,27.9,2.10962e+09
38.1,28,2.13814e+09
38.1,28.1,2.16692e+09
38.1,28.2,2.19595e+09
38.1,28.3,2.22525e+09
38.1,28.4,2.2548e+09
38.1,28.5,2.28462e+09
38.1,28.6,2.3147e+09
38.1,28.7,2.34504e+09
38.1,28.8,2.37566e+09
38.1,28.9,2.40653e+09
38.1,29,2.43768e+09
38.1,29.1,2.46909e+09
38.1,29.2,2.50078e+09
38.1,29.3,2.53274e+09
38.1,29.4,2.56497e+09
38.1,29.5,2.59748e+09
38.1,29.6,2.63026e+09
38.1,29.7,2.66332e+09
38.1,29.8,2.69666e+09
38.1,29.9,2.73028e+09
38.1,30,2.76419e+09
38.1,30.1,2.79837e+09
38.1,30.2,2.83284e+09
38.1,30.3,2.8676e+09
38.1,30.4,2.90264e+09
38.1,30.5,2.93797e+09
38.1,30.6,2.97359e+09
38.1,30.7,3.0095e+09
38.1,30.8,3.04571e+09
38.1,30.9,3.08221e+09
38.1,31,3.119e+09
38.1,31.1,3.15609e+09
38.1,31.2,3.19348e+09
38.1,31.3,3.23117e+09
38.1,31.4,3.26916e+09
38.1,31.5,3.30745e+09
38.1,31.6,3.34604e+09
38.1,31.7,3.38495e+09
38.1,31.8,3.42415e+09
38.1,31.9,3.46367e+09
38.1,32,3.50349e+09
38.1,32.1,3.54363e+09
38.1,32.2,3.58407e+09
38.1,32.3,3.62484e+09
38.1,32.4,3.66591e+09
38.1,32.5,3.7073e+09
38.1,32.6,3.74901e+09
38.1,32.7,3.79104e+09
38.1,32.8,3.83339e+09
38.1,32.9,3.87607e+09
38.1,33,3.91906e+09
38.1,33.1,3.96238e+09
38.1,33.2,4.00603e+09
38.1,33.3,4.05001e+09
38.1,33.4,4.09431e+09
38.1,33.5,4.13895e+09
38.1,33.6,4.18392e+09
38.1,33.7,4.22922e+09
38.1,33.8,4.27485e+09
38.1,33.9,4.32083e+09
38.1,34,4.36714e+09
38.1,34.1,4.41379e+09
38.1,34.2,4.46078e+09
38.1,34.3,4.50812e+09
38.1,34.4,4.5558e+09
38.1,34.5,4.60382e+09
38.1,34.6,4.6522e+09
38.1,34.7,4.70092e+09
38.1,34.8,4.74999e+09
38.1,34.9,4.79941e+09
38.1,35,4.84918e+09
38.1,35.1,4.89931e+09
38.1,35.2,4.9498e+09
38.1,35.3,5.00064e+09
38.1,35.4,5.05184e+09
38.1,35.5,5.10341e+09
38.1,35.6,5.15533e+09
38.1,35.7,5.20762e+09
38.1,35.8,5.26027e+09
38.1,35.9,5.31329e+09
38.1,36,5.36668e+09
38.1,36.1,5.42044e+09
38.1,36.2,5.47457e+09
38.1,36.3,5.52907e+09
38.1,36.4,5.58395e+09
38.1,36.5,5.6392e+09
38.1,36.6,5.69483e+09
38.1,36.7,5.75084e+09
38.1,36.8,5.80722e+09
38.1,36.9,5.864e+09
38.1,37,5.92115e+09
38.1,37.1,5.97869e+09
38.1,37.2,6.03662e+09
38.1,37.3,6.09493e+09
38.1,37.4,6.15363e+09
38.1,37.5,6.21273e+09
38.1,37.6,6.27222e+09
38.1,37.7,6.3321e+09
38.1,37.8,6.39238e+09
38.1,37.9,6.45306e+09
38.1,38,6.51413e+09
38.1,38.1,6.57561e+09
38.1,38.2,6.61581e+09
38.1,38.3,6.65619e+09
38.1,38.4,6.69675e+09
38.1,38.5,6.73749e+09
38.1,38.6,6.77841e+09
38.1,38.7,6.81951e+09
38.1,38.8,6.86079e+09
38.1,38.9,6.90226e+09
38.1,39,6.94391e+09
38.1,39.1,6.98574e+09
38.1,39.2,7.02776e+09
38.1,39.3,7.06996e+09
38.1,39.4,7.11235e+09
38.1,39.5,7.15492e+09
38.1,39.6,7.19768e+09
38.1,39.7,7.24062e+09
38.1,39.8,7.28376e+09
38.1,39.9,7.32708e+09
38.2,20,3.21845e+08
38.2,20.1,3.33589e+08
38.2,20.2,3.45583e+08
38.2,20.3,3.57828e+08
38.2,20.4,3.70326e+08
38.2,20.5,3.83081e+08
38.2,20.6,3.96093e+08
38.2,20.7,4.09365e+08
38.2,20.8,4.22898e+08
38.2,20.9,4.36696e+08
38.2,21,4.5076e+08
38.2,21.1,4.65091e+08
38.2,21.2,4.79694e+08
38.2,21.3,4.94568e+08
38.2,21.4,5.09717e+08
38.2,21.5,5.25142e+08
38.2,21.6,5.40847e+08
38.2,21.7,5.56832e+08
38.2,21.8,5.731e+08
38.2,21.9,5.89653e+08
38.2,22,6.06494e+08
38.2,22.1,6.23624e+08
38.2,22.2,6.41045e+08
38.2,22.3,6.58761e+08
38.2,22.4,6.76772e+08
38.2,22.5,6.95082e+08
38.2,22.6,7.13692e+08
38.2,22.7,7.32605e+08
38.2,22.8,7.51822e+08
38.2,22.9,7.71347e+08
38.2,23,7.91181e+08
38.2,23.1,8.11326e+08
38.2,23.2,8.31785e+08
38.2,23.3,8.5256e+08
38.2,23.4,8.73653e+08
38.2,23.5,8.95067e+08
38.2,23.6,9.16803e+08
38.2,23.7,9.38864e+08
38.2,23.8,9.61253e+08
38.2,23.9,9.83971e+08
38.2,24,1.00702e+09
38.2,24.1,1.0304e+09
38.2,24.2,1.05413e+09
38.2,24.3,1.07818e+09
38.2,24.4,1.10259e+09
38.2,24.5,1.12733e+09
38.2,24.6,1.15242e+09
38.2,24.7,1.17786e+09
38.2,24.8,1.20364e+09
38.2,24.9,1.22978e+09
38.2,25,1.25628e+09
38.2,25.1,1.28313e+09
38.2,25.2,1.31035e+09
38.2,25.3,1.33792e+09
38.2,25.4,1.36586e+09
38.2,25.5,1.39417e+09
38.2,25.6,1.42284e+09
38.2,25.7,1.45189e+09
38.2,25.8,1.48131e+09
38.2,25.9,1.51111e+09
38.2,26,1.54129e+09
38.2,26.1,1.57185e+09
38.2,26.2,1.60279e+09
38.2,26.3,1.63412e+09
38.2,26.4,1.66584e+09
38.2,26.5,1.69795e+09
38.2,26.6,1.73045e+09
38.2,26.7,1.76335e+09
38.2,26.8,1.79664e+09
38.2,26.9,1.83034e+09
38.2,27,1.86445e+09
38.2,27.1,1.89895e+09
38.2,27.2,1.93387e+09
38.2,27.3,1.9692e+09
38.2,27.4,1.96948e+09
38.2,27.5,2.03245e+09
38.2,27.6,2.06021e+09
38.2,27.7,2.08822e+09
38.2,27.8,2.11648e+09
38.2,27.9,2.145e+09
38.2,28,2.17378e+09
38.2,28.1,2.20281e+09
38.2,28.2,2.2321e+09
38.2,28.3,2.26165e+09
38.2,28.4,2.29147e+09
38.2,28.5,2.32154e+09
38.2,28.6,2.35188e+09
38.2,28.7,2.38248e+09
38.2,28.8,2.41335e+09
38.2,28.9,2.44449e+09
38.2,29,2.4759e+09
38.2,29.1,2.50757e+09
38.2,29.2,2.53952e+09
38.2,29.3,2.57175e+09
38.2,29.4,2.60424e+09
38.2,29.5,2.63701e+09
38.2,29.6,2.67006e+09
38.2,29.7,2.70339e+09
38.2,29.8,2.737e+09
38.2,29.9,2.77089e+09
38.2,30,2.80506e+09
38.2,30.1,2.83951e+09
38.2,30.2,2.87425e+09
38.2,30.3,2.90928e+09
38.2,30.4,2.94459e+09
38.2,30.5,2.9802e+09
38.2,30.6,3.01609e+09
38.2,30.7,3.05228e+09
38.2,30.8,3.08876e+09
38.2,30.9,3.12553e+09
38.2,31,3.1626e+09
38.2,31.1,3.19997e+09
38.2,31.2,3.23764e+09
38.2,31.3,3.27561e+09
38.2,31.4,3.31388e+09
38.2,31.5,3.35245e+09
38.2,31.6,3.39133e+09
38.2,31.7,3.43051e+09
38.2,31.8,3.47e+09
38.2,31.9,3.5098e+09
38.2,32,3.54991e+09
38.2,32.1,3.59033e+09
38.2,32.2,3.63106e+09
38.2,32.3,3.67211e+09
38.2,32.4,3.71347e+09
38.2,32.5,3.75515e+09
38.2,32.6,3.79715e+09
38.2,32.7,3.83947e+09
38.2,32.8,3.88211e+09
38.2,32.9,3.92507e+09
38.2,33,3.96836e+09
38.2,33.1,4.01198e+09
38.2,33.2,4.05592e+09
38.2,33.3,4.10019e+09
38.2,33.4,4.14479e+09
38.2,33.5,4.18972e+09
38.2,33.6,4.23499e+09
38.2,33.7,4.28059e+09
38.2,33.8,4.32652e+09
38.2,33.9,4.37279e+09
38.2,34,4.41941e+09
38.2,34.1,4.46636e+09
38.2,34.2,4.51365e+09
38.2,34.3,4.56129e+09
38.2,34.4,4.60927e+09
38.2,34.5,4.6576e+09
38.2,34.6,4.70628e+09
38.2,34.7,4.75531e+09
38.2,34.8,4.80468e+09
38.2,34.9,4.85441e+09
38.2,35,4.9045e+09
38.2,35.1,4.95493e+09
38.2,35.2,5.00573e+09
38.2,35.3,5.05688e+09
38.2,35.4,5.1084e+09
38.2,35.5,5.16027e+09
38.2,35.6,5.21251e+09
38.2,35.7,5.26511e+09
38.2,35.8,5.31808e+09
38.2,35.9,5.37141e+09
38.2,36,5.42512e+09
38.2,36.1,5.47919e+09
38.2,36.2,5.53364e+09
38.2,36.3,5.58846e+09
38.2,36.4,5.64366e+09
38.2,36.5,5.69923e+09
38.2,36.6,5.75518e+09
38.2,36.7,5.81151e+09
38.2,36.8,5.86822e+09
38.2,36.9,5.92531e+09
38.2,37,5.98279e+09
38.2,37.1,6.04066e+09
38.2,37.2,6.09891e+09
38.2,37.3,6.15755e+09
38.2,37.4,6.21658e+09
38.2,37.5,6.27601e+09
38.2,37.6,6.33582e+09
38.2,37.7,6.39604e+09
38.2,37.8,6.45665e+09
38.2,37.9,6.51766e+09
38.2,38,6.57907e+09
38.2,38.1,6.64088e+09
38.2,38.2,6.70309e+09
38.2,38.3,6.74376e+09
38.2,38.4,6.78462e+09
38.2,38.5,6.82565e+09
38.2,38.6,6.86686e+09
38.2,38.7,6.90826e+09
38.2,38.8,6.94984e+09
38.2,38.9,6.9916e+09
38.2,39,7.03355e+09
38.2,39.1,7.07568e+09
38.2,39.2,7.118e+09
38.2,39.3,7.1605e+09
38.2,39.4,7.20319e+09
38.2,39.5,7.24606e+09
38.2,39.6,7.28912e+09
38.2,39.7,7.33237e+09
38.2,39.8,7.3758e+09
38.2,39.9,7.41943e+09
38.3,20,3.35276e+08
38.3,20.1,3.47267e+08
38.3,20.2,3.59508e+08
38.3,20.3,3.72002e+08
38.3,20.4,3.84751e+08
38.3,20.5,3.97756e+08
38.3,20.6,4.1102e+08
38.3,20.7,4.24545e+08
38.3,20.8,4.38333e+08
38.3,20.9,4.52385e+08
38.3,21,4.66705e+08
38.3,21.1,4.81294e+08
38.3,21.2,4.96154e+08
38.3,21.3,5.11288e+08
38.3,21.4,5.26697e+08
38.3,21.5,5.42383e+08
38.3,21.6,5.58349e+08
38.3,21.7,5.74598e+08
38.3,21.8,5.9113e+08
38.3,21.9,6.07948e+08
38.3,22,6.25055e+08
38.3,22.1,6.42452e+08
38.3,22.2,6.60142e+08
38.3,22.3,6.78127e+08
38.3,22.4,6.96409e+08
38.3,22.5,7.1499e+08
38.3,22.6,7.33872e+08
38.3,22.7,7.53058e+08
38.3,22.8,7.7255e+08
38.3,22.9,7.9235e+08
38.3,23,8.12461e+08
38.3,23.1,8.32884e+08
38.3,23.2,8.53621e+08
38.3,23.3,8.74676e+08
38.3,23.4,8.96049e+08
38.3,23.5,9.17745e+08
38.3,23.6,9.39764e+08
38.3,23.7,9.62109e+08
38.3,23.8,9.84782e+08
38.3,23.9,1.00779e+09
38.3,24,1.03112e+09
38.3,24.1,1.05479e+09
38.3,24.2,1.0788e+09
38.3,24.3,1.10315e+09
38.3,24.4,1.12785e+09
38.3,24.5,1.15288e+09
38.3,24.6,1.17826e+09
38.3,24.7,1.204e+09
38.3,24.8,1.23008e+09
38.3,24.9,1.25652e+09
38.3,25,1.28331e+09
38.3,25.1,1.31046e+09
38.3,25.2,1.33797e+09
38.3,25.3,1.36585e+09
38.3,25.4,1.39409e+09
38.3,25.5,1.4227e+09
38.3,25.6,1.45168e+09
38.3,25.7,1.48103e+09
38.3,25.8,1.51076e+09
38.3,25.9,1.54086e+09
38.3,26,1.57135e+09
38.3,26.1,1.60222e+09
38.3,26.2,1.63347e+09
38.3,26.3,1.66511e+09
38.3,26.4,1.69714e+09
38.3,26.5,1.72956e+09
38.3,26.6,1.76238e+09
38.3,26.7,1.79559e+09
38.3,26.8,1.82921e+09
38.3,26.9,1.86322e+09
38.3,27,1.89765e+09
38.3,27.1,1.93247e+09
38.3,27.2,1.96771e+09
38.3,27.3,2.00336e+09
38.3,27.4,2.00366e+09
38.3,27.5,2.06718e+09
38.3,27.6,2.09519e+09
38.3,27.7,2.12346e+09
38.3,27.8,2.15198e+09
38.3,27.9,2.18075e+09
38.3,28,2.20978e+09
38.3,28.1,2.23907e+09
38.3,28.2,2.26861e+09
38.3,28.3,2.29842e+09
38.3,28.4,2.32849e+09
38.3,28.5,2.35882e+09
38.3,28.6,2.38942e+09
38.3,28.7,2.42029e+09
38.3,28.8,2.45142e+09
38.3,28.9,2.48282e+09
38.3,29,2.51448e+09
38.3,29.1,2.54642e+09
38.3,29.2,2.57864e+09
38.3,29.3,2.61112e+09
38.3,29.4,2.64388e+09
38.3,29.5,2.67692e+09
38.3,29.6,2.71024e+09
38.3,29.7,2.74383e+09
38.3,29.8,2.77771e+09
38.3,29.9,2.81187e+09
38.3,30,2.84631e+09
38.3,30.1,2.88103e+09
38.3,30.2,2.91604e+09
38.3,30.3,2.95134e+09
38.3,30.4,2.98693e+09
38.3,30.5,3.02281e+09
38.3,30.6,3.05897e+09
38.3,30.7,3.09544e+09
38.3,30.8,3.13219e+09
38.3,30.9,3.16924e+09
38.3,31,3.20659e+09
38.3,31.1,3.24424e+09
38.3,31.2,3.28218e+09
38.3,31.3,3.32043e+09
38.3,31.4,3.35898e+09
38.3,31.5,3.39783e+09
38.3,31.6,3.43699e+09
38.3,31.7,3.47646e+09
38.3,31.8,3.51623e+09
38.3,31.9,3.55631e+09
38.3,32,3.59671e+09
38.3,32.1,3.63741e+09
38.3,32.2,3.67843e+09
38.3,32.3,3.71977e+09
38.3,32.4,3.76142e+09
38.3,32.5,3.80339e+09
38.3,32.6,3.84568e+09
38.3,32.7,3.88829e+09
38.3,32.8,3.93122e+09
38.3,32.9,3.97448e+09
38.3,33,4.01806e+09
38.3,33.1,4.06197e+09
38.3,33.2,4.1062e+09
38.3,33.3,4.15077e+09
38.3,33.4,4.19566e+09
38.3,33.5,4.24089e+09
38.3,33.6,4.28646e+09
38.3,33.7,4.33235e+09
38.3,33.8,4.37859e+09
38.3,33.9,4.42516e+09
38.3,34,4.47208e+09
38.3,34.1,4.51933e+09
38.3,34.2,4.56693e+09
38.3,34.3,4.61487e+09
38.3,34.4,4.66315e+09
38.3,34.5,4.71179e+09
38.3,34.6,4.76077e+09
38.3,34.7,4.8101e+09
38.3,34.8,4.85979e+09
38.3,34.9,4.90983e+09
38.3,35,4.96022e+09
38.3,35.1,5.01097e+09
38.3,35.2,5.06207e+09
38.3,35.3,5.11354e+09
38.3,35.4,5.16536e+09
38.3,35.5,5.21755e+09
38.3,35.6,5.2701e+09
38.3,35.7,5.32302e+09
38.3,35.8,5.3763e+09
38.3,35.9,5.42995e+09
38.3,36,5.48397e+09
38.3,36.1,5.53837e+09
38.3,36.2,5.59313e+09
38.3,36.3,5.64827e+09
38.3,36.4,5.70379e+09
38.3,36.5,5.75968e+09
38.3,36.6,5.81595e+09
38.3,36.7,5.87261e+09
38.3,36.8,5.92964e+09
38.3,36.9,5.98706e+09
38.3,37,6.04486e+09
38.3,37.1,6.10305e+09
38.3,37.2,6.16163e+09
38.3,37.3,6.2206e+09
38.3,37.4,6.27996e+09
38.3,37.5,6.33972e+09
38.3,37.6,6.39986e+09
38.3,37.7,6.46041e+09
38.3,37.8,6.52135e+09
38.3,37.9,6.58269e+09
38.3,38,6.64443e+09
38.3,38.1,6.70658e+09
38.3,38.2,6.76913e+09
38.3,38.3,6.83208e+09
38.3,38.4,6.87323e+09
38.3,38.5,6.91456e+09
38.3,38.6,6.95607e+09
38.3,38.7,6.99776e+09
38.3,38.8,7.03964e+09
38.3,38.9,7.0817e+09
38.3,39,7.12395e+09
38.3,39.1,7.16638e+09
38.3,39.2,7.20899e+09
38.3,39.3,7.25179e+09
38.3,39.4,7.29478e+09
38.3,39.5,7.33796e+09
38.3,39.6,7.38132e+09
38.3,39.7,7.42487e+09
38.3,39.8,7.46861e+09
38.3,39.9,7.51253e+09
38.4,20,3.49007e+08
38.4,20.1,3.61246e+08
38.4,20.2,3.73736e+08
38.4,20.3,3.8648e+08
38.4,20.4,3.99479e+08
38.4,20.5,4.12736e+08
38.4,20.6,4.26253e+08
38.4,20.7,4.40031e+08
38.4,20.8,4.54074e+08
38.4,20.9,4.68382e+08
38.4,21,4.82958e+08
38.4,21.1,4.97805e+08
38.4,21.2,5.12924e+08
38.4,21.3,5.28317e+08
38.4,21.4,5.43987e+08
38.4,21.5,5.59935e+08
38.4,21.6,5.76165e+08
38.4,21.7,5.92677e+08
38.4,21.8,6.09474e+08
38.4,21.9,6.26558e+08
38.4,22,6.43932e+08
38.4,22.1,6.61597e+08
38.4,22.2,6.79556e+08
38.4,22.3,6.97811e+08
38.4,22.4,7.16364e+08
38.4,22.5,7.35217e+08
38.4,22.6,7.54372e+08
38.4,22.7,7.73833e+08
38.4,22.8,7.936e+08
38.4,22.9,8.13676e+08
38.4,23,8.34063e+08
38.4,23.1,8.54765e+08
38.4,23.2,8.75781e+08
38.4,23.3,8.97116e+08
38.4,23.4,9.18771e+08
38.4,23.5,9.40749e+08
38.4,23.6,9.63052e+08
38.4,23.7,9.85681e+08
38.4,23.8,1.00864e+09
38.4,23.9,1.03193e+09
38.4,24,1.05556e+09
38.4,24.1,1.07952e+09
38.4,24.2,1.10382e+09
38.4,24.3,1.12846e+09
38.4,24.4,1.15344e+09
38.4,24.5,1.17877e+09
38.4,24.6,1.20444e+09
38.4,24.7,1.23047e+09
38.4,24.8,1.25685e+09
38.4,24.9,1.28358e+09
38.4,25,1.31068e+09
38.4,25.1,1.33813e+09
38.4,25.2,1.36594e+09
38.4,25.3,1.39412e+09
38.4,25.4,1.42266e+09
38.4,25.5,1.45157e+09
38.4,25.6,1.48086e+09
38.4,25.7,1.51052e+09
38.4,25.8,1.54055e+09
38.4,25.9,1.57096e+09
38.4,26,1.60176e+09
38.4,26.1,1.63293e+09
38.4,26.2,1.6645e+09
38.4,26.3,1.69645e+09
38.4,26.4,1.72879e+09
38.4,26.5,1.76153e+09
38.4,26.6,1.79466e+09
38.4,26.7,1.82819e+09
38.4,26.8,1.86213e+09
38.4,26.9,1.89646e+09
38.4,27,1.9312e+09
38.4,27.1,1.96635e+09
38.4,27.2,2.00191e+09
38.4,27.3,2.03788e+09
38.4,27.4,2.0382e+09
38.4,27.5,2.10228e+09
38.4,27.6,2.13054e+09
38.4,27.7,2.15906e+09
38.4,27.8,2.18783e+09
38.4,27.9,2.21686e+09
38.4,28,2.24614e+09
38.4,28.1,2.27569e+09
38.4,28.2,2.30549e+09
38.4,28.3,2.33555e+09
38.4,28.4,2.36588e+09
38.4,28.5,2.39647e+09
38.4,28.6,2.42733e+09
38.4,28.7,2.45846e+09
38.4,28.8,2.48985e+09
38.4,28.9,2.52151e+09
38.4,29,2.55344e+09
38.4,29.1,2.58564e+09
38.4,29.2,2.61812e+09
38.4,29.3,2.65087e+09
38.4,29.4,2.6839e+09
38.4,29.5,2.7172e+09
38.4,29.6,2.75079e+09
38.4,29.7,2.78465e+09
38.4,29.8,2.81879e+09
38.4,29.9,2.85322e+09
38.4,30,2.88793e+09
38.4,30.1,2.92293e+09
38.4,30.2,2.95821e+09
38.4,30.3,2.99378e+09
38.4,30.4,3.02964e+09
38.4,30.5,3.06579e+09
38.4,30.6,3.10224e+09
38.4,30.7,3.13897e+09
38.4,30.8,3.17601e+09
38.4,30.9,3.21333e+09
38.4,31,3.25096e+09
38.4,31.1,3.28889e+09
38.4,31.2,3.32711e+09
38.4,31.3,3.36564e+09
38.4,31.4,3.40447e+09
38.4,31.5,3.44361e+09
38.4,31.6,3.48305e+09
38.4,31.7,3.5228e+09
38.4,31.8,3.56285e+09
38.4,31.9,3.60322e+09
38.4,32,3.6439e+09
38.4,32.1,3.68489e+09
38.4,32.2,3.7262e+09
38.4,32.3,3.76782e+09
38.4,32.4,3.80977e+09
38.4,32.5,3.85202e+09
38.4,32.6,3.8946e+09
38.4,32.7,3.93751e+09
38.4,32.8,3.98073e+09
38.4,32.9,4.02428e+09
38.4,33,4.06815e+09
38.4,33.1,4.11236e+09
38.4,33.2,4.15689e+09
38.4,33.3,4.20175e+09
38.4,33.4,4.24694e+09
38.4,33.5,4.29247e+09
38.4,33.6,4.33833e+09
38.4,33.7,4.38453e+09
38.4,33.8,4.43106e+09
38.4,33.9,4.47794e+09
38.4,34,4.52515e+09
38.4,34.1,4.57271e+09
38.4,34.2,4.62061e+09
38.4,34.3,4.66885e+09
38.4,34.4,4.71745e+09
38.4,34.5,4.76638e+09
38.4,34.6,4.81567e+09
38.4,34.7,4.86531e+09
38.4,34.8,4.91531e+09
38.4,34.9,4.96565e+09
38.4,35,5.01635e+09
38.4,35.1,5.06741e+09
38.4,35.2,5.11883e+09
38.4,35.3,5.17061e+09
38.4,35.4,5.22275e+09
38.4,35.5,5.27525e+09
38.4,35.6,5.32811e+09
38.4,35.7,5.38134e+09
38.4,35.8,5.43494e+09
38.4,35.9,5.48891e+09
38.4,36,5.54325e+09
38.4,36.1,5.59796e+09
38.4,36.2,5.65305e+09
38.4,36.3,5.70851e+09
38.4,36.4,5.76434e+09
38.4,36.5,5.82056e+09
38.4,36.6,5.87715e+09
38.4,36.7,5.93413e+09
38.4,36.8,5.99149e+09
38.4,36.9,6.04923e+09
38.4,37,6.10736e+09
38.4,37.1,6.16588e+09
38.4,37.2,6.22479e+09
38.4,37.3,6.28408e+09
38.4,37.4,6.34377e+09
38.4,37.5,6.40386e+09
38.4,37.6,6.46434e+09
38.4,37.7,6.52521e+09
38.4,37.8,6.58649e+09
38.4,37.9,6.64816e+09
38.4,38,6.71024e+09
38.4,38.1,6.77272e+09
38.4,38.2,6.8356e+09
38.4,38.3,6.89889e+09
38.4,38.4,6.96259e+09
38.4,38.5,7.00422e+09
38.4,38.6,7.04603e+09
38.4,38.7,7.08802e+09
38.4,38.8,7.1302e+09
38.4,38.9,7.17255e+09
38.4,39,7.2151e+09
38.4,39.1,7.25783e+09
38.4,39.2,7.30075e+09
38.4,39.3,7.34385e+09
38.4,39.4,7.38714e+09
38.4,39.5,7.43061e+09
38.4,39.6,7.47428e+09
38.4,39.7,7.51813e+09
38.4,39.8,7.56217e+09
38.4,39.9,7.6064e+09
38.5,20,3.63041e+08
38.5,20.1,3.75528e+08
38.5,20.2,3.88267e+08
38.5,20.3,4.01261e+08
38.5,20.4,4.14512e+08
38.5,20.5,4.28021e+08
38.5,20.6,4.41792e+08
38.5,20.7,4.55825e+08
38.5,20.8,4.70122e+08
38.5,20.9,4.84687e+08
38.5,21,4.99521e+08
38.5,21.1,5.14626e+08
38.5,21.2,5.30005e+08
38.5,21.3,5.45658e+08
38.5,21.4,5.6159e+08
38.5,21.5,5.77801e+08
38.5,21.6,5.94294e+08
38.5,21.7,6.1107e+08
38.5,21.8,6.28133e+08
38.5,21.9,6.45484e+08
38.5,22,6.63125e+08
38.5,22.1,6.81059e+08
38.5,22.2,6.99288e+08
38.5,22.3,7.17814e+08
38.5,22.4,7.36638e+08
38.5,22.5,7.55764e+08
38.5,22.6,7.75194e+08
38.5,22.7,7.94929e+08
38.5,22.8,8.14972e+08
38.5,22.9,8.35325e+08
38.5,23,8.55991e+08
38.5,23.1,8.76971e+08
38.5,23.2,8.98268e+08
38.5,23.3,9.19884e+08
38.5,23.4,9.41821e+08
38.5,23.5,9.64082e+08
38.5,23.6,9.86669e+08
38.5,23.7,1.00958e+09
38.5,23.8,1.03283e+09
38.5,23.9,1.05641e+09
38.5,24,1.08032e+09
38.5,24.1,1.10457e+09
38.5,24.2,1.12916e+09
38.5,24.3,1.15409e+09
38.5,24.4,1.17937e+09
38.5,24.5,1.20499e+09
38.5,24.6,1.23096e+09
38.5,24.7,1.25728e+09
38.5,24.8,1.28396e+09
38.5,24.9,1.31099e+09
38.5,25,1.33838e+09
38.5,25.1,1.36613e+09
38.5,25.2,1.39425e+09
38.5,25.3,1.42273e+09
38.5,25.4,1.45157e+09
38.5,25.5,1.48079e+09
38.5,25.6,1.51038e+09
38.5,25.7,1.54034e+09
38.5,25.8,1.57069e+09
38.5,25.9,1.60141e+09
38.5,26,1.63251e+09
38.5,26.1,1.664e+09
38.5,26.2,1.69588e+09
38.5,26.3,1.72814e+09
38.5,26.4,1.7608e+09
38.5,26.5,1.79385e+09
38.5,26.6,1.8273e+09
38.5,26.7,1.86115e+09
38.5,26.8,1.8954e+09
38.5,26.9,1.93005e+09
38.5,27,1.96511e+09
38.5,27.1,2.00058e+09
38.5,27.2,2.03646e+09
38.5,27.3,2.07276e+09
38.5,27.4,2.0731e+09
38.5,27.5,2.13773e+09
38.5,27.6,2.16625e+09
38.5,27.7,2.19502e+09
38.5,27.8,2.22404e+09
38.5,27.9,2.25333e+09
38.5,28,2.28287e+09
38.5,28.1,2.31267e+09
38.5,28.2,2.34273e+09
38.5,28.3,2.37305e+09
38.5,28.4,2.40364e+09
38.5,28.5,2.43449e+09
38.5,28.6,2.46561e+09
38.5,28.7,2.49699e+09
38.5,28.8,2.52865e+09
38.5,28.9,2.56057e+09
38.5,29,2.59277e+09
38.5,29.1,2.62523e+09
38.5,29.2,2.65798e+09
38.5,29.3,2.69099e+09
38.5,29.4,2.72429e+09
38.5,29.5,2.75786e+09
38.5,29.6,2.79171e+09
38.5,29.7,2.82584e+09
38.5,29.8,2.86025e+09
38.5,29.9,2.89495e+09
38.5,30,2.92993e+09
38.5,30.1,2.9652e+09
38.5,30.2,3.00076e+09
38.5,30.3,3.0366e+09
38.5,30.4,3.07274e+09
38.5,30.5,3.10916e+09
38.5,30.6,3.14588e+09
38.5,30.7,3.1829e+09
38.5,30.8,3.2202e+09
38.5,30.9,3.25781e+09
38.5,31,3.29572e+09
38.5,31.1,3.33392e+09
38.5,31.2,3.37243e+09
38.5,31.3,3.41124e+09
38.5,31.4,3.45035e+09
38.5,31.5,3.48977e+09
38.5,31.6,3.52949e+09
38.5,31.7,3.56952e+09
38.5,31.8,3.60987e+09
38.5,31.9,3.65052e+09
38.5,32,3.69149e+09
38.5,32.1,3.73277e+09
38.5,32.2,3.77436e+09
38.5,32.3,3.81627e+09
38.5,32.4,3.85851e+09
38.5,32.5,3.90106e+09
38.5,32.6,3.94393e+09
38.5,32.7,3.98712e+09
38.5,32.8,4.03064e+09
38.5,32.9,4.07448e+09
38.5,33,4.11865e+09
38.5,33.1,4.16315e+09
38.5,33.2,4.20797e+09
38.5,33.3,4.25313e+09
38.5,33.4,4.29862e+09
38.5,33.5,4.34445e+09
38.5,33.6,4.39061e+09
38.5,33.7,4.43711e+09
38.5,33.8,4.48394e+09
38.5,33.9,4.53112e+09
38.5,34,4.57863e+09
38.5,34.1,4.62649e+09
38.5,34.2,4.6747e+09
38.5,34.3,4.72325e+09
38.5,34.4,4.77215e+09
38.5,34.5,4.82139e+09
38.5,34.6,4.87099e+09
38.5,34.7,4.92094e+09
38.5,34.8,4.97124e+09
38.5,34.9,5.02189e+09
38.5,35,5.07291e+09
38.5,35.1,5.12428e+09
38.5,35.2,5.176e+09
38.5,35.3,5.22809e+09
38.5,35.4,5.28055e+09
38.5,35.5,5.33336e+09
38.5,35.6,5.38654e+09
38.5,35.7,5.44009e+09
38.5,35.8,5.49401e+09
38.5,35.9,5.54829e+09
38.5,36,5.60295e+09
38.5,36.1,5.65798e+09
38.5,36.2,5.71339e+09
38.5,36.3,5.76917e+09
38.5,36.4,5.82533e+09
38.5,36.5,5.88187e+09
38.5,36.6,5.93878e+09
38.5,36.7,5.99608e+09
38.5,36.8,6.05377e+09
38.5,36.9,6.11184e+09
38.5,37,6.17029e+09
38.5,37.1,6.22914e+09
38.5,37.2,6.28837e+09
38.5,37.3,6.348e+09
38.5,37.4,6.40802e+09
38.5,37.5,6.46843e+09
38.5,37.6,6.52924e+09
38.5,37.7,6.59045e+09
38.5,37.8,6.65206e+09
38.5,37.9,6.71407e+09
38.5,38,6.77648e+09
38.5,38.1,6.8393e+09
38.5,38.2,6.90252e+09
38.5,38.3,6.96615e+09
38.5,38.4,7.03018e+09
38.5,38.5,7.09463e+09
38.5,38.6,7.13674e+09
38.5,38.7,7.17903e+09
38.5,38.8,7.22151e+09
38.5,38.9,7.26416e+09
38.5,39,7.30701e+09
38.5,39.1,7.35004e+09
38.5,39.2,7.39326e+09
38.5,39.3,7.43666e+09
38.5,39.4,7.48025e+09
38.5,39.5,7.52403e+09
38.5,39.6,7.568e+09
38.5,39.7,7.61216e+09
38.5,39.8,7.6565e+09
38.5,39.9,7.70104e+09
38.6,20,3.77378e+08
38.6,20.1,3.90114e+08
38.6,20.2,4.03104e+08
38.6,20.3,4.16349e+08
38.6,20.4,4.29852e+08
38.6,20.5,4.43614e+08
38.6,20.6,4.57639e+08
38.6,20.7,4.71927e+08
38.6,20.8,4.86481e+08
38.6,20.9,5.01303e+08
38.6,21,5.16395e+08
38.6,21.1,5.31759e+08
38.6,21.2,5.47398e+08
38.6,21.3,5.63313e+08
38.6,21.4,5.79507e+08
38.6,21.5,5.95981e+08
38.6,21.6,6.12738e+08
38.6,21.7,6.2978e+08
38.6,21.8,6.47109e+08
38.6,21.9,6.64727e+08
38.6,22,6.82637e+08
38.6,22.1,7.00841e+08
38.6,22.2,7.1934e+08
38.6,22.3,7.38137e+08
38.6,22.4,7.57234e+08
38.6,22.5,7.76634e+08
38.6,22.6,7.96338e+08
38.6,22.7,8.16349e+08
38.6,22.8,8.36668e+08
38.6,22.9,8.57299e+08
38.6,23,8.78244e+08
38.6,23.1,8.99503e+08
38.6,23.2,9.21081e+08
38.6,23.3,9.42979e+08
38.6,23.4,9.65199e+08
38.6,23.5,9.87744e+08
38.6,23.6,1.01062e+09
38.6,23.7,1.03382e+09
38.6,23.8,1.05735e+09
38.6,23.9,1.08122e+09
38.6,24,1.10542e+09
38.6,24.1,1.12996e+09
38.6,24.2,1.15484e+09
38.6,24.3,1.18006e+09
38.6,24.4,1.20563e+09
38.6,24.5,1.23155e+09
38.6,24.6,1.25782e+09
38.6,24.7,1.28444e+09
38.6,24.8,1.31141e+09
38.6,24.9,1.33874e+09
38.6,25,1.36643e+09
38.6,25.1,1.39448e+09
38.6,25.2,1.4229e+09
38.6,25.3,1.45168e+09
38.6,25.4,1.48083e+09
38.6,25.5,1.51035e+09
38.6,25.6,1.54025e+09
38.6,25.7,1.57052e+09
38.6,25.8,1.60117e+09
38.6,25.9,1.6322e+09
38.6,26,1.66362e+09
38.6,26.1,1.69542e+09
38.6,26.2,1.7276e+09
38.6,26.3,1.76018e+09
38.6,26.4,1.79316e+09
38.6,26.5,1.82652e+09
38.6,26.6,1.86029e+09
38.6,26.7,1.89445e+09
38.6,26.8,1.92902e+09
38.6,26.9,1.964e+09
38.6,27,1.99938e+09
38.6,27.1,2.03517e+09
38.6,27.2,2.07138e+09
38.6,27.3,2.108e+09
38.6,27.4,2.10835e+09
38.6,27.5,2.17355e+09
38.6,27.6,2.20232e+09
38.6,27.7,2.23134e+09
38.6,27.8,2.26062e+09
38.6,27.9,2.29016e+09
38.6,28,2.31996e+09
38.6,28.1,2.35002e+09
38.6,28.2,2.38034e+09
38.6,28.3,2.41092e+09
38.6,28.4,2.44176e+09
38.6,28.5,2.47288e+09
38.6,28.6,2.50425e+09
38.6,28.7,2.5359e+09
38.6,28.8,2.56782e+09
38.6,28.9,2.6e+09
38.6,29,2.63246e+09
38.6,29.1,2.6652e+09
38.6,29.2,2.6982e+09
38.6,29.3,2.73149e+09
38.6,29.4,2.76505e+09
38.6,29.5,2.79889e+09
38.6,29.6,2.83301e+09
38.6,29.7,2.86741e+09
38.6,29.8,2.90209e+09
38.6,29.9,2.93706e+09
38.6,30,2.97231e+09
38.6,30.1,3.00786e+09
38.6,30.2,3.04368e+09
38.6,30.3,3.0798e+09
38.6,30.4,3.11621e+09
38.6,30.5,3.15291e+09
38.6,30.6,3.18991e+09
38.6,30.7,3.2272e+09
38.6,30.8,3.26479e+09
38.6,30.9,3.30267e+09
38.6,31,3.34086e+09
38.6,31.1,3.37934e+09
38.6,31.2,3.41813e+09
38.6,31.3,3.45722e+09
38.6,31.4,3.49662e+09
38.6,31.5,3.53632e+09
38.6,31.6,3.57633e+09
38.6,31.7,3.61664e+09
38.6,31.8,3.65727e+09
38.6,31.9,3.69821e+09
38.6,32,3.73947e+09
38.6,32.1,3.78104e+09
38.6,32.2,3.82292e+09
38.6,32.3,3.86512e+09
38.6,32.4,3.90764e+09
38.6,32.5,3.95048e+09
38.6,32.6,3.99365e+09
38.6,32.7,4.03713e+09
38.6,32.8,4.08094e+09
38.6,32.9,4.12508e+09
38.6,33,4.16955e+09
38.6,33.1,4.21434e+09
38.6,33.2,4.25946e+09
38.6,33.3,4.30492e+09
38.6,33.4,4.35071e+09
38.6,33.5,4.39683e+09
38.6,33.6,4.44329e+09
38.6,33.7,4.49009e+09
38.6,33.8,4.53723e+09
38.6,33.9,4.58471e+09
38.6,34,4.63253e+09
38.6,34.1,4.68069e+09
38.6,34.2,4.7292e+09
38.6,34.3,4.77806e+09
38.6,34.4,4.82726e+09
38.6,34.5,4.87681e+09
38.6,34.6,4.92672e+09
38.6,34.7,4.97697e+09
38.6,34.8,5.02758e+09
38.6,34.9,5.07855e+09
38.6,35,5.12987e+09
38.6,35.1,5.18156e+09
38.6,35.2,5.2336e+09
38.6,35.3,5.286e+09
38.6,35.4,5.33877e+09
38.6,35.5,5.3919e+09
38.6,35.6,5.4454e+09
38.6,35.7,5.49926e+09
38.6,35.8,5.5535e+09
38.6,35.9,5.6081e+09
38.6,36,5.66308e+09
38.6,36.1,5.71843e+09
38.6,36.2,5.77415e+09
38.6,36.3,5.83026e+09
38.6,36.4,5.88674e+09
38.6,36.5,5.9436e+09
38.6,36.6,6.00084e+09
38.6,36.7,6.05847e+09
38.6,36.8,6.11648e+09
38.6,36.9,6.17487e+09
38.6,37,6.23366e+09
38.6,37.1,6.29283e+09
38.6,37.2,6.3524e+09
38.6,37.3,6.41235e+09
38.6,37.4,6.4727e+09
38.6,37.5,6.53345e+09
38.6,37.6,6.59459e+09
38.6,37.7,6.65613e+09
38.6,37.8,6.71807e+09
38.6,37.9,6.78042e+09
38.6,38,6.84317e+09
38.6,38.1,6.90632e+09
38.6,38.2,6.96988e+09
38.6,38.3,7.03384e+09
38.6,38.4,7.09822e+09
38.6,38.5,7.16301e+09
38.6,38.6,7.22821e+09
38.6,38.7,7.2708e+09
38.6,38.8,7.31358e+09
38.6,38.9,7.35654e+09
38.6,39,7.39968e+09
38.6,39.1,7.44301e+09
38.6,39.2,7.48653e+09
38.6,39.3,7.53024e+09
38.6,39.4,7.57413e+09
38.6,39.5,7.61822e+09
38.6,39.6,7.66249e+09
38.6,39.7,7.70695e+09
38.6,39.8,7.7516e+09
38.6,39.9,7.79645e+09
38.7,20,3.92021e+08
38.7,20.1,4.05007e+08
38.7,20.2,4.18247e+08
38.7,20.3,4.31744e+08
38.7,20.4,4.455e+08
38.7,20.5,4.59516e+08
38.7,20.6,4.73795e+08
38.7,20.7,4.88339e+08
38.7,20.8,5.0315e+08
38.7,20.9,5.1823e+08
38.7,21,5.33581e+08
38.7,21.1,5.49205e+08
38.7,21.2,5.65105e+08
38.7,21.3,5.81282e+08
38.7,21.4,5.97739e+08
38.7,21.5,6.14477e+08
38.7,21.6,6.31499e+08
38.7,21.7,6.48807e+08
38.7,21.8,6.66404e+08
38.7,21.9,6.8429e+08
38.7,22,7.02469e+08
38.7,22.1,7.20943e+08
38.7,22.2,7.39713e+08
38.7,22.3,7.58782e+08
38.7,22.4,7.78153e+08
38.7,22.5,7.97827e+08
38.7,22.6,8.17806e+08
38.7,22.7,8.38094e+08
38.7,22.8,8.58691e+08
38.7,22.9,8.796e+08
38.7,23,9.00824e+08
38.7,23.1,9.22364e+08
38.7,23.2,9.44224e+08
38.7,23.3,9.66404e+08
38.7,23.4,9.88908e+08
38.7,23.5,1.01174e+09
38.7,23.6,1.0349e+09
38.7,23.7,1.05838e+09
38.7,23.8,1.0822e+09
38.7,23.9,1.10636e+09
38.7,24,1.13085e+09
38.7,24.1,1.15568e+09
38.7,24.2,1.18086e+09
38.7,24.3,1.20637e+09
38.7,24.4,1.23224e+09
38.7,24.5,1.25845e+09
38.7,24.6,1.28501e+09
38.7,24.7,1.31193e+09
38.7,24.8,1.3392e+09
38.7,24.9,1.36683e+09
38.7,25,1.39482e+09
38.7,25.1,1.42317e+09
38.7,25.2,1.45189e+09
38.7,25.3,1.48098e+09
38.7,25.4,1.51043e+09
38.7,25.5,1.54026e+09
38.7,25.6,1.57047e+09
38.7,25.7,1.60105e+09
38.7,25.8,1.63201e+09
38.7,25.9,1.66335e+09
38.7,26,1.69507e+09
38.7,26.1,1.72718e+09
38.7,26.2,1.75969e+09
38.7,26.3,1.79258e+09
38.7,26.4,1.82587e+09
38.7,26.5,1.85955e+09
38.7,26.6,1.89363e+09
38.7,26.7,1.92812e+09
38.7,26.8,1.96301e+09
38.7,26.9,1.9983e+09
38.7,27,2.03401e+09
38.7,27.1,2.07012e+09
38.7,27.2,2.10665e+09
38.7,27.3,2.1436e+09
38.7,27.4,2.14397e+09
38.7,27.5,2.20973e+09
38.7,27.6,2.23875e+09
38.7,27.7,2.26803e+09
38.7,27.8,2.29757e+09
38.7,27.9,2.32736e+09
38.7,28,2.35742e+09
38.7,28.1,2.38773e+09
38.7,28.2,2.41831e+09
38.7,28.3,2.44915e+09
38.7,28.4,2.48026e+09
38.7,28.5,2.51163e+09
38.7,28.6,2.54327e+09
38.7,28.7,2.57518e+09
38.7,28.8,2.60736e+09
38.7,28.9,2.63981e+09
38.7,29,2.67254e+09
38.7,29.1,2.70553e+09
38.7,29.2,2.73881e+09
38.7,29.3,2.77236e+09
38.7,29.4,2.80619e+09
38.7,29.5,2.8403e+09
38.7,29.6,2.87468e+09
38.7,29.7,2.90936e+09
38.7,29.8,2.94431e+09
38.7,29.9,2.97955e+09
38.7,30,3.01508e+09
38.7,30.1,3.05089e+09
38.7,30.2,3.08699e+09
38.7,30.3,3.12339e+09
38.7,30.4,3.16007e+09
38.7,30.5,3.19705e+09
38.7,30.6,3.23432e+09
38.7,30.7,3.27189e+09
38.7,30.8,3.30976e+09
38.7,30.9,3.34792e+09
38.7,31,3.38639e+09
38.7,31.1,3.42515e+09
38.7,31.2,3.46422e+09
38.7,31.3,3.5036e+09
38.7,31.4,3.54327e+09
38.7,31.5,3.58326e+09
38.7,31.6,3.62355e+09
38.7,31.7,3.66416e+09
38.7,31.8,3.70507e+09
38.7,31.9,3.7463e+09
38.7,32,3.78784e+09
38.7,32.1,3.8297e+09
38.7,32.2,3.87187e+09
38.7,32.3,3.91437e+09
38.7,32.4,3.95718e+09
38.7,32.5,4.00031e+09
38.7,32.6,4.04377e+09
38.7,32.7,4.08755e+09
38.7,32.8,4.13165e+09
38.7,32.9,4.17608e+09
38.7,33,4.22085e+09
38.7,33.1,4.26594e+09
38.7,33.2,4.31136e+09
38.7,33.3,4.35711e+09
38.7,33.4,4.4032e+09
38.7,33.5,4.44962e+09
38.7,33.6,4.49639e+09
38.7,33.7,4.54349e+09
38.7,33.8,4.59093e+09
38.7,33.9,4.63871e+09
38.7,34,4.68683e+09
38.7,34.1,4.7353e+09
38.7,34.2,4.78411e+09
38.7,34.3,4.83328e+09
38.7,34.4,4.88279e+09
38.7,34.5,4.93265e+09
38.7,34.6,4.98286e+09
38.7,34.7,5.03343e+09
38.7,34.8,5.08435e+09
38.7,34.9,5.13563e+09
38.7,35,5.18726e+09
38.7,35.1,5.23926e+09
38.7,35.2,5.29161e+09
38.7,35.3,5.34433e+09
38.7,35.4,5.39741e+09
38.7,35.5,5.45086e+09
38.7,35.6,5.50467e+09
38.7,35.7,5.55886e+09
38.7,35.8,5.61341e+09
38.7,35.9,5.66833e+09
38.7,36,5.72363e+09
38.7,36.1,5.7793e+09
38.7,36.2,5.83535e+09
38.7,36.3,5.89177e+09
38.7,36.4,5.94858e+09
38.7,36.5,6.00576e+09
38.7,36.6,6.06333e+09
38.7,36.7,6.12128e+09
38.7,36.8,6.17962e+09
38.7,36.9,6.23834e+09
38.7,37,6.29746e+09
38.7,37.1,6.35696e+09
38.7,37.2,6.41685e+09
38.7,37.3,6.47714e+09
38.7,37.4,6.53782e+09
38.7,37.5,6.5989e+09
38.7,37.6,6.66038e+09
38.7,37.7,6.72225e+09
38.7,37.8,6.78453e+09
38.7,37.9,6.84721e+09
38.7,38,6.91029e+09
38.7,38.1,6.97378e+09
38.7,38.2,7.03768e+09
38.7,38.3,7.10199e+09
38.7,38.4,7.1667e+09
38.7,38.5,7.23183e+09
38.7,38.6,7.29737e+09
38.7,38.7,7.36333e+09
38.7,38.8,7.40641e+09
38.7,38.9,7.44967e+09
38.7,39,7.49312e+09
38.7,39.1,7.53675e+09
38.7,39.2,7.58058e+09
38.7,39.3,7.62459e+09
38.7,39.4,7.66879e+09
38.7,39.5,7.71317e+09
38.7,39.6,7.75775e+09
38.7,39.7,7.80252e+09
38.7,39.8,7.84748e+09
38.7,39.9,7.89263e+09
38.8,20,4.0697e+08
38.8,20.1,4.20207e+08
38.8,20.2,4.33699e+08
38.8,20.3,4.47448e+08
38.8,20.4,4.61458e+08
38.8,20.5,4.75729e+08
38.8,20.6,4.90263e+08
38.8,20.7,5.05064e+08
38.8,20.8,5.20132e+08
38.8,20.9,5.35471e+08
38.8,21,5.51082e+08
38.8,21.1,5.66967e+08
38.8,21.2,5.83128e+08
38.8,21.3,5.99568e+08
38.8,21.4,6.16288e+08
38.8,21.5,6.33291e+08
38.8,21.6,6.50579e+08
38.8,21.7,6.68154e+08
38.8,21.8,6.86018e+08
38.8,21.9,7.04174e+08
38.8,22,7.22622e+08
38.8,22.1,7.41367e+08
38.8,22.2,7.60409e+08
38.8,22.3,7.79752e+08
38.8,22.4,7.99396e+08
38.8,22.5,8.19345e+08
38.8,22.6,8.39601e+08
38.8,22.7,8.60165e+08
38.8,22.8,8.81041e+08
38.8,22.9,9.02229e+08
38.8,23,9.23733e+08
38.8,23.1,9.45555e+08
38.8,23.2,9.67697e+08
38.8,23.3,9.90161e+08
38.8,23.4,1.01295e+09
38.8,23.5,1.03606e+09
38.8,23.6,1.05951e+09
38.8,23.7,1.08328e+09
38.8,23.8,1.10739e+09
38.8,23.9,1.13184e+09
38.8,24,1.15662e+09
38.8,24.1,1.18174e+09
38.8,24.2,1.20721e+09
38.8,24.3,1.23302e+09
38.8,24.4,1.25918e+09
38.8,24.5,1.28569e+09
38.8,24.6,1.31255e+09
38.8,24.7,1.33976e+09
38.8,24.8,1.36733e+09
38.8,24.9,1.39527e+09
38.8,25,1.42356e+09
38.8,25.1,1.45221e+09
38.8,25.2,1.48123e+09
38.8,25.3,1.51063e+09
38.8,25.4,1.54039e+09
38.8,25.5,1.57052e+09
38.8,25.6,1.60103e+09
38.8,25.7,1.63192e+09
38.8,25.8,1.66319e+09
38.8,25.9,1.69484e+09
38.8,26,1.72688e+09
38.8,26.1,1.75931e+09
38.8,26.2,1.79212e+09
38.8,26.3,1.82533e+09
38.8,26.4,1.85893e+09
38.8,26.5,1.89294e+09
38.8,26.6,1.92734e+09
38.8,26.7,1.96214e+09
38.8,26.8,1.99735e+09
38.8,26.9,2.03297e+09
38.8,27,2.06899e+09
38.8,27.1,2.10543e+09
38.8,27.2,2.14229e+09
38.8,27.3,2.17956e+09
38.8,27.4,2.17996e+09
38.8,27.5,2.24627e+09
38.8,27.6,2.27555e+09
38.8,27.7,2.30509e+09
38.8,27.8,2.33488e+09
38.8,27.9,2.36493e+09
38.8,28,2.39524e+09
38.8,28.1,2.42582e+09
38.8,28.2,2.45666e+09
38.8,28.3,2.48776e+09
38.8,28.4,2.51912e+09
38.8,28.5,2.55076e+09
38.8,28.6,2.58266e+09
38.8,28.7,2.61483e+09
38.8,28.8,2.64728e+09
38.8,28.9,2.67999e+09
38.8,29,2.71298e+09
38.8,29.1,2.74625e+09
38.8,29.2,2.77979e+09
38.8,29.3,2.81361e+09
38.8,29.4,2.8477e+09
38.8,29.5,2.88208e+09
38.8,29.6,2.91674e+09
38.8,29.7,2.95168e+09
38.8,29.8,2.98691e+09
38.8,29.9,3.02242e+09
38.8,30,3.05822e+09
38.8,30.1,3.09431e+09
38.8,30.2,3.13069e+09
38.8,30.3,3.16736e+09
38.8,30.4,3.20432e+09
38.8,30.5,3.24157e+09
38.8,30.6,3.27912e+09
38.8,30.7,3.31697e+09
38.8,30.8,3.35512e+09
38.8,30.9,3.39356e+09
38.8,31,3.43231e+09
38.8,31.1,3.47136e+09
38.8,31.2,3.51071e+09
38.8,31.3,3.55036e+09
38.8,31.4,3.59033e+09
38.8,31.5,3.6306e+09
38.8,31.6,3.67118e+09
38.8,31.7,3.71207e+09
38.8,31.8,3.75327e+09
38.8,31.9,3.79478e+09
38.8,32,3.83662e+09
38.8,32.1,3.87876e+09
38.8,32.2,3.92123e+09
38.8,32.3,3.96401e+09
38.8,32.4,4.00711e+09
38.8,32.5,4.05054e+09
38.8,32.6,4.09429e+09
38.8,32.7,4.13836e+09
38.8,32.8,4.18276e+09
38.8,32.9,4.22749e+09
38.8,33,4.27255e+09
38.8,33.1,4.31794e+09
38.8,33.2,4.36366e+09
38.8,33.3,4.40971e+09
38.8,33.4,4.4561e+09
38.8,33.5,4.50283e+09
38.8,33.6,4.54989e+09
38.8,33.7,4.59729e+09
38.8,33.8,4.64503e+09
38.8,33.9,4.69312e+09
38.8,34,4.74155e+09
38.8,34.1,4.79032e+09
38.8,34.2,4.83944e+09
38.8,34.3,4.88891e+09
38.8,34.4,4.93873e+09
38.8,34.5,4.9889e+09
38.8,34.6,5.03942e+09
38.8,34.7,5.0903e+09
38.8,34.8,5.14153e+09
38.8,34.9,5.19312e+09
38.8,35,5.24507e+09
38.8,35.1,5.29738e+09
38.8,35.2,5.35005e+09
38.8,35.3,5.40308e+09
38.8,35.4,5.45648e+09
38.8,35.5,5.51024e+09
38.8,35.6,5.56437e+09
38.8,35.7,5.61888e+09
38.8,35.8,5.67375e+09
38.8,35.9,5.72899e+09
38.8,36,5.78461e+09
38.8,36.1,5.8406e+09
38.8,36.2,5.89697e+09
38.8,36.3,5.95372e+09
38.8,36.4,6.01085e+09
38.8,36.5,6.06836e+09
38.8,36.6,6.12626e+09
38.8,36.7,6.18453e+09
38.8,36.8,6.2432e+09
38.8,36.9,6.30225e+09
38.8,37,6.36169e+09
38.8,37.1,6.42152e+09
38.8,37.2,6.48175e+09
38.8,37.3,6.54237e+09
38.8,37.4,6.60338e+09
38.8,37.5,6.66479e+09
38.8,37.6,6.7266e+09
38.8,37.7,6.78881e+09
38.8,37.8,6.85143e+09
38.8,37.9,6.91444e+09
38.8,38,6.97786e+09
38.8,38.1,7.04169e+09
38.8,38.2,7.10593e+09
38.8,38.3,7.17057e+09
38.8,38.4,7.23563e+09
38.8,38.5,7.3011e+09
38.8,38.6,7.36699e+09
38.8,38.7,7.43329e+09
38.8,38.8,7.50001e+09
38.8,38.9,7.54357e+09
38.8,39,7.58732e+09
38.8,39.1,7.63126e+09
38.8,39.2,7.67539e+09
38.8,39.3,7.7197e+09
38.8,39.4,7.76421e+09
38.8,39.5,7.8089e+09
38.8,39.6,7.85379e+09
38.8,39.7,7.89886e+09
38.8,39.8,7.94413e+09
38.8,39.9,7.98959e+09
38.9,20,4.22228e+08
38.9,20.1,4.35716e+08
38.9,20.2,4.4946e+08
38.9,20.3,4.63463e+08
38.9,20.4,4.77727e+08
38.9,20.5,4.92253e+08
38.9,20.6,5.07044e+08
38.9,20.7,5.22102e+08
38.9,20.8,5.37429e+08
38.9,20.9,5.53027e+08
38.9,21,5.68898e+08
38.9,21.1,5.85044e+08
38.9,21.2,6.01468e+08
38.9,21.3,6.18171e+08
38.9,21.4,6.35156e+08
38.9,21.5,6.52425e+08
38.9,21.6,6.69979e+08
38.9,21.7,6.87822e+08
38.9,21.8,7.05954e+08
38.9,21.9,7.24379e+08
38.9,22,7.43099e+08
38.9,22.1,7.62115e+08
38.9,22.2,7.8143e+08
38.9,22.3,8.01046e+08
38.9,22.4,8.20966e+08
38.9,22.5,8.41191e+08
38.9,22.6,8.61723e+08
38.9,22.7,8.82565e+08
38.9,22.8,9.0372e+08
38.9,22.9,9.25188e+08
38.9,23,9.46974e+08
38.9,23.1,9.69077e+08
38.9,23.2,9.91502e+08
38.9,23.3,1.01425e+09
38.9,23.4,1.03732e+09
38.9,23.5,1.06073e+09
38.9,23.6,1.08446e+09
38.9,23.7,1.10852e+09
38.9,23.8,1.13292e+09
38.9,23.9,1.15765e+09
38.9,24,1.18273e+09
38.9,24.1,1.20815e+09
38.9,24.2,1.2339e+09
38.9,24.3,1.26001e+09
38.9,24.4,1.28647e+09
38.9,24.5,1.31327e+09
38.9,24.6,1.34043e+09
38.9,24.7,1.36794e+09
38.9,24.8,1.39581e+09
38.9,24.9,1.42405e+09
38.9,25,1.45264e+09
38.9,25.1,1.4816e+09
38.9,25.2,1.51092e+09
38.9,25.3,1.54062e+09
38.9,25.4,1.57069e+09
38.9,25.5,1.60113e+09
38.9,25.6,1.63195e+09
38.9,25.7,1.66315e+09
38.9,25.8,1.69473e+09
38.9,25.9,1.72669e+09
38.9,26,1.75904e+09
38.9,26.1,1.79178e+09
38.9,26.2,1.82491e+09
38.9,26.3,1.85844e+09
38.9,26.4,1.89236e+09
38.9,26.5,1.92668e+09
38.9,26.6,1.9614e+09
38.9,26.7,1.99652e+09
38.9,26.8,2.03205e+09
38.9,26.9,2.06799e+09
38.9,27,2.10434e+09
38.9,27.1,2.14111e+09
38.9,27.2,2.17829e+09
38.9,27.3,2.21589e+09
38.9,27.4,2.2163e+09
38.9,27.5,2.28319e+09
38.9,27.6,2.31272e+09
38.9,27.7,2.34251e+09
38.9,27.8,2.37256e+09
38.9,27.9,2.40287e+09
38.9,28,2.43344e+09
38.9,28.1,2.46427e+09
38.9,28.2,2.49537e+09
38.9,28.3,2.52673e+09
38.9,28.4,2.55836e+09
38.9,28.5,2.59026e+09
38.9,28.6,2.62243e+09
38.9,28.7,2.65486e+09
38.9,28.8,2.68757e+09
38.9,28.9,2.72055e+09
38.9,29,2.75381e+09
38.9,29.1,2.78734e+09
38.9,29.2,2.82115e+09
38.9,29.3,2.85523e+09
38.9,29.4,2.8896e+09
38.9,29.5,2.92425e+09
38.9,29.6,2.95918e+09
38.9,29.7,2.99439e+09
38.9,29.8,3.02989e+09
38.9,29.9,3.06568e+09
38.9,30,3.10175e+09
38.9,30.1,3.13811e+09
38.9,30.2,3.17477e+09
38.9,30.3,3.21171e+09
38.9,30.4,3.24895e+09
38.9,30.5,3.28648e+09
38.9,30.6,3.32431e+09
38.9,30.7,3.36244e+09
38.9,30.8,3.40087e+09
38.9,30.9,3.43959e+09
38.9,31,3.47862e+09
38.9,31.1,3.51795e+09
38.9,31.2,3.55758e+09
38.9,31.3,3.59752e+09
38.9,31.4,3.63777e+09
38.9,31.5,3.67833e+09
38.9,31.6,3.71919e+09
38.9,31.7,3.76037e+09
38.9,31.8,3.80186e+09
38.9,31.9,3.84367e+09
38.9,32,3.88579e+09
38.9,32.1,3.92822e+09
38.9,32.2,3.97098e+09
38.9,32.3,4.01406e+09
38.9,32.4,4.05745e+09
38.9,32.5,4.10117e+09
38.9,32.6,4.14522e+09
38.9,32.7,4.18959e+09
38.9,32.8,4.23428e+09
38.9,32.9,4.27931e+09
38.9,33,4.32466e+09
38.9,33.1,4.37035e+09
38.9,33.2,4.41637e+09
38.9,33.3,4.46272e+09
38.9,33.4,4.50941e+09
38.9,33.5,4.55644e+09
38.9,33.6,4.6038e+09
38.9,33.7,4.65151e+09
38.9,33.8,4.69955e+09
38.9,33.9,4.74794e+09
38.9,34,4.79668e+09
38.9,34.1,4.84576e+09
38.9,34.2,4.89519e+09
38.9,34.3,4.94496e+09
38.9,34.4,4.99509e+09
38.9,34.5,5.04557e+09
38.9,34.6,5.0964e+09
38.9,34.7,5.14759e+09
38.9,34.8,5.19913e+09
38.9,34.9,5.25104e+09
38.9,35,5.3033e+09
38.9,35.1,5.35592e+09
38.9,35.2,5.40891e+09
38.9,35.3,5.46226e+09
38.9,35.4,5.51597e+09
38.9,35.5,5.57005e+09
38.9,35.6,5.6245e+09
38.9,35.7,5.67932e+09
38.9,35.8,5.73452e+09
38.9,35.9,5.79008e+09
38.9,36,5.84602e+09
38.9,36.1,5.90234e+09
38.9,36.2,5.95903e+09
38.9,36.3,6.0161e+09
38.9,36.4,6.07356e+09
38.9,36.5,6.13139e+09
38.9,36.6,6.18961e+09
38.9,36.7,6.24822e+09
38.9,36.8,6.30721e+09
38.9,36.9,6.36659e+09
38.9,37,6.42636e+09
38.9,37.1,6.48653e+09
38.9,37.2,6.54708e+09
38.9,37.3,6.60803e+09
38.9,37.4,6.66938e+09
38.9,37.5,6.73113e+09
38.9,37.6,6.79327e+09
38.9,37.7,6.85582e+09
38.9,37.8,6.91877e+09
38.9,37.9,6.98212e+09
38.9,38,7.04588e+09
38.9,38.1,7.11005e+09
38.9,38.2,7.17462e+09
38.9,38.3,7.23961e+09
38.9,38.4,7.30501e+09
38.9,38.5,7.37082e+09
38.9,38.6,7.43705e+09
38.9,38.7,7.5037e+09
38.9,38.8,7.57076e+09
38.9,38.9,7.63825e+09
38.9,39,7.6823e+09
38.9,39.1,7.72655e+09
38.9,39.2,7.77098e+09
38.9,39.3,7.8156e+09
38.9,39.4,7.86041e+09
38.9,39.5,7.90541e+09
38.9,39.6,7.9506e+09
38.9,39.7,7.99598e+09
38.9,39.8,8.04156e+09
38.9,39.9,8.08732e+09
39,20,4.37797e+08
39,20.1,4.51536e+08
39,20.2,4.65533e+08
39,20.3,4.7979e+08
39,20.4,4.94309e+08
39,20.5,5.09091e+08
39,20.6,5.24139e+08
39,20.7,5.39455e+08
39,20.8,5.55041e+08
39,20.9,5.70899e+08
39,21,5.87031e+08
39,21.1,6.0344e+08
39,21.2,6.20127e+08
39,21.3,6.37094e+08
39,21.4,6.54344e+08
39,21.5,6.71879e+08
39,21.6,6.89701e+08
39,21.7,7.07812e+08
39,21.8,7.26214e+08
39,21.9,7.44909e+08
39,22,7.639e+08
39,22.1,7.83189e+08
39,22.2,8.02777e+08
39,22.3,8.22668e+08
39,22.4,8.42863e+08
39,22.5,8.63364e+08
39,22.6,8.84174e+08
39,22.7,9.05295e+08
39,22.8,9.2673e+08
39,22.9,9.48479e+08
39,23,9.70546e+08
39,23.1,9.92933e+08
39,23.2,1.01564e+09
39,23.3,1.03867e+09
39,23.4,1.06203e+09
39,23.5,1.08572e+09
39,23.6,1.10974e+09
39,23.7,1.1341e+09
39,23.8,1.15878e+09
39,23.9,1.18381e+09
39,24,1.20918e+09
39,24.1,1.23489e+09
39,24.2,1.26094e+09
39,24.3,1.28734e+09
39,24.4,1.31409e+09
39,24.5,1.3412e+09
39,24.6,1.36865e+09
39,24.7,1.39647e+09
39,24.8,1.42464e+09
39,24.9,1.45317e+09
39,25,1.48207e+09
39,25.1,1.51133e+09
39,25.2,1.54096e+09
39,25.3,1.57097e+09
39,25.4,1.60134e+09
39,25.5,1.63209e+09
39,25.6,1.66322e+09
39,25.7,1.69473e+09
39,25.8,1.72662e+09
39,25.9,1.7589e+09
39,26,1.79156e+09
39,26.1,1.82461e+09
39,26.2,1.85806e+09
39,26.3,1.8919e+09
39,26.4,1.92614e+09
39,26.5,1.96078e+09
39,26.6,1.99582e+09
39,26.7,2.03127e+09
39,26.8,2.06712e+09
39,26.9,2.10338e+09
39,27,2.14006e+09
39,27.1,2.17715e+09
39,27.2,2.21466e+09
39,27.3,2.25258e+09
39,27.4,2.25302e+09
39,27.5,2.32046e+09
39,27.6,2.35025e+09
39,27.7,2.3803e+09
39,27.8,2.41061e+09
39,27.9,2.44118e+09
39,28,2.47201e+09
39,28.1,2.5031e+09
39,28.2,2.53446e+09
39,28.3,2.56608e+09
39,28.4,2.59798e+09
39,28.5,2.63014e+09
39,28.6,2.66257e+09
39,28.7,2.69527e+09
39,28.8,2.72824e+09
39,28.9,2.76149e+09
39,29,2.79501e+09
39,29.1,2.82881e+09
39,29.2,2.86289e+09
39,29.3,2.89724e+09
39,29.4,2.93188e+09
39,29.5,2.9668e+09
39,29.6,3.002e+09
39,29.7,3.03749e+09
39,29.8,3.07326e+09
39,29.9,3.10932e+09
39,30,3.14567e+09
39,30.1,3.1823e+09
39,30.2,3.21923e+09
39,30.3,3.25646e+09
39,30.4,3.29397e+09
39,30.5,3.33178e+09
39,30.6,3.36989e+09
39,30.7,3.4083e+09
39,30.8,3.44701e+09
39,30.9,3.48601e+09
39,31,3.52532e+09
39,31.1,3.56494e+09
39,31.2,3.60486e+09
39,31.3,3.64508e+09
39,31.4,3.68561e+09
39,31.5,3.72646e+09
39,31.6,3.76761e+09
39,31.7,3.80908e+09
39,31.8,3.85086e+09
39,31.9,3.89295e+09
39,32,3.93536e+09
39,32.1,3.97809e+09
39,32.2,4.02114e+09
39,32.3,4.0645e+09
39,32.4,4.10819e+09
39,32.5,4.15221e+09
39,32.6,4.19655e+09
39,32.7,4.24121e+09
39,32.8,4.28621e+09
39,32.9,4.33153e+09
39,33,4.37718e+09
39,33.1,4.42317e+09
39,33.2,4.46949e+09
39,33.3,4.51614e+09
39,33.4,4.56313e+09
39,33.5,4.61046e+09
39,33.6,4.65813e+09
39,33.7,4.70614e+09
39,33.8,4.75449e+09
39,33.9,4.80318e+09
39,34,4.85222e+09
39,34.1,4.90161e+09
39,34.2,4.95135e+09
39,34.3,5.00143e+09
39,34.4,5.05187e+09
39,34.5,5.10266e+09
39,34.6,5.1538e+09
39,34.7,5.2053e+09
39,34.8,5.25716e+09
39,34.9,5.30938e+09
39,35,5.36195e+09
39,35.1,5.41489e+09
39,35.2,5.46819e+09
39,35.3,5.52186e+09
39,35.4,5.57589e+09
39,35.5,5.63029e+09
39,35.6,5.68506e+09
39,35.7,5.7402e+09
39,35.8,5.79571e+09
39,35.9,5.8516e+09
39,36,5.90786e+09
39,36.1,5.9645e+09
39,36.2,6.02152e+09
39,36.3,6.07892e+09
39,36.4,6.1367e+09
39,36.5,6.19486e+09
39,36.6,6.25341e+09
39,36.7,6.31234e+09
39,36.8,6.37166e+09
39,36.9,6.43137e+09
39,37,6.49148e+09
39,37.1,6.55197e+09
39,37.2,6.61286e+09
39,37.3,6.67414e+09
39,37.4,6.73582e+09
39,37.5,6.79791e+09
39,37.6,6.86039e+09
39,37.7,6.92327e+09
39,37.8,6.98656e+09
39,37.9,7.05025e+09
39,38,7.11435e+09
39,38.1,7.17885e+09
39,38.2,7.24377e+09
39,38.3,7.3091e+09
39,38.4,7.37484e+09
39,38.5,7.441e+09
39,38.6,7.50757e+09
39,38.7,7.57456e+09
39,38.8,7.64197e+09
39,38.9,7.7098e+09
39,39,7.77806e+09
39,39.1,7.8226e+09
39,39.2,7.86734e+09
39,39.3,7.91227e+09
39,39.4,7.95739e+09
39,39.5,8.00269e+09
39,39.6,8.04819e+09
39,39.7,8.09388e+09
39,39.8,8.13977e+09
39,39.9,8.18584e+09
39.1,20,4.53676e+08
39.1,20.1,4.67669e+08
39.1,20.2,4.8192e+08
39.1,20.3,4.96431e+08
39.1,20.4,5.11205e+08
39.1,20.5,5.26244e+08
39.1,20.6,5.4155e+08
39.1,20.7,5.57125e+08
39.1,20.8,5.72971e+08
39.1,20.9,5.89089e+08
39.1,21,6.05483e+08
39.1,21.1,6.22155e+08
39.1,21.2,6.39106e+08
39.1,21.3,6.56338e+08
39.1,21.4,6.73854e+08
39.1,21.5,6.91656e+08
39.1,21.6,7.09746e+08
39.1,21.7,7.28126e+08
39.1,21.8,7.46798e+08
39.1,21.9,7.65764e+08
39.1,22,7.85027e+08
39.1,22.1,8.04589e+08
39.1,22.2,8.24452e+08
39.1,22.3,8.44618e+08
39.1,22.4,8.65089e+08
39.1,22.5,8.85868e+08
39.1,22.6,9.06957e+08
39.1,22.7,9.28357e+08
39.1,22.8,9.50072e+08
39.1,22.9,9.72103e+08
39.1,23,9.94452e+08
39.1,23.1,1.01712e+09
39.1,23.2,1.04012e+09
39.1,23.3,1.06343e+09
39.1,23.4,1.08708e+09
39.1,23.5,1.11106e+09
39.1,23.6,1.13537e+09
39.1,23.7,1.16001e+09
39.1,23.8,1.18499e+09
39.1,23.9,1.21031e+09
39.1,24,1.23597e+09
39.1,24.1,1.26197e+09
39.1,24.2,1.28832e+09
39.1,24.3,1.31502e+09
39.1,24.4,1.34207e+09
39.1,24.5,1.36947e+09
39.1,24.6,1.39722e+09
39.1,24.7,1.42534e+09
39.1,24.8,1.45381e+09
39.1,24.9,1.48265e+09
39.1,25,1.51185e+09
39.1,25.1,1.54142e+09
39.1,25.2,1.57135e+09
39.1,25.3,1.60166e+09
39.1,25.4,1.63235e+09
39.1,25.5,1.6634e+09
39.1,25.6,1.69484e+09
39.1,25.7,1.72666e+09
39.1,25.8,1.75887e+09
39.1,25.9,1.79146e+09
39.1,26,1.82444e+09
39.1,26.1,1.85781e+09
39.1,26.2,1.89157e+09
39.1,26.3,1.92573e+09
39.1,26.4,1.96029e+09
39.1,26.5,1.99525e+09
39.1,26.6,2.03061e+09
39.1,26.7,2.06638e+09
39.1,26.8,2.10255e+09
39.1,26.9,2.13914e+09
39.1,27,2.17614e+09
39.1,27.1,2.21355e+09
39.1,27.2,2.25139e+09
39.1,27.3,2.28964e+09
39.1,27.4,2.2901e+09
39.1,27.5,2.35811e+09
39.1,27.6,2.38816e+09
39.1,27.7,2.41847e+09
39.1,27.8,2.44903e+09
39.1,27.9,2.47986e+09
39.1,28,2.51095e+09
39.1,28.1,2.5423e+09
39.1,28.2,2.57392e+09
39.1,28.3,2.60581e+09
39.1,28.4,2.63797e+09
39.1,28.5,2.67039e+09
39.1,28.6,2.70308e+09
39.1,28.7,2.73605e+09
39.1,28.8,2.76929e+09
39.1,28.9,2.8028e+09
39.1,29,2.83659e+09
39.1,29.1,2.87066e+09
39.1,29.2,2.90501e+09
39.1,29.3,2.93963e+09
39.1,29.4,2.97454e+09
39.1,29.5,3.00973e+09
39.1,29.6,3.04521e+09
39.1,29.7,3.08097e+09
39.1,29.8,3.11701e+09
39.1,29.9,3.15335e+09
39.1,30,3.18997e+09
39.1,30.1,3.22688e+09
39.1,30.2,3.26409e+09
39.1,30.3,3.30159e+09
39.1,30.4,3.33939e+09
39.1,30.5,3.37748e+09
39.1,30.6,3.41586e+09
39.1,30.7,3.45455e+09
39.1,30.8,3.49354e+09
39.1,30.9,3.53283e+09
39.1,31,3.57242e+09
39.1,31.1,3.61232e+09
39.1,31.2,3.65252e+09
39.1,31.3,3.69304e+09
39.1,31.4,3.73386e+09
39.1,31.5,3.77498e+09
39.1,31.6,3.81643e+09
39.1,31.7,3.85818e+09
39.1,31.8,3.90025e+09
39.1,31.9,3.94263e+09
39.1,32,3.98533e+09
39.1,32.1,4.02835e+09
39.1,32.2,4.0717e+09
39.1,32.3,4.11536e+09
39.1,32.4,4.15934e+09
39.1,32.5,4.20365e+09
39.1,32.6,4.24829e+09
39.1,32.7,4.29325e+09
39.1,32.8,4.33854e+09
39.1,32.9,4.38416e+09
39.1,33,4.43011e+09
39.1,33.1,4.4764e+09
39.1,33.2,4.52302e+09
39.1,33.3,4.56997e+09
39.1,33.4,4.61726e+09
39.1,33.5,4.6649e+09
39.1,33.6,4.71287e+09
39.1,33.7,4.76118e+09
39.1,33.8,4.80984e+09
39.1,33.9,4.85884e+09
39.1,34,4.90819e+09
39.1,34.1,4.95788e+09
39.1,34.2,5.00793e+09
39.1,34.3,5.05832e+09
39.1,34.4,5.10907e+09
39.1,34.5,5.16017e+09
39.1,34.6,5.21163e+09
39.1,34.7,5.26344e+09
39.1,34.8,5.31561e+09
39.1,34.9,5.36814e+09
39.1,35,5.42103e+09
39.1,35.1,5.47428e+09
39.1,35.2,5.5279e+09
39.1,35.3,5.58189e+09
39.1,35.4,5.63624e+09
39.1,35.5,5.69096e+09
39.1,35.6,5.74605e+09
39.1,35.7,5.80151e+09
39.1,35.8,5.85734e+09
39.1,35.9,5.91355e+09
39.1,36,5.97014e+09
39.1,36.1,6.0271e+09
39.1,36.2,6.08444e+09
39.1,36.3,6.14217e+09
39.1,36.4,6.20027e+09
39.1,36.5,6.25876e+09
39.1,36.6,6.31764e+09
39.1,36.7,6.3769e+09
39.1,36.8,6.43655e+09
39.1,36.9,6.49659e+09
39.1,37,6.55703e+09
39.1,37.1,6.61786e+09
39.1,37.2,6.67908e+09
39.1,37.3,6.7407e+09
39.1,37.4,6.80271e+09
39.1,37.5,6.86513e+09
39.1,37.6,6.92795e+09
39.1,37.7,6.99117e+09
39.1,37.8,7.05479e+09
39.1,37.9,7.11882e+09
39.1,38,7.18326e+09
39.1,38.1,7.24811e+09
39.1,38.2,7.31337e+09
39.1,38.3,7.37904e+09
39.1,38.4,7.44512e+09
39.1,38.5,7.51162e+09
39.1,38.6,7.57854e+09
39.1,38.7,7.64588e+09
39.1,38.8,7.71363e+09
39.1,38.9,7.78181e+09
39.1,39,7.85041e+09
39.1,39.1,7.91944e+09
39.1,39.2,7.96449e+09
39.1,39.3,8.00972e+09
39.1,39.4,8.05515e+09
39.1,39.5,8.10076e+09
39.1,39.6,8.14657e+09
39.1,39.7,8.19257e+09
39.1,39.8,8.23877e+09
39.1,39.9,8.28515e+09
39.2,20,4.69869e+08
39.2,20.1,4.84115e+08
39.2,20.2,4.9862e+08
39.2,20.3,5.13387e+08
39.2,20.4,5.28418e+08
39.2,20.5,5.43714e+08
39.2,20.6,5.59279e+08
39.2,20.7,5.75113e+08
39.2,20.8,5.91219e+08
39.2,20.9,6.076e+08
39.2,21,6.24256e+08
39.2,21.1,6.41191e+08
39.2,21.2,6.58407e+08
39.2,21.3,6.75905e+08
39.2,21.4,6.93687e+08
39.2,21.5,7.11757e+08
39.2,21.6,7.30116e+08
39.2,21.7,7.48765e+08
39.2,21.8,7.67708e+08
39.2,21.9,7.86947e+08
39.2,22,8.06483e+08
39.2,22.1,8.26319e+08
39.2,22.2,8.46456e+08
39.2,22.3,8.66898e+08
39.2,22.4,8.87647e+08
39.2,22.5,9.08704e+08
39.2,22.6,9.30071e+08
39.2,22.7,9.51752e+08
39.2,22.8,9.73748e+08
39.2,22.9,9.96061e+08
39.2,23,1.01869e+09
39.2,23.1,1.04165e+09
39.2,23.2,1.06493e+09
39.2,23.3,1.08853e+09
39.2,23.4,1.11247e+09
39.2,23.5,1.13673e+09
39.2,23.6,1.16133e+09
39.2,23.7,1.18626e+09
39.2,23.8,1.21153e+09
39.2,23.9,1.23715e+09
39.2,24,1.2631e+09
39.2,24.1,1.2894e+09
39.2,24.2,1.31604e+09
39.2,24.3,1.34304e+09
39.2,24.4,1.37039e+09
39.2,24.5,1.39809e+09
39.2,24.6,1.42614e+09
39.2,24.7,1.45456e+09
39.2,24.8,1.48333e+09
39.2,24.9,1.51247e+09
39.2,25,1.54198e+09
39.2,25.1,1.57185e+09
39.2,25.2,1.6021e+09
39.2,25.3,1.63271e+09
39.2,25.4,1.6637e+09
39.2,25.5,1.69507e+09
39.2,25.6,1.72682e+09
39.2,25.7,1.75896e+09
39.2,25.8,1.79147e+09
39.2,25.9,1.82438e+09
39.2,26,1.85767e+09
39.2,26.1,1.89136e+09
39.2,26.2,1.92544e+09
39.2,26.3,1.95992e+09
39.2,26.4,1.99479e+09
39.2,26.5,2.03007e+09
39.2,26.6,2.06576e+09
39.2,26.7,2.10185e+09
39.2,26.8,2.13835e+09
39.2,26.9,2.17526e+09
39.2,27,2.21259e+09
39.2,27.1,2.25033e+09
39.2,27.2,2.28849e+09
39.2,27.3,2.32708e+09
39.2,27.4,2.32755e+09
39.2,27.5,2.39613e+09
39.2,27.6,2.42644e+09
39.2,27.7,2.457e+09
39.2,27.8,2.48783e+09
39.2,27.9,2.51891e+09
39.2,28,2.55027e+09
39.2,28.1,2.58188e+09
39.2,28.2,2.61376e+09
39.2,28.3,2.64591e+09
39.2,28.4,2.67833e+09
39.2,28.5,2.71102e+09
39.2,28.6,2.74398e+09
39.2,28.7,2.77721e+09
39.2,28.8,2.81072e+09
39.2,28.9,2.8445e+09
39.2,29,2.87856e+09
39.2,29.1,2.9129e+09
39.2,29.2,2.94751e+09
39.2,29.3,2.98241e+09
39.2,29.4,3.01759e+09
39.2,29.5,3.05305e+09
39.2,29.6,3.0888e+09
39.2,29.7,3.12483e+09
39.2,29.8,3.16115e+09
39.2,29.9,3.19776e+09
39.2,30,3.23466e+09
39.2,30.1,3.27185e+09
39.2,30.2,3.30934e+09
39.2,30.3,3.34712e+09
39.2,30.4,3.38519e+09
39.2,30.5,3.42356e+09
39.2,30.6,3.46223e+09
39.2,30.7,3.5012e+09
39.2,30.8,3.54047e+09
39.2,30.9,3.58004e+09
39.2,31,3.61992e+09
39.2,31.1,3.6601e+09
39.2,31.2,3.70059e+09
39.2,31.3,3.74139e+09
39.2,31.4,3.78249e+09
39.2,31.5,3.82391e+09
39.2,31.6,3.86564e+09
39.2,31.7,3.90769e+09
39.2,31.8,3.95004e+09
39.2,31.9,3.99272e+09
39.2,32,4.03571e+09
39.2,32.1,4.07903e+09
39.2,32.2,4.12266e+09
39.2,32.3,4.16662e+09
39.2,32.4,4.2109e+09
39.2,32.5,4.2555e+09
39.2,32.6,4.30043e+09
39.2,32.7,4.34569e+09
39.2,32.8,4.39128e+09
39.2,32.9,4.4372e+09
39.2,33,4.48345e+09
39.2,33.1,4.53004e+09
39.2,33.2,4.57696e+09
39.2,33.3,4.62422e+09
39.2,33.4,4.67181e+09
39.2,33.5,4.71975e+09
39.2,33.6,4.76802e+09
39.2,33.7,4.81664e+09
39.2,33.8,4.86561e+09
39.2,33.9,4.91491e+09
39.2,34,4.96457e+09
39.2,34.1,5.01457e+09
39.2,34.2,5.06493e+09
39.2,34.3,5.11563e+09
39.2,34.4,5.16669e+09
39.2,34.5,5.2181e+09
39.2,34.6,5.26987e+09
39.2,34.7,5.322e+09
39.2,34.8,5.37448e+09
39.2,34.9,5.42733e+09
39.2,35,5.48054e+09
39.2,35.1,5.53411e+09
39.2,35.2,5.58804e+09
39.2,35.3,5.64234e+09
39.2,35.4,5.69701e+09
39.2,35.5,5.75205e+09
39.2,35.6,5.80746e+09
39.2,35.7,5.86325e+09
39.2,35.8,5.9194e+09
39.2,35.9,5.97594e+09
39.2,36,6.03285e+09
39.2,36.1,6.09013e+09
39.2,36.2,6.1478e+09
39.2,36.3,6.20585e+09
39.2,36.4,6.26429e+09
39.2,36.5,6.32311e+09
39.2,36.6,6.38231e+09
39.2,36.7,6.4419e+09
39.2,36.8,6.50189e+09
39.2,36.9,6.56226e+09
39.2,37,6.62302e+09
39.2,37.1,6.68418e+09
39.2,37.2,6.74574e+09
39.2,37.3,6.80769e+09
39.2,37.4,6.87005e+09
39.2,37.5,6.9328e+09
39.2,37.6,6.99595e+09
39.2,37.7,7.05951e+09
39.2,37.8,7.12348e+09
39.2,37.9,7.18785e+09
39.2,38,7.25263e+09
39.2,38.1,7.31781e+09
39.2,38.2,7.38342e+09
39.2,38.3,7.44943e+09
39.2,38.4,7.51586e+09
39.2,38.5,7.5827e+09
39.2,38.6,7.64997e+09
39.2,38.7,7.71765e+09
39.2,38.8,7.78575e+09
39.2,38.9,7.85428e+09
39.2,39,7.92323e+09
39.2,39.1,7.99261e+09
39.2,39.2,8.06242e+09
39.2,39.3,8.10796e+09
39.2,39.4,8.15369e+09
39.2,39.5,8.19962e+09
39.2,39.6,8.24574e+09
39.2,39.7,8.29205e+09
39.2,39.8,8.33855e+09
39.2,39.9,8.38525e+09
39.3,20,4.87555e+08
39.3,20.1,5.02072e+08
39.3,20.2,5.1685e+08
39.3,20.3,5.31891e+08
39.3,20.4,5.47196e+08
39.3,20.5,5.62768e+08
39.3,20.6,5.7861e+08
39.3,20.7,5.94722e+08
39.3,20.8,6.11107e+08
39.3,20.9,6.27768e+08
39.3,21,6.44706e+08
39.3,21.1,6.61923e+08
39.3,21.2,6.79422e+08
39.3,21.3,6.97204e+08
39.3,21.4,7.15273e+08
39.3,21.5,7.33629e+08
39.3,21.6,7.52275e+08
39.3,21.7,7.71214e+08
39.3,21.8,7.90447e+08
39.3,21.9,8.09976e+08
39.3,22,8.29804e+08
39.3,22.1,8.49934e+08
39.3,22.2,8.70366e+08
39.3,22.3,8.91103e+08
39.3,22.4,9.12148e+08
39.3,22.5,9.33502e+08
39.3,22.6,9.55169e+08
39.3,22.7,9.77149e+08
39.3,22.8,9.99446e+08
39.3,22.9,1.02206e+09
39.3,23,1.045e+09
39.3,23.1,1.06826e+09
39.3,23.2,1.09184e+09
39.3,23.3,1.11575e+09
39.3,23.4,1.13999e+09
39.3,23.5,1.16457e+09
39.3,23.6,1.18948e+09
39.3,23.7,1.21472e+09
39.3,23.8,1.2403e+09
39.3,23.9,1.26623e+09
39.3,24,1.2925e+09
39.3,24.1,1.31911e+09
39.3,24.2,1.34607e+09
39.3,24.3,1.37338e+09
39.3,24.4,1.40105e+09
39.3,24.5,1.42907e+09
39.3,24.6,1.45745e+09
39.3,24.7,1.48618e+09
39.3,24.8,1.51528e+09
39.3,24.9,1.54475e+09
39.3,25,1.57458e+09
39.3,25.1,1.60478e+09
39.3,25.2,1.63535e+09
39.3,25.3,1.6663e+09
39.3,25.4,1.69762e+09
39.3,25.5,1.72932e+09
39.3,25.6,1.7614e+09
39.3,25.7,1.79387e+09
39.3,25.8,1.82672e+09
39.3,25.9,1.85996e+09
39.3,26,1.89359e+09
39.3,26.1,1.92761e+09
39.3,26.2,1.96203e+09
39.3,26.3,1.99685e+09
39.3,26.4,2.03207e+09
39.3,26.5,2.06769e+09
39.3,26.6,2.10372e+09
39.3,26.7,2.14016e+09
39.3,26.8,2.177e+09
39.3,26.9,2.21426e+09
39.3,27,2.25194e+09
39.3,27.1,2.29003e+09
39.3,27.2,2.32854e+09
39.3,27.3,2.36748e+09
39.3,27.4,2.36798e+09
39.3,27.5,2.43716e+09
39.3,27.6,2.46774e+09
39.3,27.7,2.49858e+09
39.3,27.8,2.52968e+09
39.3,27.9,2.56105e+09
39.3,28,2.59268e+09
39.3,28.1,2.62457e+09
39.3,28.2,2.65673e+09
39.3,28.3,2.68916e+09
39.3,28.4,2.72186e+09
39.3,28.5,2.75483e+09
39.3,28.6,2.78808e+09
39.3,28.7,2.82159e+09
39.3,28.8,2.85538e+09
39.3,28.9,2.88945e+09
39.3,29,2.9238e+09
39.3,29.1,2.95842e+09
39.3,29.2,2.99332e+09
39.3,29.3,3.02851e+09
39.3,29.4,3.06398e+09
39.3,29.5,3.09973e+09
39.3,29.6,3.13577e+09
39.3,29.7,3.17209e+09
39.3,29.8,3.20871e+09
39.3,29.9,3.24561e+09
39.3,30,3.2828e+09
39.3,30.1,3.32029e+09
39.3,30.2,3.35807e+09
39.3,30.3,3.39614e+09
39.3,30.4,3.43452e+09
39.3,30.5,3.47318e+09
39.3,30.6,3.51215e+09
39.3,30.7,3.55142e+09
39.3,30.8,3.59099e+09
39.3,30.9,3.63087e+09
39.3,31,3.67105e+09
39.3,31.1,3.71153e+09
39.3,31.2,3.75233e+09
39.3,31.3,3.79343e+09
39.3,31.4,3.83484e+09
39.3,31.5,3.87657e+09
39.3,31.6,3.9186e+09
39.3,31.7,3.96095e+09
39.3,31.8,4.00362e+09
39.3,31.9,4.04661e+09
39.3,32,4.08991e+09
39.3,32.1,4.13354e+09
39.3,32.2,4.17748e+09
39.3,32.3,4.22175e+09
39.3,32.4,4.26634e+09
39.3,32.5,4.31126e+09
39.3,32.6,4.35651e+09
39.3,32.7,4.40209e+09
39.3,32.8,4.44799e+09
39.3,32.9,4.49423e+09
39.3,33,4.5408e+09
39.3,33.1,4.58771e+09
39.3,33.2,4.63495e+09
39.3,33.3,4.68253e+09
39.3,33.4,4.73045e+09
39.3,33.5,4.77871e+09
39.3,33.6,4.82731e+09
39.3,33.7,4.87625e+09
39.3,33.8,4.92554e+09
39.3,33.9,4.97517e+09
39.3,34,5.02516e+09
39.3,34.1,5.07549e+09
39.3,34.2,5.12617e+09
39.3,34.3,5.17721e+09
39.3,34.4,5.2286e+09
39.3,34.5,5.28034e+09
39.3,34.6,5.33244e+09
39.3,34.7,5.3849e+09
39.3,34.8,5.43772e+09
39.3,34.9,5.4909e+09
39.3,35,5.54445e+09
39.3,35.1,5.59835e+09
39.3,35.2,5.65263e+09
39.3,35.3,5.70727e+09
39.3,35.4,5.76228e+09
39.3,35.5,5.81766e+09
39.3,35.6,5.87341e+09
39.3,35.7,5.92953e+09
39.3,35.8,5.98603e+09
39.3,35.9,6.04291e+09
39.3,36,6.10016e+09
39.3,36.1,6.1578e+09
39.3,36.2,6.21581e+09
39.3,36.3,6.27421e+09
39.3,36.4,6.33299e+09
39.3,36.5,6.39216e+09
39.3,36.6,6.45171e+09
39.3,36.7,6.51165e+09
39.3,36.8,6.57199e+09
39.3,36.9,6.63271e+09
39.3,37,6.69383e+09
39.3,37.1,6.75535e+09
39.3,37.2,6.81726e+09
39.3,37.3,6.87957e+09
39.3,37.4,6.94228e+09
39.3,37.5,7.00539e+09
39.3,37.6,7.0689e+09
39.3,37.7,7.13282e+09
39.3,37.8,7.19714e+09
39.3,37.9,7.26187e+09
39.3,38,7.32701e+09
39.3,38.1,7.39256e+09
39.3,38.2,7.45853e+09
39.3,38.3,7.52491e+09
39.3,38.4,7.5917e+09
39.3,38.5,7.65891e+09
39.3,38.6,7.72654e+09
39.3,38.7,7.79459e+09
39.3,38.8,7.86307e+09
39.3,38.9,7.93196e+09
39.3,39,8.00129e+09
39.3,39.1,8.07104e+09
39.3,39.2,8.14121e+09
39.3,39.3,8.21182e+09
39.3,39.4,8.25788e+09
39.3,39.5,8.30413e+09
39.3,39.6,8.35057e+09
39.3,39.7,8.39721e+09
39.3,39.8,8.44404e+09
39.3,39.9,8.49106e+09
39.4,20,4.97058e+08
39.4,20.1,5.11723e+08
39.4,20.2,5.26649e+08
39.4,20.3,5.41839e+08
39.4,20.4,5.57294e+08
39.4,20.5,5.73017e+08
39.4,20.6,5.89009e+08
39.4,20.7,6.05273e+08
39.4,20.8,6.21811e+08
39.4,20.9,6.38624e+08
39.4,21,6.55716e+08
39.4,21.1,6.73088e+08
39.4,21.2,6.90742e+08
39.4,21.3,7.08681e+08
39.4,21.4,7.26905e+08
39.4,21.5,7.45419e+08
39.4,21.6,7.64223e+08
39.4,21.7,7.8332e+08
39.4,21.8,8.02713e+08
39.4,21.9,8.22402e+08
39.4,22,8.42391e+08
39.4,22.1,8.62682e+08
39.4,22.2,8.83276e+08
39.4,22.3,9.04176e+08
39.4,22.4,9.25385e+08
39.4,22.5,9.46903e+08
39.4,22.6,9.68735e+08
39.4,22.7,9.90881e+08
39.4,22.8,1.01334e+09
39.4,22.9,1.03613e+09
39.4,23,1.05923e+09
39.4,23.1,1.08266e+09
39.4,23.2,1.10641e+09
39.4,23.3,1.13049e+09
39.4,23.4,1.15491e+09
39.4,23.5,1.17965e+09
39.4,23.6,1.20473e+09
39.4,23.7,1.23015e+09
39.4,23.8,1.2559e+09
39.4,23.9,1.282e+09
39.4,24,1.30845e+09
39.4,24.1,1.33524e+09
39.4,24.2,1.36237e+09
39.4,24.3,1.38986e+09
39.4,24.4,1.41771e+09
39.4,24.5,1.4459e+09
39.4,24.6,1.47446e+09
39.4,24.7,1.50338e+09
39.4,24.8,1.53266e+09
39.4,24.9,1.5623e+09
39.4,25,1.59232e+09
39.4,25.1,1.6227e+09
39.4,25.2,1.65346e+09
39.4,25.3,1.68459e+09
39.4,25.4,1.71609e+09
39.4,25.5,1.74798e+09
39.4,25.6,1.78025e+09
39.4,25.7,1.8129e+09
39.4,25.8,1.84594e+09
39.4,25.9,1.87937e+09
39.4,26,1.91319e+09
39.4,26.1,1.9474e+09
39.4,26.2,1.98201e+09
39.4,26.3,2.01702e+09
39.4,26.4,2.05244e+09
39.4,26.5,2.08825e+09
39.4,26.6,2.12447e+09
39.4,26.7,2.1611e+09
39.4,26.8,2.19814e+09
39.4,26.9,2.2356e+09
39.4,27,2.27347e+09
39.4,27.1,2.31176e+09
39.4,27.2,2.35047e+09
39.4,27.3,2.38961e+09
39.4,27.4,2.39013e+09
39.4,27.5,2.45965e+09
39.4,27.6,2.49039e+09
39.4,27.7,2.52139e+09
39.4,27.8,2.55265e+09
39.4,27.9,2.58417e+09
39.4,28,2.61596e+09
39.4,28.1,2.64801e+09
39.4,28.2,2.68034e+09
39.4,28.3,2.71293e+09
39.4,28.4,2.74579e+09
39.4,28.5,2.77892e+09
39.4,28.6,2.81233e+09
39.4,28.7,2.84601e+09
39.4,28.8,2.87997e+09
39.4,28.9,2.9142e+09
39.4,29,2.94871e+09
39.4,29.1,2.9835e+09
39.4,29.2,3.01857e+09
39.4,29.3,3.05392e+09
39.4,29.4,3.08956e+09
39.4,29.5,3.12548e+09
39.4,29.6,3.16168e+09
39.4,29.7,3.19818e+09
39.4,29.8,3.23496e+09
39.4,29.9,3.27203e+09
39.4,30,3.3094e+09
39.4,30.1,3.34705e+09
39.4,30.2,3.38501e+09
39.4,30.3,3.42325e+09
39.4,30.4,3.4618e+09
39.4,30.5,3.50064e+09
39.4,30.6,3.53978e+09
39.4,30.7,3.57923e+09
39.4,30.8,3.61897e+09
39.4,30.9,3.65903e+09
39.4,31,3.69938e+09
39.4,31.1,3.74004e+09
39.4,31.2,3.78101e+09
39.4,31.3,3.82229e+09
39.4,31.4,3.86388e+09
39.4,31.5,3.90579e+09
39.4,31.6,3.948e+09
39.4,31.7,3.99054e+09
39.4,31.8,4.03339e+09
39.4,31.9,4.07655e+09
39.4,32,4.12004e+09
39.4,32.1,4.16385e+09
39.4,32.2,4.20797e+09
39.4,32.3,4.25243e+09
39.4,32.4,4.2972e+09
39.4,32.5,4.34231e+09
39.4,32.6,4.38774e+09
39.4,32.7,4.4335e+09
39.4,32.8,4.4796e+09
39.4,32.9,4.52602e+09
39.4,33,4.57278e+09
39.4,33.1,4.61987e+09
39.4,33.2,4.6673e+09
39.4,33.3,4.71507e+09
39.4,33.4,4.76318e+09
39.4,33.5,4.81163e+09
39.4,33.6,4.86042e+09
39.4,33.7,4.90956e+09
39.4,33.8,4.95904e+09
39.4,33.9,5.00887e+09
39.4,34,5.05904e+09
39.4,34.1,5.10957e+09
39.4,34.2,5.16045e+09
39.4,34.3,5.21168e+09
39.4,34.4,5.26326e+09
39.4,34.5,5.3152e+09
39.4,34.6,5.3675e+09
39.4,34.7,5.42016e+09
39.4,34.8,5.47317e+09
39.4,34.9,5.52655e+09
39.4,35,5.5803e+09
39.4,35.1,5.6344e+09
39.4,35.2,5.68888e+09
39.4,35.3,5.74372e+09
39.4,35.4,5.79893e+09
39.4,35.5,5.85451e+09
39.4,35.6,5.91046e+09
39.4,35.7,5.96679e+09
39.4,35.8,6.0235e+09
39.4,35.9,6.08058e+09
39.4,36,6.13804e+09
39.4,36.1,6.19588e+09
39.4,36.2,6.2541e+09
39.4,36.3,6.3127e+09
39.4,36.4,6.37169e+09
39.4,36.5,6.43107e+09
39.4,36.6,6.49083e+09
39.4,36.7,6.55098e+09
39.4,36.8,6.61152e+09
39.4,36.9,6.67246e+09
39.4,37,6.73379e+09
39.4,37.1,6.79552e+09
39.4,37.2,6.85764e+09
39.4,37.3,6.92016e+09
39.4,37.4,6.98308e+09
39.4,37.5,7.04641e+09
39.4,37.6,7.11014e+09
39.4,37.7,7.17427e+09
39.4,37.8,7.23881e+09
39.4,37.9,7.30376e+09
39.4,38,7.36912e+09
39.4,38.1,7.43488e+09
39.4,38.2,7.50107e+09
39.4,38.3,7.56766e+09
39.4,38.4,7.63468e+09
39.4,38.5,7.70211e+09
39.4,38.6,7.76996e+09
39.4,38.7,7.83823e+09
39.4,38.8,7.90693e+09
39.4,38.9,7.97605e+09
39.4,39,8.04559e+09
39.4,39.1,8.11557e+09
39.4,39.2,8.18597e+09
39.4,39.3,8.2568e+09
39.4,39.4,8.32807e+09
39.4,39.5,8.37455e+09
39.4,39.6,8.42122e+09
39.4,39.7,8.46808e+09
39.4,39.8,8.51514e+09
39.4,39.9,8.5624e+09
39.5,20,5.07871e+08
39.5,20.1,5.22701e+08
39.5,20.2,5.37794e+08
39.5,20.3,5.5315e+08
39.5,20.4,5.68773e+08
39.5,20.5,5.84664e+08
39.5,20.6,6.00826e+08
39.5,20.7,6.1726e+08
39.5,20.8,6.33968e+08
39.5,20.9,6.50953e+08
39.5,21,6.68217e+08
39.5,21.1,6.85762e+08
39.5,21.2,7.0359e+08
39.5,21.3,7.21702e+08
39.5,21.4,7.40102e+08
39.5,21.5,7.58792e+08
39.5,21.6,7.77773e+08
39.5,21.7,7.97047e+08
39.5,21.8,8.16618e+08
39.5,21.9,8.36486e+08
39.5,22,8.56655e+08
39.5,22.1,8.77126e+08
39.5,22.2,8.97901e+08
39.5,22.3,9.18983e+08
39.5,22.4,9.40374e+08
39.5,22.5,9.62077e+08
39.5,22.6,9.84092e+08
39.5,22.7,1.00642e+09
39.5,22.8,1.02907e+09
39.5,22.9,1.05204e+09
39.5,23,1.07533e+09
39.5,23.1,1.09895e+09
39.5,23.2,1.12289e+09
39.5,23.3,1.14716e+09
39.5,23.4,1.17176e+09
39.5,23.5,1.1967e+09
39.5,23.6,1.22197e+09
39.5,23.7,1.24758e+09
39.5,23.8,1.27353e+09
39.5,23.9,1.29982e+09
39.5,24,1.32646e+09
39.5,24.1,1.35345e+09
39.5,24.2,1.38078e+09
39.5,24.3,1.40847e+09
39.5,24.4,1.43651e+09
39.5,24.5,1.46491e+09
39.5,24.6,1.49366e+09
39.5,24.7,1.52278e+09
39.5,24.8,1.55226e+09
39.5,24.9,1.58211e+09
39.5,25,1.61233e+09
39.5,25.1,1.64291e+09
39.5,25.2,1.67387e+09
39.5,25.3,1.70521e+09
39.5,25.4,1.73692e+09
39.5,25.5,1.76901e+09
39.5,25.6,1.80149e+09
39.5,25.7,1.83435e+09
39.5,25.8,1.8676e+09
39.5,25.9,1.90124e+09
39.5,26,1.93527e+09
39.5,26.1,1.9697e+09
39.5,26.2,2.00452e+09
39.5,26.3,2.03974e+09
39.5,26.4,2.07537e+09
39.5,26.5,2.1114e+09
39.5,26.6,2.14783e+09
39.5,26.7,2.18468e+09
39.5,26.8,2.22194e+09
39.5,26.9,2.25961e+09
39.5,27,2.2977e+09
39.5,27.1,2.33621e+09
39.5,27.2,2.37515e+09
39.5,27.3,2.4145e+09
39.5,27.4,2.41504e+09
39.5,27.5,2.48494e+09
39.5,27.6,2.51585e+09
39.5,27.7,2.54702e+09
39.5,27.8,2.57846e+09
39.5,27.9,2.61016e+09
39.5,28,2.64213e+09
39.5,28.1,2.67436e+09
39.5,28.2,2.70686e+09
39.5,28.3,2.73963e+09
39.5,28.4,2.77267e+09
39.5,28.5,2.80598e+09
39.5,28.6,2.83957e+09
39.5,28.7,2.87343e+09
39.5,28.8,2.90757e+09
39.5,28.9,2.94198e+09
39.5,29,2.97667e+09
39.5,29.1,3.01165e+09
39.5,29.2,3.0469e+09
39.5,29.3,3.08244e+09
39.5,29.4,3.11826e+09
39.5,29.5,3.15437e+09
39.5,29.6,3.19076e+09
39.5,29.7,3.22744e+09
39.5,29.8,3.26441e+09
39.5,29.9,3.30167e+09
39.5,30,3.33922e+09
39.5,30.1,3.37707e+09
39.5,30.2,3.41521e+09
39.5,30.3,3.45365e+09
39.5,30.4,3.49239e+09
39.5,30.5,3.53142e+09
39.5,30.6,3.57075e+09
39.5,30.7,3.61039e+09
39.5,30.8,3.65033e+09
39.5,30.9,3.69058e+09
39.5,31,3.73113e+09
39.5,31.1,3.77198e+09
39.5,31.2,3.81315e+09
39.5,31.3,3.85463e+09
39.5,31.4,3.89641e+09
39.5,31.5,3.93851e+09
39.5,31.6,3.98093e+09
39.5,31.7,4.02366e+09
39.5,31.8,4.06671e+09
39.5,31.9,4.11007e+09
39.5,32,4.15376e+09
39.5,32.1,4.19777e+09
39.5,32.2,4.2421e+09
39.5,32.3,4.28675e+09
39.5,32.4,4.33173e+09
39.5,32.5,4.37704e+09
39.5,32.6,4.42268e+09
39.5,32.7,4.46865e+09
39.5,32.8,4.51494e+09
39.5,32.9,4.56157e+09
39.5,33,4.60854e+09
39.5,33.1,4.65584e+09
39.5,33.2,4.70348e+09
39.5,33.3,4.75146e+09
39.5,33.4,4.79977e+09
39.5,33.5,4.84843e+09
39.5,33.6,4.89743e+09
39.5,33.7,4.94678e+09
39.5,33.8,4.99647e+09
39.5,33.9,5.04651e+09
39.5,34,5.0969e+09
39.5,34.1,5.14764e+09
39.5,34.2,5.19873e+09
39.5,34.3,5.25018e+09
39.5,34.4,5.30198e+09
39.5,34.5,5.35413e+09
39.5,34.6,5.40665e+09
39.5,34.7,5.45952e+09
39.5,34.8,5.51276e+09
39.5,34.9,5.56635e+09
39.5,35,5.62032e+09
39.5,35.1,5.67464e+09
39.5,35.2,5.72934e+09
39.5,35.3,5.7844e+09
39.5,35.4,5.83983e+09
39.5,35.5,5.89563e+09
39.5,35.6,5.95181e+09
39.5,35.7,6.00836e+09
39.5,35.8,6.06529e+09
39.5,35.9,6.12259e+09
39.5,36,6.18028e+09
39.5,36.1,6.23834e+09
39.5,36.2,6.29679e+09
39.5,36.3,6.35562e+09
39.5,36.4,6.41484e+09
39.5,36.5,6.47444e+09
39.5,36.6,6.53444e+09
39.5,36.7,6.59482e+09
39.5,36.8,6.65559e+09
39.5,36.9,6.71676e+09
39.5,37,6.77832e+09
39.5,37.1,6.84028e+09
39.5,37.2,6.90263e+09
39.5,37.3,6.96539e+09
39.5,37.4,7.02855e+09
39.5,37.5,7.0921e+09
39.5,37.6,7.15607e+09
39.5,37.7,7.22044e+09
39.5,37.8,7.28521e+09
39.5,37.9,7.3504e+09
39.5,38,7.41599e+09
39.5,38.1,7.482e+09
39.5,38.2,7.54842e+09
39.5,38.3,7.61526e+09
39.5,38.4,7.68252e+09
39.5,38.5,7.75019e+09
39.5,38.6,7.81828e+09
39.5,38.7,7.8868e+09
39.5,38.8,7.95574e+09
39.5,38.9,8.0251e+09
39.5,39,8.09489e+09
39.5,39.1,8.16511e+09
39.5,39.2,8.23576e+09
39.5,39.3,8.30684e+09
39.5,39.4,8.37835e+09
39.5,39.5,8.4503e+09
39.5,39.6,8.49721e+09
39.5,39.7,8.54432e+09
39.5,39.8,8.59162e+09
39.5,39.9,8.63912e+09
39.6,20,5.18816e+08
39.6,20.1,5.33812e+08
39.6,20.2,5.49071e+08
39.6,20.3,5.64595e+08
39.6,20.4,5.80386e+08
39.6,20.5,5.96446e+08
39.6,20.6,6.12777e+08
39.6,20.7,6.29382e+08
39.6,20.8,6.46261e+08
39.6,20.9,6.63418e+08
39.6,21,6.80854e+08
39.6,21.1,6.98572e+08
39.6,21.2,7.16574e+08
39.6,21.3,7.34862e+08
39.6,21.4,7.53437e+08
39.6,21.5,7.72303e+08
39.6,21.6,7.91461e+08
39.6,21.7,8.10914e+08
39.6,21.8,8.30662e+08
39.6,21.9,8.5071e+08
39.6,22,8.71059e+08
39.6,22.1,8.91711e+08
39.6,22.2,9.12668e+08
39.6,22.3,9.33932e+08
39.6,22.4,9.55506e+08
39.6,22.5,9.77392e+08
39.6,22.6,9.99592e+08
39.6,22.7,1.02211e+09
39.6,22.8,1.04494e+09
39.6,22.9,1.0681e+09
39.6,23,1.09158e+09
39.6,23.1,1.11538e+09
39.6,23.2,1.13951e+09
39.6,23.3,1.16397e+09
39.6,23.4,1.18877e+09
39.6,23.5,1.2139e+09
39.6,23.6,1.23936e+09
39.6,23.7,1.26516e+09
39.6,23.8,1.29131e+09
39.6,23.9,1.31779e+09
39.6,24,1.34463e+09
39.6,24.1,1.37181e+09
39.6,24.2,1.39934e+09
39.6,24.3,1.42723e+09
39.6,24.4,1.45546e+09
39.6,24.5,1.48406e+09
39.6,24.6,1.51302e+09
39.6,24.7,1.54234e+09
39.6,24.8,1.57202e+09
39.6,24.9,1.60207e+09
39.6,25,1.63249e+09
39.6,25.1,1.66328e+09
39.6,25.2,1.69444e+09
39.6,25.3,1.72598e+09
39.6,25.4,1.7579e+09
39.6,25.5,1.7902e+09
39.6,25.6,1.82289e+09
39.6,25.7,1.85596e+09
39.6,25.8,1.88942e+09
39.6,25.9,1.92326e+09
39.6,26,1.95751e+09
39.6,26.1,1.99214e+09
39.6,26.2,2.02718e+09
39.6,26.3,2.06262e+09
39.6,26.4,2.09846e+09
39.6,26.5,2.1347e+09
39.6,26.6,2.17135e+09
39.6,26.7,2.20842e+09
39.6,26.8,2.24589e+09
39.6,26.9,2.28379e+09
39.6,27,2.3221e+09
39.6,27.1,2.36083e+09
39.6,27.2,2.39998e+09
39.6,27.3,2.43956e+09
39.6,27.4,2.44012e+09
39.6,27.5,2.51039e+09
39.6,27.6,2.54148e+09
39.6,27.7,2.57283e+09
39.6,27.8,2.60444e+09
39.6,27.9,2.63632e+09
39.6,28,2.66846e+09
39.6,28.1,2.70087e+09
39.6,28.2,2.73355e+09
39.6,28.3,2.7665e+09
39.6,28.4,2.79972e+09
39.6,28.5,2.83321e+09
39.6,28.6,2.86698e+09
39.6,28.7,2.90102e+09
39.6,28.8,2.93534e+09
39.6,28.9,2.96994e+09
39.6,29,3.00481e+09
39.6,29.1,3.03997e+09
39.6,29.2,3.07541e+09
39.6,29.3,3.11113e+09
39.6,29.4,3.14714e+09
39.6,29.5,3.18343e+09
39.6,29.6,3.22001e+09
39.6,29.7,3.25688e+09
39.6,29.8,3.29403e+09
39.6,29.9,3.33148e+09
39.6,30,3.36923e+09
39.6,30.1,3.40726e+09
39.6,30.2,3.44559e+09
39.6,30.3,3.48422e+09
39.6,30.4,3.52315e+09
39.6,30.5,3.56237e+09
39.6,30.6,3.6019e+09
39.6,30.7,3.64173e+09
39.6,30.8,3.68187e+09
39.6,30.9,3.7223e+09
39.6,31,3.76305e+09
39.6,31.1,3.8041e+09
39.6,31.2,3.84546e+09
39.6,31.3,3.88714e+09
39.6,31.4,3.92912e+09
39.6,31.5,3.97142e+09
39.6,31.6,4.01403e+09
39.6,31.7,4.05696e+09
39.6,31.8,4.10021e+09
39.6,31.9,4.14378e+09
39.6,32,4.18767e+09
39.6,32.1,4.23187e+09
39.6,32.2,4.27641e+09
39.6,32.3,4.32126e+09
39.6,32.4,4.36645e+09
39.6,32.5,4.41196e+09
39.6,32.6,4.4578e+09
39.6,32.7,4.50397e+09
39.6,32.8,4.55048e+09
39.6,32.9,4.59731e+09
39.6,33,4.64449e+09
39.6,33.1,4.69199e+09
39.6,33.2,4.73984e+09
39.6,33.3,4.78803e+09
39.6,33.4,4.83655e+09
39.6,33.5,4.88542e+09
39.6,33.6,4.93463e+09
39.6,33.7,4.98419e+09
39.6,33.8,5.0341e+09
39.6,33.9,5.08435e+09
39.6,34,5.13495e+09
39.6,34.1,5.1859e+09
39.6,34.2,5.23721e+09
39.6,34.3,5.28887e+09
39.6,34.4,5.34089e+09
39.6,34.5,5.39326e+09
39.6,34.6,5.44599e+09
39.6,34.7,5.49908e+09
39.6,34.8,5.55253e+09
39.6,34.9,5.60635e+09
39.6,35,5.66053e+09
39.6,35.1,5.71508e+09
39.6,35.2,5.76999e+09
39.6,35.3,5.82527e+09
39.6,35.4,5.88093e+09
39.6,35.5,5.93695e+09
39.6,35.6,5.99335e+09
39.6,35.7,6.05013e+09
39.6,35.8,6.10728e+09
39.6,35.9,6.16481e+09
39.6,36,6.22272e+09
39.6,36.1,6.28101e+09
39.6,36.2,6.33969e+09
39.6,36.3,6.39875e+09
39.6,36.4,6.45819e+09
39.6,36.5,6.51802e+09
39.6,36.6,6.57825e+09
39.6,36.7,6.63886e+09
39.6,36.8,6.69986e+09
39.6,36.9,6.76126e+09
39.6,37,6.82305e+09
39.6,37.1,6.88524e+09
39.6,37.2,6.94783e+09
39.6,37.3,7.01082e+09
39.6,37.4,7.07421e+09
39.6,37.5,7.13801e+09
39.6,37.6,7.20221e+09
39.6,37.7,7.26681e+09
39.6,37.8,7.33183e+09
39.6,37.9,7.39725e+09
39.6,38,7.46308e+09
39.6,38.1,7.52933e+09
39.6,38.2,7.59599e+09
39.6,38.3,7.66307e+09
39.6,38.4,7.73057e+09
39.6,38.5,7.79848e+09
39.6,38.6,7.86682e+09
39.6,38.7,7.93557e+09
39.6,38.8,8.00475e+09
39.6,38.9,8.07436e+09
39.6,39,8.1444e+09
39.6,39.1,8.21486e+09
39.6,39.2,8.28576e+09
39.6,39.3,8.35708e+09
39.6,39.4,8.42884e+09
39.6,39.5,8.50104e+09
39.6,39.6,8.57367e+09
39.6,39.7,8.62102e+09
39.6,39.8,8.66857e+09
39.6,39.9,8.71631e+09
39.7,20,5.29893e+08
39.7,20.1,5.45056e+08
39.7,20.2,5.60482e+08
39.7,20.3,5.76174e+08
39.7,20.4,5.92134e+08
39.7,20.5,6.08363e+08
39.7,20.6,6.24864e+08
39.7,20.7,6.41639e+08
39.7,20.8,6.5869e+08
39.7,20.9,6.76019e+08
39.7,21,6.93629e+08
39.7,21.1,7.1152e+08
39.7,21.2,7.29696e+08
39.7,21.3,7.48159e+08
39.7,21.4,7.66911e+08
39.7,21.5,7.85953e+08
39.7,21.6,8.05289e+08
39.7,21.7,8.24919e+08
39.7,21.8,8.44847e+08
39.7,21.9,8.65075e+08
39.7,22,8.85604e+08
39.7,22.1,9.06437e+08
39.7,22.2,9.27576e+08
39.7,22.3,9.49023e+08
39.7,22.4,9.70781e+08
39.7,22.5,9.92851e+08
39.7,22.6,1.01524e+09
39.7,22.7,1.03794e+09
39.7,22.8,1.06096e+09
39.7,22.9,1.0843e+09
39.7,23,1.10797e+09
39.7,23.1,1.13196e+09
39.7,23.2,1.15628e+09
39.7,23.3,1.18094e+09
39.7,23.4,1.20592e+09
39.7,23.5,1.23124e+09
39.7,23.6,1.2569e+09
39.7,23.7,1.28289e+09
39.7,23.8,1.30923e+09
39.7,23.9,1.33591e+09
39.7,24,1.36294e+09
39.7,24.1,1.39032e+09
39.7,24.2,1.41805e+09
39.7,24.3,1.44613e+09
39.7,24.4,1.47457e+09
39.7,24.5,1.50337e+09
39.7,24.6,1.53252e+09
39.7,24.7,1.56204e+09
39.7,24.8,1.59193e+09
39.7,24.9,1.62218e+09
39.7,25,1.6528e+09
39.7,25.1,1.6838e+09
39.7,25.2,1.71517e+09
39.7,25.3,1.74692e+09
39.7,25.4,1.77904e+09
39.7,25.5,1.81155e+09
39.7,25.6,1.84444e+09
39.7,25.7,1.87772e+09
39.7,25.8,1.91139e+09
39.7,25.9,1.94545e+09
39.7,26,1.9799e+09
39.7,26.1,2.01475e+09
39.7,26.2,2.05e+09
39.7,26.3,2.08565e+09
39.7,26.4,2.12171e+09
39.7,26.5,2.15817e+09
39.7,26.6,2.19504e+09
39.7,26.7,2.23232e+09
39.7,26.8,2.27001e+09
39.7,26.9,2.30812e+09
39.7,27,2.34665e+09
39.7,27.1,2.3856e+09
39.7,27.2,2.42498e+09
39.7,27.3,2.46478e+09
39.7,27.4,2.46536e+09
39.7,27.5,2.53601e+09
39.7,27.6,2.56727e+09
39.7,27.7,2.5988e+09
39.7,27.8,2.63058e+09
39.7,27.9,2.66264e+09
39.7,28,2.69496e+09
39.7,28.1,2.72755e+09
39.7,28.2,2.76041e+09
39.7,28.3,2.79354e+09
39.7,28.4,2.82694e+09
39.7,28.5,2.86061e+09
39.7,28.6,2.89456e+09
39.7,28.7,2.92878e+09
39.7,28.8,2.96328e+09
39.7,28.9,2.99806e+09
39.7,29,3.03312e+09
39.7,29.1,3.06846e+09
39.7,29.2,3.10409e+09
39.7,29.3,3.13999e+09
39.7,29.4,3.17618e+09
39.7,29.5,3.21266e+09
39.7,29.6,3.24943e+09
39.7,29.7,3.28648e+09
39.7,29.8,3.32383e+09
39.7,29.9,3.36147e+09
39.7,30,3.3994e+09
39.7,30.1,3.43763e+09
39.7,30.2,3.47615e+09
39.7,30.3,3.51497e+09
39.7,30.4,3.55409e+09
39.7,30.5,3.59351e+09
39.7,30.6,3.63323e+09
39.7,30.7,3.67325e+09
39.7,30.8,3.71358e+09
39.7,30.9,3.75421e+09
39.7,31,3.79515e+09
39.7,31.1,3.8364e+09
39.7,31.2,3.87796e+09
39.7,31.3,3.91983e+09
39.7,31.4,3.96201e+09
39.7,31.5,4.00451e+09
39.7,31.6,4.04732e+09
39.7,31.7,4.09045e+09
39.7,31.8,4.1339e+09
39.7,31.9,4.17766e+09
39.7,32,4.22175e+09
39.7,32.1,4.26616e+09
39.7,32.2,4.3109e+09
39.7,32.3,4.35596e+09
39.7,32.4,4.40135e+09
39.7,32.5,4.44706e+09
39.7,32.6,4.49311e+09
39.7,32.7,4.53949e+09
39.7,32.8,4.5862e+09
39.7,32.9,4.63324e+09
39.7,33,4.68062e+09
39.7,33.1,4.72834e+09
39.7,33.2,4.77639e+09
39.7,33.3,4.82479e+09
39.7,33.4,4.87352e+09
39.7,33.5,4.9226e+09
39.7,33.6,4.97203e+09
39.7,33.7,5.02179e+09
39.7,33.8,5.07191e+09
39.7,33.9,5.12238e+09
39.7,34,5.17319e+09
39.7,34.1,5.22436e+09
39.7,34.2,5.27588e+09
39.7,34.3,5.32776e+09
39.7,34.4,5.37999e+09
39.7,34.5,5.43258e+09
39.7,34.6,5.48553e+09
39.7,34.7,5.53883e+09
39.7,34.8,5.59251e+09
39.7,34.9,5.64654e+09
39.7,35,5.70094e+09
39.7,35.1,5.75571e+09
39.7,35.2,5.81084e+09
39.7,35.3,5.86635e+09
39.7,35.4,5.92222e+09
39.7,35.5,5.97847e+09
39.7,35.6,6.0351e+09
39.7,35.7,6.0921e+09
39.7,35.8,6.14947e+09
39.7,35.9,6.20723e+09
39.7,36,6.26536e+09
39.7,36.1,6.32388e+09
39.7,36.2,6.38278e+09
39.7,36.3,6.44207e+09
39.7,36.4,6.50174e+09
39.7,36.5,6.56181e+09
39.7,36.6,6.62226e+09
39.7,36.7,6.6831e+09
39.7,36.8,6.74434e+09
39.7,36.9,6.80597e+09
39.7,37,6.86799e+09
39.7,37.1,6.93042e+09
39.7,37.2,6.99324e+09
39.7,37.3,7.05646e+09
39.7,37.4,7.12009e+09
39.7,37.5,7.18412e+09
39.7,37.6,7.24855e+09
39.7,37.7,7.3134e+09
39.7,37.8,7.37865e+09
39.7,37.9,7.44431e+09
39.7,38,7.51038e+09
39.7,38.1,7.57687e+09
39.7,38.2,7.64377e+09
39.7,38.3,7.71109e+09
39.7,38.4,7.77883e+09
39.7,38.5,7.84698e+09
39.7,38.6,7.91556e+09
39.7,38.7,7.98456e+09
39.7,38.8,8.05399e+09
39.7,38.9,8.12384e+09
39.7,39,8.19412e+09
39.7,39.1,8.26483e+09
39.7,39.2,8.33597e+09
39.7,39.3,8.40755e+09
39.7,39.4,8.47955e+09
39.7,39.5,8.552e+09
39.7,39.6,8.62488e+09
39.7,39.7,8.6982e+09
39.7,39.8,8.746e+09
39.7,39.9,8.79398e+09
39.8,20,5.41105e+08
39.8,20.1,5.56434e+08
39.8,20.2,5.72027e+08
39.8,20.3,5.87887e+08
39.8,20.4,6.04016e+08
39.8,20.5,6.20415e+08
39.8,20.6,6.37086e+08
39.8,20.7,6.54032e+08
39.8,20.8,6.71255e+08
39.8,20.9,6.88757e+08
39.8,21,7.0654e+08
39.8,21.1,7.24606e+08
39.8,21.2,7.42957e+08
39.8,21.3,7.61595e+08
39.8,21.4,7.80523e+08
39.8,21.5,7.99743e+08
39.8,21.6,8.19256e+08
39.8,21.7,8.39065e+08
39.8,21.8,8.59172e+08
39.8,21.9,8.7958e+08
39.8,22,9.0029e+08
39.8,22.1,9.21305e+08
39.8,22.2,9.42626e+08
39.8,22.3,9.64256e+08
39.8,22.4,9.86198e+08
39.8,22.5,1.00845e+09
39.8,22.6,1.03102e+09
39.8,22.7,1.05391e+09
39.8,22.8,1.07712e+09
39.8,22.9,1.10065e+09
39.8,23,1.12451e+09
39.8,23.1,1.14869e+09
39.8,23.2,1.1732e+09
39.8,23.3,1.19804e+09
39.8,23.4,1.22322e+09
39.8,23.5,1.24873e+09
39.8,23.6,1.27458e+09
39.8,23.7,1.30077e+09
39.8,23.8,1.3273e+09
39.8,23.9,1.35418e+09
39.8,24,1.38141e+09
39.8,24.1,1.40898e+09
39.8,24.2,1.43691e+09
39.8,24.3,1.46519e+09
39.8,24.4,1.49383e+09
39.8,24.5,1.52282e+09
39.8,24.6,1.55218e+09
39.8,24.7,1.5819e+09
39.8,24.8,1.61199e+09
39.8,24.9,1.64245e+09
39.8,25,1.67327e+09
39.8,25.1,1.70447e+09
39.8,25.2,1.73605e+09
39.8,25.3,1.768e+09
39.8,25.4,1.80034e+09
39.8,25.5,1.83305e+09
39.8,25.6,1.86615e+09
39.8,25.7,1.89964e+09
39.8,25.8,1.93352e+09
39.8,25.9,1.96779e+09
39.8,26,2.00246e+09
39.8,26.1,2.03752e+09
39.8,26.2,2.07298e+09
39.8,26.3,2.10885e+09
39.8,26.4,2.14512e+09
39.8,26.5,2.18179e+09
39.8,26.6,2.21888e+09
39.8,26.7,2.25638e+09
39.8,26.8,2.29429e+09
39.8,26.9,2.33262e+09
39.8,27,2.37137e+09
39.8,27.1,2.41054e+09
39.8,27.2,2.45014e+09
39.8,27.3,2.49016e+09
39.8,27.4,2.49076e+09
39.8,27.5,2.56179e+09
39.8,27.6,2.59323e+09
39.8,27.7,2.62493e+09
39.8,27.8,2.6569e+09
39.8,27.9,2.68913e+09
39.8,28,2.72163e+09
39.8,28.1,2.75439e+09
39.8,28.2,2.78743e+09
39.8,28.3,2.82074e+09
39.8,28.4,2.85432e+09
39.8,28.5,2.88818e+09
39.8,28.6,2.92231e+09
39.8,28.7,2.95671e+09
39.8,28.8,2.9914e+09
39.8,28.9,3.02636e+09
39.8,29,3.0616e+09
39.8,29.1,3.09713e+09
39.8,29.2,3.13294e+09
39.8,29.3,3.16903e+09
39.8,29.4,3.20541e+09
39.8,29.5,3.24207e+09
39.8,29.6,3.27903e+09
39.8,29.7,3.31627e+09
39.8,29.8,3.3538e+09
39.8,29.9,3.39163e+09
39.8,30,3.42975e+09
39.8,30.1,3.46817e+09
39.8,30.2,3.50688e+09
39.8,30.3,3.54589e+09
39.8,30.4,3.5852e+09
39.8,30.5,3.62482e+09
39.8,30.6,3.66473e+09
39.8,30.7,3.70495e+09
39.8,30.8,3.74547e+09
39.8,30.9,3.7863e+09
39.8,31,3.82743e+09
39.8,31.1,3.86888e+09
39.8,31.2,3.91063e+09
39.8,31.3,3.9527e+09
39.8,31.4,3.99508e+09
39.8,31.5,4.03778e+09
39.8,31.6,4.08079e+09
39.8,31.7,4.12412e+09
39.8,31.8,4.16777e+09
39.8,31.9,4.21173e+09
39.8,32,4.25602e+09
39.8,32.1,4.30064e+09
39.8,32.2,4.34558e+09
39.8,32.3,4.39084e+09
39.8,32.4,4.43643e+09
39.8,32.5,4.48235e+09
39.8,32.6,4.5286e+09
39.8,32.7,4.57519e+09
39.8,32.8,4.6221e+09
39.8,32.9,4.66936e+09
39.8,33,4.71694e+09
39.8,33.1,4.76487e+09
39.8,33.2,4.81313e+09
39.8,33.3,4.86174e+09
39.8,33.4,4.91068e+09
39.8,33.5,4.95997e+09
39.8,33.6,5.00961e+09
39.8,33.7,5.05959e+09
39.8,33.8,5.10992e+09
39.8,33.9,5.1606e+09
39.8,34,5.21163e+09
39.8,34.1,5.26301e+09
39.8,34.2,5.31474e+09
39.8,34.3,5.36684e+09
39.8,34.4,5.41928e+09
39.8,34.5,5.47209e+09
39.8,34.6,5.52526e+09
39.8,34.7,5.57878e+09
39.8,34.8,5.63267e+09
39.8,34.9,5.68693e+09
39.8,35,5.74155e+09
39.8,35.1,5.79654e+09
39.8,35.2,5.85189e+09
39.8,35.3,5.90762e+09
39.8,35.4,5.96372e+09
39.8,35.5,6.02019e+09
39.8,35.6,6.07704e+09
39.8,35.7,6.13426e+09
39.8,35.8,6.19187e+09
39.8,35.9,6.24985e+09
39.8,36,6.30821e+09
39.8,36.1,6.36695e+09
39.8,36.2,6.42608e+09
39.8,36.3,6.4856e+09
39.8,36.4,6.5455e+09
39.8,36.5,6.60579e+09
39.8,36.6,6.66647e+09
39.8,36.7,6.72755e+09
39.8,36.8,6.78902e+09
39.8,36.9,6.85088e+09
39.8,37,6.91314e+09
39.8,37.1,6.97579e+09
39.8,37.2,7.03885e+09
39.8,37.3,7.10231e+09
39.8,37.4,7.16617e+09
39.8,37.5,7.23044e+09
39.8,37.6,7.29511e+09
39.8,37.7,7.36019e+09
39.8,37.8,7.42568e+09
39.8,37.9,7.49158e+09
39.8,38,7.55789e+09
39.8,38.1,7.62462e+09
39.8,38.2,7.69176e+09
39.8,38.3,7.75932e+09
39.8,38.4,7.8273e+09
39.8,38.5,7.8957e+09
39.8,38.6,7.96452e+09
39.8,38.7,8.03376e+09
39.8,38.8,8.10343e+09
39.8,38.9,8.17353e+09
39.8,39,8.24406e+09
39.8,39.1,8.31501e+09
39.8,39.2,8.3864e+09
39.8,39.3,8.45822e+09
39.8,39.4,8.53048e+09
39.8,39.5,8.60318e+09
39.8,39.6,8.67631e+09
39.8,39.7,8.74988e+09
39.8,39.8,8.8239e+09
39.8,39.9,8.87213e+09
39.9,20,5.52449e+08
39.9,20.1,5.67946e+08
39.9,20.2,5.83707e+08
39.9,20.3,5.99736e+08
39.9,20.4,6.16034e+08
39.9,20.5,6.32603e+08
39.9,20.6,6.49445e+08
39.9,20.7,6.66563e+08
39.9,20.8,6.83958e+08
39.9,20.9,7.01633e+08
39.9,21,7.19589e+08
39.9,21.1,7.37829e+08
39.9,21.2,7.56356e+08
39.9,21.3,7.7517e+08
39.9,21.4,7.94275e+08
39.9,21.5,8.13672e+08
39.9,21.6,8.33364e+08
39.9,21.7,8.53352e+08
39.9,21.8,8.73639e+08
39.9,21.9,8.94227e+08
39.9,22,9.15118e+08
39.9,22.1,9.36315e+08
39.9,22.2,9.57819e+08
39.9,22.3,9.79633e+08
39.9,22.4,1.00176e+09
39.9,22.5,1.0242e+09
39.9,22.6,1.04696e+09
39.9,22.7,1.07003e+09
39.9,22.8,1.09343e+09
39.9,22.9,1.11715e+09
39.9,23,1.14119e+09
39.9,23.1,1.16556e+09
39.9,23.2,1.19026e+09
39.9,23.3,1.2153e+09
39.9,23.4,1.24066e+09
39.9,23.5,1.26637e+09
39.9,23.6,1.29241e+09
39.9,23.7,1.3188e+09
39.9,23.8,1.34553e+09
39.9,23.9,1.3726e+09
39.9,24,1.40002e+09
39.9,24.1,1.42779e+09
39.9,24.2,1.45592e+09
39.9,24.3,1.4844e+09
39.9,24.4,1.51324e+09
39.9,24.5,1.54243e+09
39.9,24.6,1.57199e+09
39.9,24.7,1.60192e+09
39.9,24.8,1.63221e+09
39.9,24.9,1.66287e+09
39.9,25,1.6939e+09
39.9,25.1,1.7253e+09
39.9,25.2,1.75709e+09
39.9,25.3,1.78925e+09
39.9,25.4,1.82179e+09
39.9,25.5,1.85471e+09
39.9,25.6,1.88802e+09
39.9,25.7,1.92172e+09
39.9,25.8,1.95581e+09
39.9,25.9,1.99029e+09
39.9,26,2.02517e+09
39.9,26.1,2.06045e+09
39.9,26.2,2.09612e+09
39.9,26.3,2.1322e+09
39.9,26.4,2.16869e+09
39.9,26.5,2.20558e+09
39.9,26.6,2.24289e+09
39.9,26.7,2.2806e+09
39.9,26.8,2.31873e+09
39.9,26.9,2.35728e+09
39.9,27,2.39625e+09
39.9,27.1,2.43565e+09
39.9,27.2,2.47546e+09
39.9,27.3,2.51571e+09
39.9,27.4,2.51633e+09
39.9,27.5,2.58774e+09
39.9,27.6,2.61935e+09
39.9,27.7,2.65123e+09
39.9,27.8,2.68338e+09
39.9,27.9,2.71579e+09
39.9,28,2.74846e+09
39.9,28.1,2.78141e+09
39.9,28.2,2.81463e+09
39.9,28.3,2.84811e+09
39.9,28.4,2.88188e+09
39.9,28.5,2.91591e+09
39.9,28.6,2.95022e+09
39.9,28.7,2.98481e+09
39.9,28.8,3.01968e+09
39.9,28.9,3.05483e+09
39.9,29,3.09025e+09
39.9,29.1,3.12596e+09
39.9,29.2,3.16196e+09
39.9,29.3,3.19824e+09
39.9,29.4,3.2348e+09
39.9,29.5,3.27165e+09
39.9,29.6,3.3088e+09
39.9,29.7,3.34623e+09
39.9,29.8,3.38395e+09
39.9,29.9,3.42197e+09
39.9,30,3.46028e+09
39.9,30.1,3.49889e+09
39.9,30.2,3.53779e+09
39.9,30.3,3.57699e+09
39.9,30.4,3.6165e+09
39.9,30.5,3.6563e+09
39.9,30.6,3.69641e+09
39.9,30.7,3.73682e+09
39.9,30.8,3.77754e+09
39.9,30.9,3.81856e+09
39.9,31,3.85989e+09
39.9,31.1,3.90154e+09
39.9,31.2,3.94349e+09
39.9,31.3,3.98575e+09
39.9,31.4,4.02833e+09
39.9,31.5,4.07123e+09
39.9,31.6,4.11444e+09
39.9,31.7,4.15797e+09
39.9,31.8,4.20182e+09
39.9,31.9,4.24599e+09
39.9,32,4.29048e+09
39.9,32.1,4.3353e+09
39.9,32.2,4.38044e+09
39.9,32.3,4.42591e+09
39.9,32.4,4.4717e+09
39.9,32.5,4.51783e+09
39.9,32.6,4.56429e+09
39.9,32.7,4.61108e+09
39.9,32.8,4.6582e+09
39.9,32.9,4.70566e+09
39.9,33,4.75345e+09
39.9,33.1,4.80159e+09
39.9,33.2,4.85006e+09
39.9,33.3,4.89887e+09
39.9,33.4,4.94803e+09
39.9,33.5,4.99753e+09
39.9,33.6,5.04738e+09
39.9,33.7,5.09757e+09
39.9,33.8,5.14812e+09
39.9,33.9,5.19901e+09
39.9,34,5.25025e+09
39.9,34.1,5.30185e+09
39.9,34.2,5.3538e+09
39.9,34.3,5.40611e+09
39.9,34.4,5.45877e+09
39.9,34.5,5.5118e+09
39.9,34.6,5.56518e+09
39.9,34.7,5.61893e+09
39.9,34.8,5.67304e+09
39.9,34.9,5.72751e+09
39.9,35,5.78235e+09
39.9,35.1,5.83756e+09
39.9,35.2,5.89314e+09
39.9,35.3,5.94909e+09
39.9,35.4,6.00541e+09
39.9,35.5,6.06211e+09
39.9,35.6,6.11918e+09
39.9,35.7,6.17663e+09
39.9,35.8,6.23446e+09
39.9,35.9,6.29267e+09
39.9,36,6.35126e+09
39.9,36.1,6.41023e+09
39.9,36.2,6.46959e+09
39.9,36.3,6.52933e+09
39.9,36.4,6.58946e+09
39.9,36.5,6.64998e+09
39.9,36.6,6.7109e+09
39.9,36.7,6.7722e+09
39.9,36.8,6.8339e+09
39.9,36.9,6.89599e+09
39.9,37,6.95849e+09
39.9,37.1,7.02138e+09
39.9,37.2,7.08467e+09
39.9,37.3,7.14836e+09
39.9,37.4,7.21246e+09
39.9,37.5,7.27696e+09
39.9,37.6,7.34187e+09
39.9,37.7,7.40719e+09
39.9,37.8,7.47292e+09
39.9,37.9,7.53906e+09
39.9,38,7.60561e+09
39.9,38.1,7.67258e+09
39.9,38.2,7.73996e+09
39.9,38.3,7.80776e+09
39.9,38.4,7.87598e+09
39.9,38.5,7.94462e+09
39.9,38.6,8.01369e+09
39.9,38.7,8.08318e+09
39.9,38.8,8.15309e+09
39.9,38.9,8.22344e+09
39.9,39,8.29421e+09
39.9,39.1,8.36541e+09
39.9,39.2,8.43705e+09
39.9,39.3,8.50912e+09
39.9,39.4,8.58163e+09
39.9,39.5,8.65457e+09
39.9,39.6,8.72795e+09
39.9,39.7,8.80178e+09
39.9,39.8,8.87604e+09
39.9,39.9,8.95075e+09
